,Curve_idx,Dataset_idx,Learner_idx,Learner_name,Model,SMAPE,MAE,MSE,Cutoff_idx,Cutoff_percentage,Train_points,Test_points,curve_idx,SMAPE_rank,MAE_rank,MSE_rank,Average_rank
0,5,226,9,RidgeClassifier,LC-PFN,32.83940255641937,0.1902838796377182,0.0547660216689109,25,0.1,25,74,1,4.0,4.0,3.0,3.6666666666666665
1,5,226,9,RidgeClassifier,MMF4,31.35285995671613,0.1862733464974061,0.0546133970409381,25,0.1,25,74,1,2.0,2.0,2.0,2.0
2,5,226,9,RidgeClassifier,WBL4,31.9081076960801,0.1887891427902606,0.056393164703217,25,0.1,25,74,1,3.0,3.0,4.0,3.3333333333333335
3,5,226,9,RidgeClassifier,POW4,29.31837628140891,0.1765742363807241,0.0479382946561933,25,0.1,25,74,1,1.0,1.0,1.0,1.0
4,1,14,18,KNN,LC-PFN,0.9161006659269332,0.0175966918468475,0.0003999028122052,25,0.1,25,41,2,1.0,1.0,1.0,1.0
5,1,14,18,KNN,MMF4,1.0156256007032456,0.0195104524875838,0.0005334348332538,25,0.1,25,41,2,2.0,2.0,2.0,2.0
6,1,14,18,KNN,WBL4,2.659614390079911,0.0499989511811867,0.0030301498944136,25,0.1,25,41,2,3.0,3.0,3.0,3.0
7,1,14,18,KNN,POW4,3.0172104540189992,0.0553128395347967,0.0034454899047535,25,0.1,25,41,2,4.0,4.0,4.0,4.0
8,12,236,7,PassiveAggressive,LC-PFN,1.4063015580177307,0.0178162474185228,0.0004887920222245,25,0.1,25,30,3,1.0,1.0,1.0,1.0
9,12,236,7,PassiveAggressive,MMF4,1.6211807258883035,0.0204565663281686,0.000637668710344,25,0.1,25,30,3,3.0,3.0,3.0,3.0
10,12,236,7,PassiveAggressive,WBL4,1.8334239628643592,0.0230987935529772,0.0008189607123926,25,0.1,25,30,3,4.0,4.0,4.0,4.0
11,12,236,7,PassiveAggressive,POW4,1.5939802476860614,0.0201309059888976,0.000614668614153,25,0.1,25,30,3,2.0,2.0,2.0,2.0
12,3,183,19,NearestCentroid,LC-PFN,8.907739818096161,0.0281346663832664,0.0009577943128533,25,0.1,25,81,4,3.0,3.0,3.0,3.0
13,3,183,19,NearestCentroid,MMF4,27.576500584761632,0.0717896640890537,0.007010132957936,25,0.1,25,81,4,4.0,4.0,4.0,4.0
14,3,183,19,NearestCentroid,WBL4,5.999723295136937,0.0197887367885971,0.0004479836588994,25,0.1,25,81,4,2.0,2.0,2.0,2.0
15,3,183,19,NearestCentroid,POW4,5.999723292922377,0.0197887367813005,0.0004479836588294,25,0.1,25,81,4,1.0,1.0,1.0,1.0
16,8,206,19,NearestCentroid,LC-PFN,1.1523576453328133,0.0212804805487394,0.0004915678291581,25,0.1,25,49,5,4.0,4.0,4.0,4.0
17,8,206,19,NearestCentroid,MMF4,0.7042245240126637,0.0127470626640126,0.0001757003097797,25,0.1,25,49,5,1.0,1.0,1.0,1.0
18,8,206,19,NearestCentroid,WBL4,0.9454908491525704,0.0170701565200976,0.0003118132985522,25,0.1,25,49,5,3.0,3.0,3.0,3.0
19,8,206,19,NearestCentroid,POW4,0.7226373825489791,0.0132937742356594,0.0002017442491205,25,0.1,25,49,5,2.0,2.0,2.0,2.0
20,2,157,20,ens.ExtraTrees,LC-PFN,0.4819993861019611,0.0093276519328355,0.000111021057819,25,0.1,25,26,6,2.0,2.0,2.0,2.0
21,2,157,20,ens.ExtraTrees,MMF4,0.5534242327160276,0.0106332270909886,0.0001417058511547,25,0.1,25,26,6,3.0,3.0,3.0,3.0
22,2,157,20,ens.ExtraTrees,WBL4,0.6320488994243881,0.0121321908819247,0.0001778152237299,25,0.1,25,26,6,4.0,4.0,4.0,4.0
23,2,157,20,ens.ExtraTrees,POW4,0.3055955203558356,0.0059225114359734,3.88032629073367e-05,25,0.1,25,26,6,1.0,1.0,1.0,1.0
24,9,248,19,NearestCentroid,LC-PFN,0.2597756450995803,0.0041713486425578,3.1235340429702774e-05,25,0.1,25,34,7,1.0,1.0,1.0,1.0
25,9,248,19,NearestCentroid,MMF4,1.1114481756052326,0.0175623677364718,0.0003649433176347,25,0.1,25,34,7,3.0,3.0,3.0,3.0
26,9,248,19,NearestCentroid,WBL4,1.3757971207857205,0.0216732858983914,0.0005406920576437,25,0.1,25,34,7,4.0,4.0,4.0,4.0
27,9,248,19,NearestCentroid,POW4,0.3978665857754067,0.0063613194590426,4.3641710620199225e-05,25,0.1,25,34,7,2.0,2.0,2.0,2.0
28,11,139,2,SVC_rbf,LC-PFN,0.5682751070708036,0.0100529007613658,0.0001328952930634,25,0.1,25,25,8,4.0,4.0,4.0,4.0
29,11,139,2,SVC_rbf,MMF4,0.1100097010518036,0.0019298332497133,4.053960201990616e-06,25,0.1,25,25,8,3.0,3.0,3.0,3.0
30,11,139,2,SVC_rbf,WBL4,0.0933032560955658,0.0016370554504805,3.028292204650848e-06,25,0.1,25,25,8,1.0,1.0,1.0,1.0
31,11,139,2,SVC_rbf,POW4,0.1047255776991206,0.001837245951049,3.662955816428309e-06,25,0.1,25,25,8,2.0,2.0,2.0,2.0
32,14,2,6,LogisticRegression,LC-PFN,0.525604235008359,0.0091478824615478,0.0001247351465281,25,0.1,25,15,9,3.0,3.0,3.0,3.0
33,14,2,6,LogisticRegression,MMF4,0.1544741644769311,0.0026719956481373,1.1088666911503825e-05,25,0.1,25,15,9,2.0,2.0,2.0,2.0
34,14,2,6,LogisticRegression,WBL4,0.1408430547736901,0.0024357354434754,9.188912129963867e-06,25,0.1,25,15,9,1.0,1.0,1.0,1.0
35,14,2,6,LogisticRegression,POW4,1.0811946575764413,0.0189004742947983,0.0003748431559272,25,0.1,25,15,9,4.0,4.0,4.0,4.0
36,13,248,11,MLP,LC-PFN,0.8006452582776546,0.0130445715039968,0.0001896729954751,25,0.1,25,34,10,2.0,2.0,2.0,2.0
37,13,248,11,MLP,MMF4,4.53727526561691,0.0711342280455122,0.0055895569718761,25,0.1,25,34,10,4.0,4.0,4.0,4.0
38,13,248,11,MLP,WBL4,4.379301636705429,0.0687738484633276,0.0052807268894597,25,0.1,25,34,10,3.0,3.0,3.0,3.0
39,13,248,11,MLP,POW4,0.4490101924200302,0.0073180990356528,6.208332623973543e-05,25,0.1,25,34,10,1.0,1.0,1.0,1.0
40,4,162,17,GaussianNB,LC-PFN,1.018266286700964,0.0200704652816057,0.0004037608159705,25,0.1,25,26,11,4.0,4.0,4.0,4.0
41,4,162,17,GaussianNB,MMF4,0.2956990969936263,0.0058707598095697,3.547003721002543e-05,25,0.1,25,26,11,2.0,2.0,2.0,2.0
42,4,162,17,GaussianNB,WBL4,0.3818142538909007,0.007573810985197,5.853618326680008e-05,25,0.1,25,26,11,3.0,3.0,3.0,3.0
43,4,162,17,GaussianNB,POW4,0.0939322366359067,0.0018657357412068,6.667904906308489e-06,25,0.1,25,26,11,1.0,1.0,1.0,1.0
44,10,162,22,ens.GradientBoosting,LC-PFN,0.9476890787482262,0.0186652336269617,0.0003517563454806,25,0.1,25,26,12,4.0,4.0,4.0,4.0
45,10,162,22,ens.GradientBoosting,MMF4,0.4780649508485956,0.0094607635860004,9.297430840374135e-05,25,0.1,25,26,12,3.0,3.0,3.0,3.0
46,10,162,22,ens.GradientBoosting,WBL4,0.4312389324280385,0.0085382825559562,7.668182280283375e-05,25,0.1,25,26,12,2.0,2.0,2.0,2.0
47,10,162,22,ens.GradientBoosting,POW4,0.0909543635771693,0.0018049947567641,5.613104653198543e-06,25,0.1,25,26,12,1.0,1.0,1.0,1.0
48,15,150,2,SVC_rbf,LC-PFN,0.1467416994273662,0.0024774770718067,9.889569810184184e-06,25,0.1,25,6,13,4.0,4.0,4.0,4.0
49,15,150,2,SVC_rbf,MMF4,2.0930809755883218e-07,3.542137028134107e-09,1.2653213935308072e-17,25,0.1,25,6,13,1.0,1.0,1.0,1.0
50,15,150,2,SVC_rbf,WBL4,0.0016356503142454,2.7680694471621248e-05,7.757404308598258e-10,25,0.1,25,6,13,3.0,3.0,3.0,3.0
51,15,150,2,SVC_rbf,POW4,6.245754043795155e-06,1.0569738297568541e-07,1.1592175089491387e-14,25,0.1,25,6,13,2.0,2.0,2.0,2.0
52,7,77,10,SGDClassifier,LC-PFN,0.9902910329401492,0.0119049716740846,0.0002029149909503,25,0.1,25,21,14,1.0,1.0,1.0,1.0
53,7,77,10,SGDClassifier,MMF4,1.2932368213249117,0.0156052425779292,0.0003591031911552,25,0.1,25,21,14,3.0,3.0,3.0,3.0
54,7,77,10,SGDClassifier,WBL4,8.505990008420032,0.1128934474003261,0.0146506444355915,25,0.1,25,21,14,4.0,4.0,4.0,4.0
55,7,77,10,SGDClassifier,POW4,1.1654906963213565,0.0140264461887341,0.0002975085090892,25,0.1,25,21,14,2.0,2.0,2.0,2.0
56,0,260,5,ExtraTree,LC-PFN,1.0397158563137054,0.0131372530013322,0.0001949722063727,25,0.1,25,66,15,2.0,2.0,2.0,2.0
57,0,260,5,ExtraTree,MMF4,0.3361252655634346,0.0041860735647645,2.9073378201048723e-05,25,0.1,25,66,15,1.0,1.0,1.0,1.0
58,0,260,5,ExtraTree,WBL4,1.2863027365169226,0.0162414408343802,0.0002922733627308,25,0.1,25,66,15,4.0,4.0,4.0,4.0
59,0,260,5,ExtraTree,POW4,1.2863027266177454,0.0162414407075809,0.0002922733585985,25,0.1,25,66,15,3.0,3.0,3.0,3.0
60,22,165,1,SVC_poly,LC-PFN,0.986671820282936,0.0190413370728492,0.0003628390259109,25,0.1,25,107,16,4.0,4.0,4.0,4.0
61,22,165,1,SVC_poly,MMF4,0.0290099159467819,0.0005544825316096,3.078385606280728e-07,25,0.1,25,107,16,2.0,2.0,2.0,2.0
62,22,165,1,SVC_poly,WBL4,0.0039407588020121,7.529705191364486e-05,5.669646029763245e-09,25,0.1,25,107,16,1.0,1.0,1.0,1.0
63,22,165,1,SVC_poly,POW4,0.1356221315041086,0.0025950121777493,6.782120571944997e-06,25,0.1,25,107,16,3.0,3.0,3.0,3.0
64,16,188,2,SVC_rbf,LC-PFN,1.2311208993196487,0.0199297126382589,0.0005173602257855,25,0.1,25,40,17,1.0,1.0,1.0,1.0
65,16,188,2,SVC_rbf,MMF4,2.231329810874467,0.0356706499453836,0.0016555896388715,25,0.1,25,40,17,3.0,3.0,3.0,3.0
66,16,188,2,SVC_rbf,WBL4,2.295603736690241,0.0366684088912956,0.0017326579364465,25,0.1,25,40,17,4.0,4.0,4.0,4.0
67,16,188,2,SVC_rbf,POW4,1.9101026972231168,0.0306647475482273,0.0012960800550506,25,0.1,25,40,17,2.0,2.0,2.0,2.0
68,18,48,7,PassiveAggressive,LC-PFN,0.8587446995079517,0.0132083399221301,0.0002595480182208,25,0.1,25,75,18,1.0,1.0,1.0,1.0
69,18,48,7,PassiveAggressive,MMF4,2.5361267886321617,0.0381171103601739,0.0016310021048105,25,0.1,25,75,18,3.0,3.0,3.0,3.0
70,18,48,7,PassiveAggressive,WBL4,2.775131966589494,0.0416017865873548,0.0019199712982672,25,0.1,25,75,18,4.0,4.0,4.0,4.0
71,18,48,7,PassiveAggressive,POW4,2.516600029606661,0.0378316518372754,0.0016084983620094,25,0.1,25,75,18,2.0,2.0,2.0,2.0
72,23,157,14,BernoulliNB,LC-PFN,1.3609927147626877,0.0254221688956022,0.0006659765494987,25,0.1,25,26,19,4.0,4.0,4.0,4.0
73,23,157,14,BernoulliNB,MMF4,1.6471126915322715e-06,3.033531225788293e-08,1.145804210556616e-15,25,0.1,25,26,19,2.0,2.0,2.0,2.0
74,23,157,14,BernoulliNB,WBL4,4.9083723199416805e-09,9.039879955707876e-11,8.1719429613609e-21,25,0.1,25,26,19,1.0,1.0,1.0,1.0
75,23,157,14,BernoulliNB,POW4,1.76502335345962e-05,3.250691178159092e-07,1.2624237460906094e-13,25,0.1,25,26,19,3.0,3.0,3.0,3.0
76,25,258,14,BernoulliNB,LC-PFN,3.3583443611860275,0.0476095452904701,0.0027999507728964,25,0.1,25,103,20,4.0,4.0,4.0,4.0
77,25,258,14,BernoulliNB,MMF4,0.2964662120047595,0.0040399255605635,1.901405879563393e-05,25,0.1,25,103,20,1.0,1.0,1.0,1.0
78,25,258,14,BernoulliNB,WBL4,0.3784647708635413,0.0051205304952011,2.6458460988549823e-05,25,0.1,25,103,20,2.0,2.0,2.0,2.0
79,25,258,14,BernoulliNB,POW4,0.4195324533797212,0.0057278001688868,3.890608952055092e-05,25,0.1,25,103,20,3.0,3.0,3.0,3.0
80,27,136,17,GaussianNB,LC-PFN,0.3611404448747635,0.0070720990188419,5.523602521861904e-05,25,0.1,25,52,21,1.0,1.0,1.0,1.0
81,27,136,17,GaussianNB,MMF4,0.5954132878513422,0.0117904470201247,0.0001761460982275,25,0.1,25,52,21,3.0,3.0,3.0,3.0
82,27,136,17,GaussianNB,WBL4,0.7011660633915262,0.0138925680044723,0.0002209853347146,25,0.1,25,52,21,4.0,4.0,4.0,4.0
83,27,136,17,GaussianNB,POW4,0.4582125729703115,0.0090616193674344,0.0001205234515752,25,0.1,25,52,21,2.0,2.0,2.0,2.0
84,21,128,8,Perceptron,LC-PFN,0.4945109132677316,0.0097004687413573,0.0001064508178387,25,0.1,25,29,22,3.0,3.0,3.0,3.0
85,21,128,8,Perceptron,MMF4,0.2768717590181584,0.0054444541523982,3.578102914323593e-05,25,0.1,25,29,22,1.0,1.0,1.0,1.0
86,21,128,8,Perceptron,WBL4,0.2818260205272939,0.0055415770636395,3.695558971390382e-05,25,0.1,25,29,22,2.0,2.0,2.0,2.0
87,21,128,8,Perceptron,POW4,0.5020204205933126,0.0098469733113086,0.0001102954318832,25,0.1,25,29,22,4.0,4.0,4.0,4.0
88,19,60,6,LogisticRegression,LC-PFN,1.244998164474964,0.0245937705039978,0.0006048546638339,25,0.1,25,2,23,4.0,4.0,4.0,4.0
89,19,60,6,LogisticRegression,MMF4,0.0432674222155429,0.0008649717236886,7.531111203842168e-07,25,0.1,25,2,23,2.0,2.0,2.0,2.0
90,19,60,6,LogisticRegression,WBL4,0.0398095362224604,0.0007958733837665,6.344279952326569e-07,25,0.1,25,2,23,1.0,1.0,1.0,1.0
91,19,60,6,LogisticRegression,POW4,0.6306218298270719,0.0125333982511505,0.0001570860717219,25,0.1,25,2,23,3.0,3.0,3.0,3.0
92,29,193,7,PassiveAggressive,LC-PFN,14.2379030585289,0.0333950147032737,0.0011536409147083,25,0.1,25,87,24,4.0,4.0,4.0,4.0
93,29,193,7,PassiveAggressive,MMF4,8.595760301702905,0.0149073201739998,0.0003895376102627,25,0.1,25,87,24,3.0,3.0,3.0,3.0
94,29,193,7,PassiveAggressive,WBL4,0.3100191310594937,0.0006208367838666,6.294392089863543e-07,25,0.1,25,87,24,2.0,2.0,2.0,2.0
95,29,193,7,PassiveAggressive,POW4,0.3100191299295159,0.0006208367815942,6.294392054925802e-07,25,0.1,25,87,24,1.0,1.0,1.0,1.0
96,20,130,1,SVC_poly,LC-PFN,1.1039361357688904,0.0199914947152137,0.0004363034968264,25,0.1,25,44,25,4.0,4.0,4.0,4.0
97,20,130,1,SVC_poly,MMF4,0.0462571899800496,0.0008271921600097,7.540751706525584e-07,25,0.1,25,44,25,3.0,3.0,3.0,3.0
98,20,130,1,SVC_poly,WBL4,0.0432116330962639,0.0007727562106476,6.565382742733403e-07,25,0.1,25,44,25,2.0,2.0,2.0,2.0
99,20,130,1,SVC_poly,POW4,0.0231335357862535,0.0004137787903673,2.137467241669053e-07,25,0.1,25,44,25,1.0,1.0,1.0,1.0
100,32,253,16,ComplementNB,LC-PFN,13.733555376529694,0.065602421760559,0.0045903720892965,25,0.1,25,47,26,4.0,3.0,3.0,3.3333333333333335
101,32,253,16,ComplementNB,MMF4,2.0265368929837027,0.0113574185027189,0.0001704692737155,25,0.1,25,47,26,1.0,1.0,1.0,1.0
102,32,253,16,ComplementNB,WBL4,5.061652715560353,0.0274531599003308,0.0009762667702368,25,0.1,25,47,26,2.0,2.0,2.0,2.0
103,32,253,16,ComplementNB,POW4,10.66966034497188,0.0707796506004884,0.0064651397428066,25,0.1,25,47,26,3.0,4.0,4.0,3.6666666666666665
104,30,20,11,MLP,LC-PFN,1.0990814305841925,0.0150685012340545,0.0003689188160933,25,0.1,25,18,27,4.0,4.0,4.0,4.0
105,30,20,11,MLP,MMF4,0.5618576169441369,0.0076050443086369,0.0001233087224446,25,0.1,25,18,27,2.0,2.0,2.0,2.0
106,30,20,11,MLP,WBL4,0.5977219660149743,0.0080941870905411,0.0001158003605142,25,0.1,25,18,27,3.0,3.0,1.0,2.3333333333333335
107,30,20,11,MLP,POW4,0.5548333559292341,0.0075089893787847,0.0001280846804375,25,0.1,25,18,27,1.0,1.0,3.0,1.6666666666666667
108,28,103,7,PassiveAggressive,LC-PFN,0.6923911161720753,0.0128989657387137,0.0002742982469499,25,0.1,25,22,28,1.0,1.0,1.0,1.0
109,28,103,7,PassiveAggressive,MMF4,2.3555069795487174,0.0433902458262157,0.0020251844509726,25,0.1,25,22,28,3.0,3.0,3.0,3.0
110,28,103,7,PassiveAggressive,WBL4,3.0323208466283136,0.0554750986936378,0.0032903576840732,25,0.1,25,22,28,4.0,4.0,4.0,4.0
111,28,103,7,PassiveAggressive,POW4,0.9102808696656756,0.0168693660538148,0.0004633106449657,25,0.1,25,22,28,2.0,2.0,2.0,2.0
112,26,194,6,LogisticRegression,LC-PFN,20.239701867103577,0.0808300897479057,0.0065747862681746,25,0.1,25,80,29,4.0,4.0,4.0,4.0
113,26,194,6,LogisticRegression,MMF4,8.16193869544786,0.0366109842697353,0.0014429812995031,25,0.1,25,80,29,2.0,2.0,2.0,2.0
114,26,194,6,LogisticRegression,WBL4,8.163757458285742,0.0366184816183839,0.0014435303326759,25,0.1,25,80,29,3.0,3.0,3.0,3.0
115,26,194,6,LogisticRegression,POW4,7.316018285108453,0.0330957426488937,0.0011939700596485,25,0.1,25,80,29,1.0,1.0,1.0,1.0
116,34,254,1,SVC_poly,LC-PFN,8.630041778087616,0.0768122225999832,0.0060234488919377,25,0.1,25,68,30,1.0,1.0,1.0,1.0
117,34,254,1,SVC_poly,MMF4,12.604606844084817,0.1109772093940585,0.015073287058993,25,0.1,25,68,30,3.0,3.0,3.0,3.0
118,34,254,1,SVC_poly,WBL4,12.815136307953082,0.1125825636514792,0.0154881375501541,25,0.1,25,68,30,4.0,4.0,4.0,4.0
119,34,254,1,SVC_poly,POW4,11.902973498890416,0.1055930401264868,0.0138046541735779,25,0.1,25,68,30,2.0,2.0,2.0,2.0
120,24,191,3,SVC_sigmoid,LC-PFN,5.547769740223885,0.0321767926216125,0.0021828070748597,25,0.1,25,3,31,1.0,1.0,3.0,1.6666666666666667
121,24,191,3,SVC_sigmoid,MMF4,6.232353483586075,0.0366900182337033,0.0013552847163207,25,0.1,25,3,31,2.0,2.0,1.0,1.6666666666666667
122,24,191,3,SVC_sigmoid,WBL4,12.19402381367746,0.0786388988524611,0.0076042613816982,25,0.1,25,3,31,4.0,4.0,4.0,4.0
123,24,191,3,SVC_sigmoid,POW4,7.081643108235605,0.0420559221229296,0.0020857425615763,25,0.1,25,3,31,3.0,3.0,2.0,2.6666666666666665
124,33,5,3,SVC_sigmoid,LC-PFN,23.756229877471924,0.0876493379473686,0.010482563637197,25,0.1,25,29,32,1.0,1.0,1.0,1.0
125,33,5,3,SVC_sigmoid,MMF4,28.20535703982488,0.0994052941456865,0.0128757592695787,25,0.1,25,29,32,4.0,4.0,4.0,4.0
126,33,5,3,SVC_sigmoid,WBL4,27.7788925949979,0.0983261302113467,0.0126623746475788,25,0.1,25,29,32,2.0,2.0,2.0,2.0
127,33,5,3,SVC_sigmoid,POW4,27.77889266421372,0.0983261303868212,0.012662374681625,25,0.1,25,29,32,3.0,3.0,3.0,3.0
128,31,44,15,MultinomialNB,LC-PFN,0.7573804352432489,0.0118784205988049,0.0001448557450203,25,0.1,25,6,33,4.0,4.0,4.0,4.0
129,31,44,15,MultinomialNB,MMF4,0.2224359845904667,0.0035103357574748,1.6798047180048443e-05,25,0.1,25,6,33,1.0,1.0,1.0,1.0
130,31,44,15,MultinomialNB,WBL4,0.3440815905426167,0.0054218905480576,3.51061105442291e-05,25,0.1,25,6,33,3.0,3.0,3.0,3.0
131,31,44,15,MultinomialNB,POW4,0.2426220324103253,0.0038278908000837,1.928351989750377e-05,25,0.1,25,6,33,2.0,2.0,2.0,2.0
132,38,179,9,RidgeClassifier,LC-PFN,0.6920736748725176,0.0131999654695391,0.0001898768095998,25,0.1,25,51,34,2.0,2.0,2.0,2.0
133,38,179,9,RidgeClassifier,MMF4,1.090869865110339,0.0212730652249957,0.0005226870996049,25,0.1,25,51,34,3.0,3.0,3.0,3.0
134,38,179,9,RidgeClassifier,WBL4,0.4229955335782301,0.008094095660963,8.187111365980276e-05,25,0.1,25,51,34,1.0,1.0,1.0,1.0
135,38,179,9,RidgeClassifier,POW4,2.58670983978542,0.0469168146331987,0.0032029777120662,25,0.1,25,51,34,4.0,4.0,4.0,4.0
136,37,130,11,MLP,LC-PFN,2.3813527077436447,0.039149735122919,0.0021528168581426,25,0.1,25,44,35,4.0,4.0,4.0,4.0
137,37,130,11,MLP,MMF4,1.541864461032722,0.0248623512208638,0.0010023605686108,25,0.1,25,44,35,2.0,2.0,2.0,2.0
138,37,130,11,MLP,WBL4,1.5392750021760853,0.024819849605605,0.0009988484586577,25,0.1,25,44,35,1.0,1.0,1.0,1.0
139,37,130,11,MLP,POW4,1.6313688811069718,0.0263358976255024,0.0011363106136157,25,0.1,25,44,35,3.0,3.0,3.0,3.0
140,40,111,19,NearestCentroid,LC-PFN,0.9291650727391244,0.0117601156234741,0.0001469669077778,25,0.1,25,21,36,2.0,2.0,2.0,2.0
141,40,111,19,NearestCentroid,MMF4,0.9668449693937848,0.012358185587254,0.0002510251723316,25,0.1,25,21,36,3.0,3.0,3.0,3.0
142,40,111,19,NearestCentroid,WBL4,1.4415703638455315,0.01829247649715,0.00048537545115,25,0.1,25,21,36,4.0,4.0,4.0,4.0
143,40,111,19,NearestCentroid,POW4,0.4937542674471414,0.0063540367452534,7.268607148168986e-05,25,0.1,25,21,36,1.0,1.0,1.0,1.0
144,41,110,15,MultinomialNB,LC-PFN,0.6810731720179319,0.0104598961770534,0.0001431088749086,25,0.1,25,29,37,4.0,4.0,4.0,4.0
145,41,110,15,MultinomialNB,MMF4,5.467709575340234e-08,8.323069015601397e-10,7.061190906828827e-19,25,0.1,25,29,37,1.0,1.0,1.0,1.0
146,41,110,15,MultinomialNB,WBL4,0.0009471989919731,1.4418623580831364e-05,2.2839121980500983e-10,25,0.1,25,29,37,3.0,3.0,3.0,3.0
147,41,110,15,MultinomialNB,POW4,3.4225984116518185e-07,5.209955386649375e-09,4.062886641630994e-17,25,0.1,25,29,37,2.0,2.0,2.0,2.0
148,42,127,5,ExtraTree,LC-PFN,0.5419188179075718,0.0102237835526466,0.0001162155967904,25,0.1,25,43,38,1.0,1.0,1.0,1.0
149,42,127,5,ExtraTree,MMF4,1.5989441739480568,0.0296085233717776,0.0009486435810557,25,0.1,25,43,38,3.0,3.0,3.0,3.0
150,42,127,5,ExtraTree,WBL4,1.8060547193923613,0.0333704931525503,0.0011947955901551,25,0.1,25,43,38,4.0,4.0,4.0,4.0
151,42,127,5,ExtraTree,POW4,0.6885002802568317,0.0128799419600325,0.0001973343342467,25,0.1,25,43,38,2.0,2.0,2.0,2.0
152,44,243,22,ens.GradientBoosting,LC-PFN,0.7786025293171406,0.0113679943606257,0.0001601727708475,25,0.1,25,41,39,1.0,1.0,1.0,1.0
153,44,243,22,ens.GradientBoosting,MMF4,8.843907426078555,0.1442805260666248,0.0256363853869037,25,0.1,25,41,39,3.0,3.0,3.0,3.0
154,44,243,22,ens.GradientBoosting,WBL4,10.467198090150664,0.1745361513123074,0.0375029054558443,25,0.1,25,41,39,4.0,4.0,4.0,4.0
155,44,243,22,ens.GradientBoosting,POW4,4.756038354006418,0.0740860629201339,0.0072585590576668,25,0.1,25,41,39,2.0,2.0,2.0,2.0
156,45,251,10,SGDClassifier,LC-PFN,3.7532977759838095,0.059341050684452,0.0042756828479468,25,0.1,25,47,40,2.0,2.0,2.0,2.0
157,45,251,10,SGDClassifier,MMF4,6.914260360779909,0.1059759981745691,0.0146569216581606,25,0.1,25,47,40,3.0,3.0,3.0,3.0
158,45,251,10,SGDClassifier,WBL4,8.493825558365067,0.1278170126215248,0.0208091939994042,25,0.1,25,47,40,4.0,4.0,4.0,4.0
159,45,251,10,SGDClassifier,POW4,2.2580927803134525,0.036778193159883,0.0019654606578259,25,0.1,25,47,40,1.0,1.0,1.0,1.0
160,49,34,14,BernoulliNB,LC-PFN,1.623489148914814,0.0229240320622921,0.0006855902029201,25,0.1,25,42,41,4.0,4.0,4.0,4.0
161,49,34,14,BernoulliNB,MMF4,0.5405681855423975,0.0074237277058288,6.409828575546663e-05,25,0.1,25,42,41,1.0,1.0,1.0,1.0
162,49,34,14,BernoulliNB,WBL4,0.5735373616988059,0.0078735086973018,7.171851279202037e-05,25,0.1,25,42,41,2.0,2.0,2.0,2.0
163,49,34,14,BernoulliNB,POW4,0.7225788797067629,0.0100412338377814,0.0001026174245667,25,0.1,25,42,41,3.0,3.0,3.0,3.0
164,43,66,12,LDA,LC-PFN,7.081951946020126,0.0795904994010925,0.006593192461878,25,0.1,25,21,42,4.0,4.0,4.0,4.0
165,43,66,12,LDA,MMF4,6.54196408645977,0.0741021380512141,0.006240771319061,25,0.1,25,21,42,3.0,3.0,3.0,3.0
166,43,66,12,LDA,WBL4,5.978577803685506,0.0681320634532262,0.0053916224811631,25,0.1,25,21,42,1.0,1.0,1.0,1.0
167,43,66,12,LDA,POW4,5.97857785775405,0.0681320640290866,0.0053916225566302,25,0.1,25,21,42,2.0,2.0,2.0,2.0
168,50,238,16,ComplementNB,LC-PFN,5.993326753377914,0.0778104737401008,0.0075780418701469,25,0.1,25,70,43,1.0,1.0,1.0,1.0
169,50,238,16,ComplementNB,MMF4,18.358736981748443,0.2810192307295778,0.093869785870154,25,0.1,25,70,43,3.0,3.0,3.0,3.0
170,50,238,16,ComplementNB,WBL4,20.12568217406336,0.3136912725298684,0.1135436103375812,25,0.1,25,70,43,4.0,4.0,4.0,4.0
171,50,238,16,ComplementNB,POW4,11.147846244753822,0.1572451670018139,0.0330012803477344,25,0.1,25,70,43,2.0,2.0,2.0,2.0
172,47,141,8,Perceptron,LC-PFN,2.6338959112763405,0.0312390867620706,0.0018306040437892,25,0.1,25,48,44,1.0,1.0,1.0,1.0
173,47,141,8,Perceptron,MMF4,3.020507143034701,0.035625126598313,0.0021312333165866,25,0.1,25,48,44,3.0,3.0,3.0,3.0
174,47,141,8,Perceptron,WBL4,3.0334488929129013,0.0357767538723661,0.002141776764054,25,0.1,25,48,44,4.0,4.0,4.0,4.0
175,47,141,8,Perceptron,POW4,2.8170221116051497,0.0332221172122894,0.0019650998916779,25,0.1,25,48,44,2.0,2.0,2.0,2.0
176,46,10,6,LogisticRegression,LC-PFN,1.6652211546897888,0.0257227625697851,0.0007697257678955,25,0.1,25,29,45,2.0,2.0,2.0,2.0
177,46,10,6,LogisticRegression,MMF4,4.574275372589878,0.0684515137538505,0.0055421621595703,25,0.1,25,29,45,3.0,3.0,3.0,3.0
178,46,10,6,LogisticRegression,WBL4,5.068850675689675,0.0754384060807458,0.0067076711348408,25,0.1,25,29,45,4.0,4.0,4.0,4.0
179,46,10,6,LogisticRegression,POW4,1.4959765031028447,0.0233011094970244,0.0007616425883059,25,0.1,25,29,45,1.0,1.0,1.0,1.0
180,52,252,1,SVC_poly,LC-PFN,31.16633892059326,0.1808209121227264,0.0440972782671451,25,0.1,25,45,46,4.0,4.0,4.0,4.0
181,52,252,1,SVC_poly,MMF4,19.143128945975004,0.1311347304350328,0.033025714149674,25,0.1,25,45,46,2.0,2.0,2.0,2.0
182,52,252,1,SVC_poly,WBL4,19.325658781145357,0.1320177601985493,0.0332585135384845,25,0.1,25,45,46,3.0,3.0,3.0,3.0
183,52,252,1,SVC_poly,POW4,16.510001543348125,0.1178963730912139,0.0290965329118931,25,0.1,25,45,46,1.0,1.0,1.0,1.0
184,48,71,12,LDA,LC-PFN,1.116220746189356,0.0212949719280004,0.000461731251562,25,0.1,25,37,47,2.0,2.0,2.0,2.0
185,48,71,12,LDA,MMF4,1.1900915010730182,0.0221993476572749,0.000513784713638,25,0.1,25,37,47,4.0,4.0,4.0,4.0
186,48,71,12,LDA,WBL4,1.1419486684139606,0.0213120898039967,0.0004771302788823,25,0.1,25,37,47,3.0,3.0,3.0,3.0
187,48,71,12,LDA,POW4,0.3751312751323981,0.0070524135954325,6.00517050860223e-05,25,0.1,25,37,47,1.0,1.0,1.0,1.0
188,54,227,6,LogisticRegression,LC-PFN,17.173174023628235,0.0930369868874549,0.0097003802657127,25,0.1,25,68,48,4.0,4.0,4.0,4.0
189,54,227,6,LogisticRegression,MMF4,9.25161148165345,0.0579825922731883,0.0057946467298734,25,0.1,25,68,48,2.0,2.0,2.0,2.0
190,54,227,6,LogisticRegression,WBL4,11.758160238329252,0.0711718613900214,0.0087892159287253,25,0.1,25,68,48,3.0,3.0,3.0,3.0
191,54,227,6,LogisticRegression,POW4,5.2748449329362685,0.0332046294982603,0.0013932070521228,25,0.1,25,68,48,1.0,1.0,1.0,1.0
192,56,235,0,SVC_linear,LC-PFN,4.579704254865646,0.0832311064004898,0.008088051341474,25,0.1,25,39,49,3.0,3.0,3.0,3.0
193,56,235,0,SVC_linear,MMF4,2.509238233155993,0.0443297573911744,0.0029523453693683,25,0.1,25,39,49,2.0,2.0,2.0,2.0
194,56,235,0,SVC_linear,WBL4,2.4068654903254663,0.0424537678318382,0.0027489229880307,25,0.1,25,39,49,1.0,1.0,1.0,1.0
195,56,235,0,SVC_linear,POW4,4.882522261841848,0.089249842354889,0.009310099906798,25,0.1,25,39,49,4.0,4.0,4.0,4.0
196,51,2,9,RidgeClassifier,LC-PFN,0.3305232618004083,0.0057208100333809,5.839068762725219e-05,25,0.1,25,15,50,3.0,3.0,3.0,3.0
197,51,2,9,RidgeClassifier,MMF4,0.1249844725283551,0.0021567741684101,1.0231963440255e-05,25,0.1,25,15,50,2.0,2.0,2.0,2.0
198,51,2,9,RidgeClassifier,WBL4,0.1233380396006913,0.0021280763084828,7.1397519739463314e-06,25,0.1,25,15,50,1.0,1.0,1.0,1.0
199,51,2,9,RidgeClassifier,POW4,0.6726301182373985,0.011689398325695,0.0001543359022098,25,0.1,25,15,50,4.0,4.0,4.0,4.0
200,57,97,6,LogisticRegression,LC-PFN,1.7301229760050774,0.0266680680215358,0.0009260205551981,25,0.1,25,53,51,3.0,3.0,3.0,3.0
201,57,97,6,LogisticRegression,MMF4,0.1935738842534142,0.0029069940200922,1.1617266173324212e-05,25,0.1,25,53,51,1.0,1.0,1.0,1.0
202,57,97,6,LogisticRegression,WBL4,0.7440740212217682,0.0111112840282636,0.0001410995107664,25,0.1,25,53,51,2.0,2.0,2.0,2.0
203,57,97,6,LogisticRegression,POW4,4.318852344352742,0.0685385775636944,0.0055795166643215,25,0.1,25,53,51,4.0,4.0,4.0,4.0
204,53,163,2,SVC_rbf,LC-PFN,1.7953889444470406,0.0332684554159641,0.0012487464118748,25,0.1,25,26,52,2.0,2.0,2.0,2.0
205,53,163,2,SVC_rbf,MMF4,1.086315579396978,0.0208976902622032,0.0005889416269487,25,0.1,25,26,52,1.0,1.0,1.0,1.0
206,53,163,2,SVC_rbf,WBL4,2.011018130222841,0.0387661950597227,0.00169638456124,25,0.1,25,26,52,3.0,3.0,4.0,3.3333333333333335
207,53,163,2,SVC_rbf,POW4,2.1444797622154903,0.0393117978478364,0.0016011552525424,25,0.1,25,26,52,4.0,4.0,3.0,3.6666666666666665
208,55,137,15,MultinomialNB,LC-PFN,0.7663988973945379,0.0125539731234312,0.0002792454324662,25,0.1,25,35,53,2.0,2.0,2.0,2.0
209,55,137,15,MultinomialNB,MMF4,0.6977613804002517,0.0111186918013175,0.000166713654531,25,0.1,25,35,53,1.0,1.0,1.0,1.0
210,55,137,15,MultinomialNB,WBL4,1.9614560877061544,0.0307565776655023,0.0012561355675709,25,0.1,25,35,53,3.0,3.0,3.0,3.0
211,55,137,15,MultinomialNB,POW4,3.22398619161988,0.0537675654536029,0.0035528179311559,25,0.1,25,35,53,4.0,4.0,4.0,4.0
212,39,47,18,KNN,LC-PFN,1.4610225334763527,0.0162371862679719,0.0004533536557573,25,0.1,25,103,54,1.0,1.0,1.0,1.0
213,39,47,18,KNN,MMF4,2.147318696593285,0.0241120073947605,0.000943785137618,25,0.1,25,103,54,2.0,2.0,2.0,2.0
214,39,47,18,KNN,WBL4,2.605823734529496,0.0290581555325238,0.0013729680649949,25,0.1,25,103,54,4.0,4.0,4.0,4.0
215,39,47,18,KNN,POW4,2.2185741066527087,0.0248838324198242,0.0010004382796646,25,0.1,25,103,54,3.0,3.0,3.0,3.0
216,58,221,0,SVC_linear,LC-PFN,0.172556156758219,0.0025644546840339,1.051797971740598e-05,25,0.1,25,22,55,1.0,1.0,1.0,1.0
217,58,221,0,SVC_linear,MMF4,1.1117438110208029,0.0163238381683299,0.0003238624982935,25,0.1,25,22,55,3.0,3.0,3.0,3.0
218,58,221,0,SVC_linear,WBL4,1.2392804548737302,0.0181689482506168,0.0004007623234217,25,0.1,25,22,55,4.0,4.0,4.0,4.0
219,58,221,0,SVC_linear,POW4,0.4491463607388842,0.0066551778916022,6.469275351787335e-05,25,0.1,25,22,55,2.0,2.0,2.0,2.0
220,59,141,11,MLP,LC-PFN,6.546405702829361,0.0883693993091583,0.0088340500369668,25,0.1,25,48,56,4.0,4.0,4.0,4.0
221,59,141,11,MLP,MMF4,5.54549202650011,0.0755691924217567,0.0064766811142225,25,0.1,25,48,56,2.0,2.0,2.0,2.0
222,59,141,11,MLP,WBL4,6.07078792074795,0.0823677245536725,0.0076816737498944,25,0.1,25,48,56,3.0,3.0,3.0,3.0
223,59,141,11,MLP,POW4,5.4005803358409565,0.073674605237001,0.0061669462316112,25,0.1,25,48,56,1.0,1.0,1.0,1.0
224,60,251,0,SVC_linear,LC-PFN,4.131780192255974,0.0667518749833107,0.0061025563627481,25,0.1,25,47,57,1.0,1.0,1.0,1.0
225,60,251,0,SVC_linear,MMF4,8.055796515343902,0.124139786173307,0.0205381531666902,25,0.1,25,47,57,3.0,3.0,3.0,3.0
226,60,251,0,SVC_linear,WBL4,8.864481733132498,0.1353108999302883,0.0241564136261248,25,0.1,25,47,57,4.0,4.0,4.0,4.0
227,60,251,0,SVC_linear,POW4,4.516948033144642,0.0728778737960439,0.0076917935882247,25,0.1,25,47,57,2.0,2.0,2.0,2.0
228,63,183,6,LogisticRegression,LC-PFN,6.627172976732254,0.0497492216527462,0.0029757113661617,25,0.1,25,81,58,1.0,1.0,2.0,1.3333333333333333
229,63,183,6,LogisticRegression,MMF4,6.986077284206116,0.0501797371073857,0.0027814404848147,25,0.1,25,81,58,2.0,2.0,1.0,1.6666666666666667
230,63,183,6,LogisticRegression,WBL4,8.841189034740204,0.0623254713186317,0.0042260718720935,25,0.1,25,81,58,3.0,3.0,3.0,3.0
231,63,183,6,LogisticRegression,POW4,10.285062183930004,0.0920296031075658,0.0108949809286911,25,0.1,25,81,58,4.0,4.0,4.0,4.0
232,65,68,8,Perceptron,LC-PFN,1.1714466847479343,0.0189764648675918,0.0005270641413517,25,0.1,25,52,59,1.0,1.0,1.0,1.0
233,65,68,8,Perceptron,MMF4,2.849383800829977,0.0453970235210752,0.0027401376048689,25,0.1,25,52,59,3.0,3.0,3.0,3.0
234,65,68,8,Perceptron,WBL4,3.3808204359472,0.0535128057434576,0.0036530512898959,25,0.1,25,52,59,4.0,4.0,4.0,4.0
235,65,68,8,Perceptron,POW4,2.137509521589197,0.0354991557115412,0.0017154726201882,25,0.1,25,52,59,2.0,2.0,2.0,2.0
236,61,135,18,KNN,LC-PFN,0.877444539219141,0.0168521292507648,0.0003311926848255,25,0.1,25,52,60,3.0,3.0,3.0,3.0
237,61,135,18,KNN,MMF4,1.1193144440626623,0.0217934104571258,0.0006582880693699,25,0.1,25,52,60,4.0,4.0,4.0,4.0
238,61,135,18,KNN,WBL4,0.3210385781008291,0.0062190515492527,8.369731190507118e-05,25,0.1,25,52,60,2.0,2.0,2.0,2.0
239,61,135,18,KNN,POW4,0.1106565463723858,0.0021266628111706,7.260336957134593e-06,25,0.1,25,52,60,1.0,1.0,1.0,1.0
240,62,39,6,LogisticRegression,LC-PFN,3.475553542375565,0.0420859828591346,0.0023044233676046,25,0.1,25,78,61,3.0,3.0,4.0,3.3333333333333335
241,62,39,6,LogisticRegression,MMF4,2.197357471855596,0.0260218188672903,0.0008904150255216,25,0.1,25,78,61,2.0,2.0,2.0,2.0
242,62,39,6,LogisticRegression,WBL4,2.036366268884135,0.0240970254511306,0.000726547772748,25,0.1,25,78,61,1.0,1.0,1.0,1.0
243,62,39,6,LogisticRegression,POW4,3.4770080581256178,0.0427381062936621,0.00204765641033,25,0.1,25,78,61,4.0,4.0,3.0,3.6666666666666665
244,68,209,11,MLP,LC-PFN,1.136987842619419,0.0114794736728072,0.0002139548305422,25,0.1,25,14,62,1.0,1.0,1.0,1.0
245,68,209,11,MLP,MMF4,1.713492388702586,0.0172023285915794,0.0004328145716318,25,0.1,25,14,62,4.0,4.0,4.0,4.0
246,68,209,11,MLP,WBL4,1.2780232090540564,0.0129119495732054,0.0002494352614558,25,0.1,25,14,62,2.0,2.0,2.0,2.0
247,68,209,11,MLP,POW4,1.278023598138764,0.0129119534356955,0.0002494354249623,25,0.1,25,14,62,3.0,3.0,3.0,3.0
248,66,96,4,Decision Tree,LC-PFN,2.2896796464920044,0.0347172319889068,0.0014655897393822,25,0.1,25,21,63,2.0,2.0,2.0,2.0
249,66,96,4,Decision Tree,MMF4,2.764356829968377,0.0417826623561225,0.0024268725186561,25,0.1,25,21,63,3.0,3.0,3.0,3.0
250,66,96,4,Decision Tree,WBL4,3.4019342850454533,0.0509931358682176,0.0034862614453676,25,0.1,25,21,63,4.0,4.0,4.0,4.0
251,66,96,4,Decision Tree,POW4,1.5407500542595889,0.0236720460405508,0.0008135755942187,25,0.1,25,21,63,1.0,1.0,1.0,1.0
252,67,11,9,RidgeClassifier,LC-PFN,3.964005038142204,0.0379311926662921,0.001661641173996,25,0.1,25,25,64,3.0,2.0,2.0,2.3333333333333335
253,67,11,9,RidgeClassifier,MMF4,3.911221517861037,0.0382164241515725,0.0016684316753754,25,0.1,25,25,64,2.0,3.0,3.0,2.6666666666666665
254,67,11,9,RidgeClassifier,WBL4,4.252438971078685,0.0413967193033016,0.0019436636552533,25,0.1,25,25,64,4.0,4.0,4.0,4.0
255,67,11,9,RidgeClassifier,POW4,0.7591638105191618,0.0076363531822965,7.525611545362004e-05,25,0.1,25,25,64,1.0,1.0,1.0,1.0
256,71,88,19,NearestCentroid,LC-PFN,0.3532224567607045,0.0057533620856702,4.123743565287441e-05,25,0.1,25,45,65,1.0,1.0,1.0,1.0
257,71,88,19,NearestCentroid,MMF4,0.7859608105127899,0.0126777349080674,0.0001699146969181,25,0.1,25,45,65,3.0,3.0,3.0,3.0
258,71,88,19,NearestCentroid,WBL4,1.175133480009893,0.0188920258435748,0.0003995069753722,25,0.1,25,45,65,4.0,4.0,4.0,4.0
259,71,88,19,NearestCentroid,POW4,0.7224687937355057,0.0116576586317398,0.0001422069432434,25,0.1,25,45,65,2.0,2.0,2.0,2.0
260,69,203,7,PassiveAggressive,LC-PFN,1.0952822864055634,0.0147767774760723,0.0002567247720435,25,0.1,25,36,66,1.0,1.0,1.0,1.0
261,69,203,7,PassiveAggressive,MMF4,2.9262209127915906,0.0393537969247719,0.0017296264289529,25,0.1,25,36,66,3.0,3.0,3.0,3.0
262,69,203,7,PassiveAggressive,WBL4,3.3546953798999475,0.0449135422057778,0.0022749874898771,25,0.1,25,36,66,4.0,4.0,4.0,4.0
263,69,203,7,PassiveAggressive,POW4,2.816992242800628,0.0379276152527797,0.0016024031523632,25,0.1,25,36,66,2.0,2.0,2.0,2.0
264,72,81,8,Perceptron,LC-PFN,1.876595802605152,0.0187495611608028,0.0004866142699029,25,0.1,25,30,67,4.0,4.0,4.0,4.0
265,72,81,8,Perceptron,MMF4,1.0408043785686614,0.0105458794934676,0.0001670178697098,25,0.1,25,30,67,3.0,3.0,3.0,3.0
266,72,81,8,Perceptron,WBL4,0.8421361484867049,0.0085564625853063,0.0001204003776259,25,0.1,25,30,67,2.0,2.0,2.0,2.0
267,72,81,8,Perceptron,POW4,0.8421361484515786,0.0085564625849466,0.0001204003776185,25,0.1,25,30,67,1.0,1.0,1.0,1.0
268,73,168,8,Perceptron,LC-PFN,1.2440361082553864,0.0245749875903129,0.0006039472064003,25,0.1,25,103,68,4.0,4.0,4.0,4.0
269,73,168,8,Perceptron,MMF4,0.0004622055120593,9.243533116117798e-06,1.154154599639149e-09,25,0.1,25,103,68,2.0,2.0,2.0,2.0
270,73,168,8,Perceptron,WBL4,4.103140687498873e-06,8.206264760496513e-08,3.322891995791993e-13,25,0.1,25,103,68,1.0,1.0,1.0,1.0
271,73,168,8,Perceptron,POW4,0.6378373864136994,0.0126758961237338,0.0001606783425396,25,0.1,25,103,68,3.0,3.0,3.0,3.0
272,70,134,0,SVC_linear,LC-PFN,1.7156504094600675,0.0308589525520801,0.0016299843555316,25,0.1,25,40,69,4.0,4.0,4.0,4.0
273,70,134,0,SVC_linear,MMF4,1.670169108499014,0.0297198654004217,0.0011846335563633,25,0.1,25,40,69,3.0,3.0,3.0,3.0
274,70,134,0,SVC_linear,WBL4,1.406188190788205,0.0250286004053194,0.0010081141662708,25,0.1,25,40,69,1.0,1.0,1.0,1.0
275,70,134,0,SVC_linear,POW4,1.4061881939660177,0.0250286004620835,0.0010081141672944,25,0.1,25,40,69,2.0,2.0,2.0,2.0
276,75,89,7,PassiveAggressive,LC-PFN,1.3579386286437511,0.0208181831985712,0.0007412593113258,25,0.1,25,47,70,1.0,1.0,2.0,1.3333333333333333
277,75,89,7,PassiveAggressive,MMF4,2.1557603153960523,0.032404386297932,0.0013756511693301,25,0.1,25,47,70,4.0,4.0,4.0,4.0
278,75,89,7,PassiveAggressive,WBL4,2.010336673369519,0.0302748315633821,0.0012296241589827,25,0.1,25,47,70,3.0,3.0,3.0,3.0
279,75,89,7,PassiveAggressive,POW4,1.520841208440247,0.0231180800145267,0.0006913450847854,25,0.1,25,47,70,2.0,2.0,1.0,1.6666666666666667
280,74,133,21,ens.RandomForest,LC-PFN,1.1669761501252651,0.0220989845693111,0.0007171531906351,25,0.1,25,29,71,3.0,3.0,3.0,3.0
281,74,133,21,ens.RandomForest,MMF4,0.293454218421059,0.0055313441389126,4.103560293287033e-05,25,0.1,25,29,71,1.0,1.0,1.0,1.0
282,74,133,21,ens.RandomForest,WBL4,0.6921043085131467,0.0134681475419997,0.0002798394109968,25,0.1,25,29,71,2.0,2.0,2.0,2.0
283,74,133,21,ens.RandomForest,POW4,1.42745353014486,0.0269012159642187,0.0009072155580679,25,0.1,25,29,71,4.0,4.0,4.0,4.0
284,76,91,9,RidgeClassifier,LC-PFN,0.8025657385587692,0.013631553389132,0.0002455133362673,25,0.1,25,56,72,4.0,4.0,4.0,4.0
285,76,91,9,RidgeClassifier,MMF4,0.281914469499718,0.0047444963290982,2.3838839560125757e-05,25,0.1,25,56,72,2.0,2.0,2.0,2.0
286,76,91,9,RidgeClassifier,WBL4,0.2239369405304462,0.0037543715521998,2.0000541787891574e-05,25,0.1,25,56,72,1.0,1.0,1.0,1.0
287,76,91,9,RidgeClassifier,POW4,0.3717519314687451,0.0062645088383782,4.180198479351195e-05,25,0.1,25,56,72,3.0,3.0,3.0,3.0
288,77,221,4,Decision Tree,LC-PFN,0.3136274870485067,0.0045070243068039,3.3673193684080616e-05,25,0.1,25,22,73,2.0,2.0,2.0,2.0
289,77,221,4,Decision Tree,MMF4,0.6745993502746837,0.0097034629770915,0.0001286811709188,25,0.1,25,22,73,3.0,3.0,3.0,3.0
290,77,221,4,Decision Tree,WBL4,0.8288030361245778,0.0118972194237492,0.0001832855582948,25,0.1,25,22,73,4.0,4.0,4.0,4.0
291,77,221,4,Decision Tree,POW4,0.2791486052303812,0.0040316216838576,2.12733154039011e-05,25,0.1,25,22,73,1.0,1.0,1.0,1.0
292,78,141,6,LogisticRegression,LC-PFN,1.1106799356639383,0.0179456770420074,0.0004931011353619,25,0.1,25,48,74,2.0,2.0,2.0,2.0
293,78,141,6,LogisticRegression,MMF4,1.2133247756949768,0.0196116692113948,0.0005354066514036,25,0.1,25,48,74,3.0,3.0,3.0,3.0
294,78,141,6,LogisticRegression,WBL4,0.8007532196154848,0.0128614164953663,0.0002279002050384,25,0.1,25,48,74,1.0,1.0,1.0,1.0
295,78,141,6,LogisticRegression,POW4,1.2525394764739408,0.0202587746391739,0.000573810407953,25,0.1,25,48,74,4.0,4.0,4.0,4.0
296,80,112,17,GaussianNB,LC-PFN,1.1199789121747017,0.0157302916049957,0.0003377410757821,25,0.1,25,46,75,4.0,4.0,4.0,4.0
297,80,112,17,GaussianNB,MMF4,0.0048382127650603,6.693226282747257e-05,4.479927836777262e-09,25,0.1,25,46,75,1.0,1.0,1.0,1.0
298,80,112,17,GaussianNB,WBL4,0.2540177902741464,0.0035228832824614,1.2410706621849122e-05,25,0.1,25,46,75,3.0,3.0,3.0,3.0
299,80,112,17,GaussianNB,POW4,0.2540174476118753,0.0035228785180967,1.2410673053267682e-05,25,0.1,25,46,75,2.0,2.0,2.0,2.0
300,64,72,8,Perceptron,LC-PFN,1.7841193825006485,0.0192292127758264,0.0006000907160341,25,0.1,25,51,76,1.0,1.0,1.0,1.0
301,64,72,8,Perceptron,MMF4,1.931334797336286,0.0210598063446208,0.0008220070353108,25,0.1,25,51,76,2.0,2.0,2.0,2.0
302,64,72,8,Perceptron,WBL4,2.207241797047259,0.0239933357936963,0.0014138039895605,25,0.1,25,51,76,3.0,3.0,4.0,3.3333333333333335
303,64,72,8,Perceptron,POW4,2.3018813034709407,0.0252216445030789,0.0008920844247391,25,0.1,25,51,76,4.0,4.0,3.0,3.6666666666666665
304,81,86,11,MLP,LC-PFN,3.066170960664749,0.0512182228267192,0.0036980602890253,25,0.1,25,45,77,1.0,1.0,1.0,1.0
305,81,86,11,MLP,MMF4,4.854464924826149,0.0792040196299365,0.008498801302254,25,0.1,25,45,77,3.0,3.0,3.0,3.0
306,81,86,11,MLP,WBL4,5.235256099267922,0.0850089508436811,0.0096559837305105,25,0.1,25,45,77,4.0,4.0,4.0,4.0
307,81,86,11,MLP,POW4,3.14374840774298,0.0525161536321217,0.0040950592768775,25,0.1,25,45,77,2.0,2.0,2.0,2.0
308,82,86,19,NearestCentroid,LC-PFN,1.211567036807537,0.0180603265762329,0.0004616722872015,25,0.1,25,45,78,4.0,4.0,4.0,4.0
309,82,86,19,NearestCentroid,MMF4,0.6995529687336208,0.0101610475629422,0.0001139030204366,25,0.1,25,45,78,2.0,2.0,2.0,2.0
310,82,86,19,NearestCentroid,WBL4,0.8656911355360156,0.0125514741834789,0.0001714773500473,25,0.1,25,45,78,3.0,3.0,3.0,3.0
311,82,86,19,NearestCentroid,POW4,0.1750127703181689,0.0025635485095563,7.575502985573484e-06,25,0.1,25,45,78,1.0,1.0,1.0,1.0
312,84,200,10,SGDClassifier,LC-PFN,3.2725103199481964,0.0444640032947063,0.003255012910813,25,0.1,25,66,79,4.0,4.0,4.0,4.0
313,84,200,10,SGDClassifier,MMF4,2.661639077840554,0.0358140884627277,0.0023066732139336,25,0.1,25,66,79,2.0,2.0,2.0,2.0
314,84,200,10,SGDClassifier,WBL4,2.6527509317100235,0.0356922439087406,0.0023003369940912,25,0.1,25,66,79,1.0,1.0,1.0,1.0
315,84,200,10,SGDClassifier,POW4,3.086950007087334,0.0417400432757646,0.0028463376835249,25,0.1,25,66,79,3.0,3.0,3.0,3.0
316,79,143,1,SVC_poly,LC-PFN,0.1685261726379394,0.002708655083552,1.237612286786316e-05,25,0.1,25,13,80,1.0,1.0,1.0,1.0
317,79,143,1,SVC_poly,MMF4,0.3369566514030487,0.0054354391843152,3.201265115599982e-05,25,0.1,25,13,80,2.0,2.0,2.0,2.0
318,79,143,1,SVC_poly,WBL4,0.5030081655014988,0.0081283142387195,6.853814534565368e-05,25,0.1,25,13,80,4.0,4.0,4.0,4.0
319,79,143,1,SVC_poly,POW4,0.5030081423089279,0.0081283138619754,6.853813921370637e-05,25,0.1,25,13,80,3.0,3.0,3.0,3.0
320,87,52,8,Perceptron,LC-PFN,2.330307289958,0.0364888943731784,0.0015182101633399,25,0.1,25,25,81,2.0,2.0,2.0,2.0
321,87,52,8,Perceptron,MMF4,2.983382758865914,0.0466549430051754,0.0028409808072315,25,0.1,25,25,81,3.0,3.0,3.0,3.0
322,87,52,8,Perceptron,WBL4,4.324292193110833,0.0665162686664591,0.0056928669707142,25,0.1,25,25,81,4.0,4.0,4.0,4.0
323,87,52,8,Perceptron,POW4,0.6624059360217963,0.0107932282998984,0.0001773943271225,25,0.1,25,25,81,1.0,1.0,1.0,1.0
324,86,154,19,NearestCentroid,LC-PFN,2.68919300287962,0.0279680248349905,0.0010702369036152,25,0.1,25,61,82,4.0,4.0,4.0,4.0
325,86,154,19,NearestCentroid,MMF4,0.5973747981084594,0.0060510811790988,6.013703168674719e-05,25,0.1,25,61,82,1.0,1.0,1.0,1.0
326,86,154,19,NearestCentroid,WBL4,0.6222016663776008,0.0063035298200981,6.520693399487908e-05,25,0.1,25,61,82,3.0,3.0,3.0,3.0
327,86,154,19,NearestCentroid,POW4,0.6222016662992392,0.0063035298192998,6.520693397387231e-05,25,0.1,25,61,82,2.0,2.0,2.0,2.0
328,89,74,5,ExtraTree,LC-PFN,0.4975853487849235,0.0071194875054061,7.053498848108575e-05,25,0.1,25,34,83,1.0,1.0,1.0,1.0
329,89,74,5,ExtraTree,MMF4,2.151815470331692,0.0302391880208326,0.0012555791561341,25,0.1,25,34,83,4.0,4.0,4.0,4.0
330,89,74,5,ExtraTree,WBL4,1.953354916127194,0.0275249372509617,0.00106850339438,25,0.1,25,34,83,3.0,3.0,3.0,3.0
331,89,74,5,ExtraTree,POW4,1.9061900820387,0.0268767230252253,0.0010128751910252,25,0.1,25,34,83,2.0,2.0,2.0,2.0
332,91,104,10,SGDClassifier,LC-PFN,1.1048998683691025,0.0183074325323104,0.0003786272136494,25,0.1,25,64,84,1.0,1.0,1.0,1.0
333,91,104,10,SGDClassifier,MMF4,3.17043739789169,0.0539611889387982,0.0032856675225318,25,0.1,25,64,84,3.0,3.0,3.0,3.0
334,91,104,10,SGDClassifier,WBL4,2.522072444250124,0.0424488104041608,0.0019492070281492,25,0.1,25,64,84,2.0,2.0,2.0,2.0
335,91,104,10,SGDClassifier,POW4,3.713182887718242,0.0637749301034262,0.0047528751308835,25,0.1,25,64,84,4.0,4.0,4.0,4.0
336,83,138,18,KNN,LC-PFN,2.583891898393631,0.0458286814391613,0.0025505411904305,25,0.1,25,35,85,4.0,4.0,4.0,4.0
337,83,138,18,KNN,MMF4,1.011195938103291,0.0184035230207904,0.0004997571283176,25,0.1,25,35,85,2.0,2.0,2.0,2.0
338,83,138,18,KNN,WBL4,1.5510773893821208,0.028052695782295,0.0012460606465711,25,0.1,25,35,85,3.0,3.0,3.0,3.0
339,83,138,18,KNN,POW4,0.5358095618400588,0.0097872377246109,0.0001311751984224,25,0.1,25,35,85,1.0,1.0,1.0,1.0
340,88,162,21,ens.RandomForest,LC-PFN,0.9534155949950218,0.0187814459204673,0.0003572028363123,25,0.1,25,26,86,3.0,3.0,3.0,3.0
341,88,162,21,ens.RandomForest,MMF4,0.3110772413456303,0.0061689181907565,4.24474393887444e-05,25,0.1,25,26,86,1.0,1.0,1.0,1.0
342,88,162,21,ens.RandomForest,WBL4,0.4135207712899449,0.0081912660591586,7.22522359670078e-05,25,0.1,25,26,86,2.0,2.0,2.0,2.0
343,88,162,21,ens.RandomForest,POW4,1.2976458610963832,0.0254747116209956,0.0006541164344946,25,0.1,25,26,86,4.0,4.0,4.0,4.0
344,90,248,1,SVC_poly,LC-PFN,2.122107706964016,0.0363521352410316,0.0016652736812829,25,0.1,25,34,87,2.0,2.0,2.0,2.0
345,90,248,1,SVC_poly,MMF4,4.639525916828705,0.077150787634558,0.0076070095422978,25,0.1,25,34,87,3.0,3.0,3.0,3.0
346,90,248,1,SVC_poly,WBL4,5.220340464625954,0.0862111204132316,0.0092458846112684,25,0.1,25,34,87,4.0,4.0,4.0,4.0
347,90,248,1,SVC_poly,POW4,1.0694585557663947,0.0185197098695026,0.0003601234444604,25,0.1,25,34,87,1.0,1.0,1.0,1.0
348,92,74,13,QDA,LC-PFN,0.2687763655558228,0.004505650140345,2.9501105018425733e-05,25,0.1,25,34,88,1.0,1.0,1.0,1.0
349,92,74,13,QDA,MMF4,0.9240223417366524,0.0153434537354967,0.0002676312269348,25,0.1,25,34,88,2.0,2.0,2.0,2.0
350,92,74,13,QDA,WBL4,1.1389254602820054,0.0188670209164334,0.0003908071697102,25,0.1,25,34,88,3.0,3.0,3.0,3.0
351,92,74,13,QDA,POW4,4.588024021663032,0.0808237927314657,0.006925229245335,25,0.1,25,34,88,4.0,4.0,4.0,4.0
352,94,214,20,ens.ExtraTrees,LC-PFN,1.0585276409983635,0.0201369747519493,0.0005119802081026,25,0.1,25,40,89,1.0,1.0,1.0,1.0
353,94,214,20,ens.ExtraTrees,MMF4,3.120858187203721,0.0579065946412139,0.0039012687618901,25,0.1,25,40,89,3.0,3.0,3.0,3.0
354,94,214,20,ens.ExtraTrees,WBL4,4.1944429343054725,0.0769081213013674,0.0067213405598959,25,0.1,25,40,89,4.0,4.0,4.0,4.0
355,94,214,20,ens.ExtraTrees,POW4,1.5220816398234334,0.0281015998286607,0.0008854713932606,25,0.1,25,40,89,2.0,2.0,2.0,2.0
356,93,240,21,ens.RandomForest,LC-PFN,0.4958025179803371,0.0069055957719683,5.659392991219647e-05,25,0.1,25,40,90,1.0,1.0,1.0,1.0
357,93,240,21,ens.RandomForest,MMF4,1.843309428816624,0.0254203131022346,0.0007881803811654,25,0.1,25,40,90,3.0,3.0,3.0,3.0
358,93,240,21,ens.RandomForest,WBL4,2.100928319609717,0.0288847975552411,0.0010125897952675,25,0.1,25,40,90,4.0,4.0,4.0,4.0
359,93,240,21,ens.RandomForest,POW4,1.2167276282404045,0.0169119897397862,0.0003648152884502,25,0.1,25,40,90,2.0,2.0,2.0,2.0
360,95,178,3,SVC_sigmoid,LC-PFN,4.42180372774601,0.035712581127882,0.0017218017019331,25,0.1,25,42,91,4.0,4.0,4.0,4.0
361,95,178,3,SVC_sigmoid,MMF4,1.3136243257117783,0.0105544680083733,0.0001879972877557,25,0.1,25,42,91,2.0,2.0,2.0,2.0
362,95,178,3,SVC_sigmoid,WBL4,1.0863761380550836,0.0086922900663031,0.0001463876996372,25,0.1,25,42,91,1.0,1.0,1.0,1.0
363,95,178,3,SVC_sigmoid,POW4,2.60378177183998,0.0212982956663781,0.0005586437897202,25,0.1,25,42,91,3.0,3.0,3.0,3.0
364,98,131,3,SVC_sigmoid,LC-PFN,1.6798343509435654,0.0319848321378231,0.0010296826949343,25,0.1,25,46,92,4.0,4.0,4.0,4.0
365,98,131,3,SVC_sigmoid,MMF4,5.986945036599038e-05,1.1206425444131935e-06,5.475786886301483e-11,25,0.1,25,46,92,3.0,3.0,1.0,2.3333333333333335
366,98,131,3,SVC_sigmoid,WBL4,5.836939526482017e-05,1.0925636241035497e-06,5.489507657993535e-11,25,0.1,25,46,92,1.0,1.0,2.0,1.3333333333333333
367,98,131,3,SVC_sigmoid,POW4,5.866383296176087e-05,1.098075083527661e-06,5.491594795946724e-11,25,0.1,25,46,92,2.0,2.0,3.0,2.3333333333333335
368,96,224,21,ens.RandomForest,LC-PFN,0.8626509457826614,0.0169738344848155,0.0002884389832615,25,0.1,25,40,93,4.0,4.0,4.0,4.0
369,96,224,21,ens.RandomForest,MMF4,0.2428912549371736,0.0048351761948072,2.7068544069877176e-05,25,0.1,25,40,93,1.0,3.0,3.0,2.3333333333333335
370,96,224,21,ens.RandomForest,WBL4,0.2434526124670474,0.0048200435760645,2.3742386671104377e-05,25,0.1,25,40,93,2.0,1.0,1.0,1.3333333333333333
371,96,224,21,ens.RandomForest,POW4,0.2434561800180117,0.0048201140336149,2.374306589299561e-05,25,0.1,25,40,93,3.0,2.0,2.0,2.3333333333333335
372,97,87,0,SVC_linear,LC-PFN,0.9617583826184272,0.0125851407647132,0.0001940680667757,25,0.1,25,21,94,1.0,1.0,1.0,1.0
373,97,87,0,SVC_linear,MMF4,2.168609093108251,0.0289603083529742,0.0011639711516181,25,0.1,25,21,94,3.0,3.0,3.0,3.0
374,97,87,0,SVC_linear,WBL4,8.111716098581157,0.1205811664442977,0.023460336335147,25,0.1,25,21,94,4.0,4.0,4.0,4.0
375,97,87,0,SVC_linear,POW4,2.04311730005537,0.0272857399671666,0.0010943690148645,25,0.1,25,21,94,2.0,2.0,2.0,2.0
376,100,122,6,LogisticRegression,LC-PFN,0.1279187737964093,0.0024878240656107,1.1284760148555506e-05,25,0.1,25,55,95,1.0,1.0,1.0,1.0
377,100,122,6,LogisticRegression,MMF4,0.5829676699401252,0.0112918786747024,0.000140091816961,25,0.1,25,55,95,4.0,4.0,4.0,4.0
378,100,122,6,LogisticRegression,WBL4,0.5512829880340494,0.0106818872605298,0.0001269206502402,25,0.1,25,55,95,3.0,3.0,3.0,3.0
379,100,122,6,LogisticRegression,POW4,0.2637635098798979,0.0051275631835068,3.035091149404542e-05,25,0.1,25,55,95,2.0,2.0,2.0,2.0
380,103,54,20,ens.ExtraTrees,LC-PFN,1.2506055645644665,0.0204915385693311,0.0004666373715735,25,0.1,25,34,96,2.0,2.0,2.0,2.0
381,103,54,20,ens.ExtraTrees,MMF4,3.12141196706076,0.0507337115111483,0.0034734214837467,25,0.1,25,34,96,3.0,3.0,3.0,3.0
382,103,54,20,ens.ExtraTrees,WBL4,5.310644244019514,0.0839705114319982,0.0090829725191401,25,0.1,25,34,96,4.0,4.0,4.0,4.0
383,103,54,20,ens.ExtraTrees,POW4,0.6681664912131533,0.0107543228361103,0.0001367935874804,25,0.1,25,34,96,1.0,1.0,1.0,1.0
384,102,60,16,ComplementNB,LC-PFN,1.7267286777496338,0.0211264789104461,0.0005059075774624,25,0.1,25,2,97,1.0,1.0,1.0,1.0
385,102,60,16,ComplementNB,MMF4,2.994640344016533,0.0371442528618404,0.0014243491432394,25,0.1,25,2,97,3.0,3.0,3.0,3.0
386,102,60,16,ComplementNB,WBL4,2.835005307882639,0.0351044038015737,0.0012767636107083,25,0.1,25,2,97,2.0,2.0,2.0,2.0
387,102,60,16,ComplementNB,POW4,4.3587117880824895,0.0548573709927109,0.0030887568248161,25,0.1,25,2,97,4.0,4.0,4.0,4.0
388,106,8,22,ens.GradientBoosting,LC-PFN,1.0647879913449287,0.0144677041098475,0.0002777936751954,25,0.1,25,29,98,1.0,1.0,1.0,1.0
389,106,8,22,ens.GradientBoosting,MMF4,3.2769147982065454,0.043957113236715,0.0023157037034823,25,0.1,25,29,98,3.0,3.0,3.0,3.0
390,106,8,22,ens.GradientBoosting,WBL4,3.770482084215978,0.050293765861861,0.0030247871091221,25,0.1,25,29,98,4.0,4.0,4.0,4.0
391,106,8,22,ens.GradientBoosting,POW4,1.194260611027703,0.0164293686396072,0.0003600689661689,25,0.1,25,29,98,2.0,2.0,2.0,2.0
392,101,118,19,NearestCentroid,LC-PFN,0.7937305606901646,0.01067272759974,0.0001538605574751,25,0.1,25,29,99,4.0,4.0,4.0,4.0
393,101,118,19,NearestCentroid,MMF4,0.7894254610208864,0.0106018119576791,0.0001300279653534,25,0.1,25,29,99,3.0,3.0,3.0,3.0
394,101,118,19,NearestCentroid,WBL4,0.6286543758667988,0.0084233816037579,7.821243364191772e-05,25,0.1,25,29,99,2.0,2.0,2.0,2.0
395,101,118,19,NearestCentroid,POW4,0.4037900134391433,0.0053947981276755,3.04592112314122e-05,25,0.1,25,29,99,1.0,1.0,1.0,1.0
396,99,146,22,ens.GradientBoosting,LC-PFN,0.8948524482548237,0.0176148954778909,0.000310810864903,25,0.1,25,23,100,4.0,4.0,4.0,4.0
397,99,146,22,ens.GradientBoosting,MMF4,0.045963615564984,0.000912746456538,1.261446061088455e-06,25,0.1,25,23,100,1.0,1.0,1.0,1.0
398,99,146,22,ens.GradientBoosting,WBL4,0.0954894482064416,0.0018950020858601,4.277275453516637e-06,25,0.1,25,23,100,2.0,2.0,2.0,2.0
399,99,146,22,ens.GradientBoosting,POW4,0.3302408818798426,0.006537497735987,4.342511919613826e-05,25,0.1,25,23,100,3.0,3.0,3.0,3.0
400,104,225,8,Perceptron,LC-PFN,0.9159460663795472,0.0176495909690856,0.0003238813369534,25,0.1,25,36,101,4.0,4.0,4.0,4.0
401,104,225,8,Perceptron,MMF4,0.4401795800861819,0.0083822959754343,8.207299312830438e-05,25,0.1,25,36,101,2.0,2.0,2.0,2.0
402,104,225,8,Perceptron,WBL4,0.5984875626702482,0.0113766251701766,0.0001479753795694,25,0.1,25,36,101,3.0,3.0,3.0,3.0
403,104,225,8,Perceptron,POW4,0.1604574491592324,0.0030697773850083,1.283017679088616e-05,25,0.1,25,36,101,1.0,1.0,1.0,1.0
404,105,158,22,ens.GradientBoosting,LC-PFN,0.3132789162918925,0.0060889101587235,4.814399653696455e-05,25,0.1,25,26,102,2.0,2.0,2.0,2.0
405,105,158,22,ens.GradientBoosting,MMF4,0.6343169322753117,0.0122650442667535,0.0001867235045364,25,0.1,25,26,102,4.0,4.0,4.0,4.0
406,105,158,22,ens.GradientBoosting,WBL4,0.6243404863485904,0.0120737512503108,0.0001846490741218,25,0.1,25,26,102,3.0,3.0,3.0,3.0
407,105,158,22,ens.GradientBoosting,POW4,0.1890334180669371,0.0036776605250905,2.158877986691271e-05,25,0.1,25,26,102,1.0,1.0,1.0,1.0
408,107,239,4,Decision Tree,LC-PFN,3.2934948801994324,0.0485851913690567,0.0028835707344114,25,0.1,25,65,103,2.0,2.0,1.0,1.6666666666666667
409,107,239,4,Decision Tree,MMF4,8.396730212777838,0.1170666702131836,0.0165957981428494,25,0.1,25,65,103,3.0,3.0,3.0,3.0
410,107,239,4,Decision Tree,WBL4,8.651758758202433,0.1202844901731694,0.0174010034820038,25,0.1,25,65,103,4.0,4.0,4.0,4.0
411,107,239,4,Decision Tree,POW4,3.156147867738781,0.0469808045848007,0.0031409647534276,25,0.1,25,65,103,1.0,1.0,2.0,1.3333333333333333
412,110,192,9,RidgeClassifier,LC-PFN,3.25893983244896,0.0459800623357296,0.0025919543113559,25,0.1,25,26,104,1.0,1.0,1.0,1.0
413,110,192,9,RidgeClassifier,MMF4,4.4235067423629,0.0627031981128855,0.0052734169395433,25,0.1,25,26,104,3.0,3.0,3.0,3.0
414,110,192,9,RidgeClassifier,WBL4,4.753120275336679,0.067269303010053,0.006414993290179,25,0.1,25,26,104,4.0,4.0,4.0,4.0
415,110,192,9,RidgeClassifier,POW4,3.744521638965916,0.0526586192176522,0.0034184003861058,25,0.1,25,26,104,2.0,2.0,2.0,2.0
416,109,228,1,SVC_poly,LC-PFN,3.5723116248846054,0.0521288961172103,0.0036484615411609,25,0.1,25,22,105,1.0,1.0,1.0,1.0
417,109,228,1,SVC_poly,MMF4,5.637835692917521,0.0807498271964139,0.0099793414800235,25,0.1,25,22,105,3.0,3.0,3.0,3.0
418,109,228,1,SVC_poly,WBL4,9.043127109349882,0.1237295614084196,0.0214057355966599,25,0.1,25,22,105,4.0,4.0,4.0,4.0
419,109,228,1,SVC_poly,POW4,4.714626974836708,0.0667744258011652,0.0051442578321533,25,0.1,25,22,105,2.0,2.0,2.0,2.0
420,112,36,5,ExtraTree,LC-PFN,0.4701529629528522,0.0084504233673214,9.251178562408312e-05,25,0.1,25,24,106,1.0,1.0,1.0,1.0
421,112,36,5,ExtraTree,MMF4,0.7268285306168811,0.0129558368119547,0.0002334413594333,25,0.1,25,24,106,2.0,2.0,2.0,2.0
422,112,36,5,ExtraTree,WBL4,0.7613042482257286,0.0135639894577197,0.0002509290813703,25,0.1,25,24,106,3.0,3.0,3.0,3.0
423,112,36,5,ExtraTree,POW4,1.1436002896591169,0.0208274668218743,0.0005636965217022,25,0.1,25,24,106,4.0,4.0,4.0,4.0
424,111,256,17,GaussianNB,LC-PFN,6.393362581729889,0.0685033202171325,0.0056331539526581,25,0.1,25,73,107,4.0,4.0,4.0,4.0
425,111,256,17,GaussianNB,MMF4,2.591507594828507,0.0264604081289155,0.0008006877805822,25,0.1,25,73,107,2.0,2.0,2.0,2.0
426,111,256,17,GaussianNB,WBL4,2.4210243666547364,0.024669955290371,0.0007036058265763,25,0.1,25,73,107,1.0,1.0,1.0,1.0
427,111,256,17,GaussianNB,POW4,4.008275950315122,0.0416003836279048,0.0019082759415052,25,0.1,25,73,107,3.0,3.0,3.0,3.0
428,116,181,19,NearestCentroid,LC-PFN,2.0159346982836723,0.0194802060723304,0.0005466080619953,25,0.1,25,23,108,4.0,4.0,4.0,4.0
429,116,181,19,NearestCentroid,MMF4,0.8330580220998461,0.0082320229917889,9.008597979858164e-05,25,0.1,25,23,108,3.0,3.0,3.0,3.0
430,116,181,19,NearestCentroid,WBL4,0.4834445400246296,0.0047955325316707,3.267614989613647e-05,25,0.1,25,23,108,2.0,2.0,2.0,2.0
431,116,181,19,NearestCentroid,POW4,0.4834445371861151,0.0047955325034711,3.2676149756155105e-05,25,0.1,25,23,108,1.0,1.0,1.0,1.0
432,117,19,6,LogisticRegression,LC-PFN,0.4925019573420286,0.0089042782783508,8.663677726872265e-05,25,0.1,25,30,109,1.0,1.0,1.0,1.0
433,117,19,6,LogisticRegression,MMF4,2.3237748950148527,0.0413258650111193,0.0019071947580406,25,0.1,25,30,109,3.0,3.0,3.0,3.0
434,117,19,6,LogisticRegression,WBL4,2.714251513071672,0.0480668536793967,0.0025421930235354,25,0.1,25,30,109,4.0,4.0,4.0,4.0
435,117,19,6,LogisticRegression,POW4,1.3246161272055044,0.0246465622683704,0.000779454325187,25,0.1,25,30,109,2.0,2.0,2.0,2.0
436,114,111,20,ens.ExtraTrees,LC-PFN,2.700762450695038,0.0433929860591888,0.002334932796657,25,0.1,25,21,110,4.0,4.0,4.0,4.0
437,114,111,20,ens.ExtraTrees,MMF4,1.3911194412482593,0.0226075523739613,0.0006279178237114,25,0.1,25,21,110,2.0,2.0,2.0,2.0
438,114,111,20,ens.ExtraTrees,WBL4,1.2415084641562093,0.0201836983077311,0.0005026354099568,25,0.1,25,21,110,1.0,1.0,1.0,1.0
439,114,111,20,ens.ExtraTrees,POW4,1.6448911696423894,0.0266847110689648,0.0008689620538347,25,0.1,25,21,110,3.0,3.0,3.0,3.0
440,115,92,17,GaussianNB,LC-PFN,6.703190505504608,0.0994598865509033,0.0138307278975844,25,0.1,25,56,111,1.0,1.0,1.0,1.0
441,115,92,17,GaussianNB,MMF4,8.146172057562904,0.1187737411419307,0.0198624949422073,25,0.1,25,56,111,3.0,3.0,3.0,3.0
442,115,92,17,GaussianNB,WBL4,8.282269333073618,0.120547907118587,0.0202963475876004,25,0.1,25,56,111,4.0,4.0,4.0,4.0
443,115,92,17,GaussianNB,POW4,7.60340608087174,0.1116473719601354,0.0180752966605439,25,0.1,25,56,111,2.0,2.0,2.0,2.0
444,120,57,0,SVC_linear,LC-PFN,3.030254691839218,0.0470074266195297,0.0023886046838015,25,0.1,25,26,112,2.0,2.0,2.0,2.0
445,120,57,0,SVC_linear,MMF4,4.658366097502483,0.0715652885186381,0.0062828637947442,25,0.1,25,26,112,3.0,3.0,3.0,3.0
446,120,57,0,SVC_linear,WBL4,6.240651169497676,0.0941798964664094,0.010844678186013,25,0.1,25,26,112,4.0,4.0,4.0,4.0
447,120,57,0,SVC_linear,POW4,0.3438746482201354,0.0052922185747014,3.8418818833005866e-05,25,0.1,25,26,112,1.0,1.0,1.0,1.0
448,113,186,6,LogisticRegression,LC-PFN,1.0915453545749187,0.0206698048859834,0.000429229112342,25,0.1,25,32,113,4.0,4.0,4.0,4.0
449,113,186,6,LogisticRegression,MMF4,0.8796574101384905,0.016350063177674,0.000298145295219,25,0.1,25,32,113,2.0,2.0,1.0,1.6666666666666667
450,113,186,6,LogisticRegression,WBL4,0.994932347833969,0.0184693115348828,0.0003737742435534,25,0.1,25,32,113,3.0,3.0,3.0,3.0
451,113,186,6,LogisticRegression,POW4,0.797616111272334,0.015191147338455,0.0003732998426826,25,0.1,25,32,113,1.0,1.0,2.0,1.3333333333333333
452,119,73,3,SVC_sigmoid,LC-PFN,5.679620802402496,0.0806446298956871,0.0090938080102205,25,0.1,25,45,114,4.0,4.0,4.0,4.0
453,119,73,3,SVC_sigmoid,MMF4,4.30515585533461,0.0598634624240864,0.0051517843109754,25,0.1,25,45,114,2.0,2.0,2.0,2.0
454,119,73,3,SVC_sigmoid,WBL4,4.177692495241336,0.0579777677111829,0.0048932601807995,25,0.1,25,45,114,1.0,1.0,1.0,1.0
455,119,73,3,SVC_sigmoid,POW4,5.296441782823434,0.0747456493871304,0.0076875078800341,25,0.1,25,45,114,3.0,3.0,3.0,3.0
456,121,122,16,ComplementNB,LC-PFN,1.9507434219121933,0.0325983390212059,0.0013309980276972,25,0.1,25,55,115,3.0,3.0,3.0,3.0
457,121,122,16,ComplementNB,MMF4,1.2934941834631235,0.0214283960772875,0.0005297974923988,25,0.1,25,55,115,1.0,1.0,1.0,1.0
458,121,122,16,ComplementNB,WBL4,1.3833679617581318,0.0229409587451996,0.0005951530595306,25,0.1,25,55,115,2.0,2.0,2.0,2.0
459,121,122,16,ComplementNB,POW4,2.5926653756657,0.0436746749472462,0.0023536713117532,25,0.1,25,55,115,4.0,4.0,4.0,4.0
460,124,179,20,ens.ExtraTrees,LC-PFN,2.617149241268635,0.0494930148124694,0.0027494237292557,25,0.1,25,51,116,4.0,4.0,4.0,4.0
461,124,179,20,ens.ExtraTrees,MMF4,2.086879522386738,0.0396186998924563,0.0017078200977308,25,0.1,25,51,116,2.0,2.0,2.0,2.0
462,124,179,20,ens.ExtraTrees,WBL4,2.5395697624912854,0.0481077658628765,0.0026661018109283,25,0.1,25,51,116,3.0,3.0,3.0,3.0
463,124,179,20,ens.ExtraTrees,POW4,1.825594137678616,0.0342127625495797,0.0012504174020703,25,0.1,25,51,116,1.0,1.0,1.0,1.0
464,122,22,8,Perceptron,LC-PFN,7.902272045612335,0.0849097073078155,0.0078164935111999,25,0.1,25,38,117,3.0,3.0,3.0,3.0
465,122,22,8,Perceptron,MMF4,13.4309478741421,0.1367958894841016,0.023458644469461,25,0.1,25,38,117,4.0,4.0,4.0,4.0
466,122,22,8,Perceptron,WBL4,6.676610892179076,0.073341266191137,0.0070973224875249,25,0.1,25,38,117,1.0,1.0,1.0,1.0
467,122,22,8,Perceptron,POW4,6.6766108939582045,0.0733412662091159,0.0070973224906733,25,0.1,25,38,117,2.0,2.0,2.0,2.0
468,123,156,4,Decision Tree,LC-PFN,0.2535370178520679,0.0046265539713203,3.467956412350759e-05,25,0.1,25,26,118,1.0,1.0,1.0,1.0
469,123,156,4,Decision Tree,MMF4,1.7652333971188892,0.0319417384104651,0.0012074475589261,25,0.1,25,26,118,3.0,3.0,3.0,3.0
470,123,156,4,Decision Tree,WBL4,1.7872279921600391,0.0323315321412054,0.0012382189178249,25,0.1,25,26,118,4.0,4.0,4.0,4.0
471,123,156,4,Decision Tree,POW4,0.3172153824872212,0.0058290756558052,4.692967981560671e-05,25,0.1,25,26,118,2.0,2.0,2.0,2.0
472,127,170,20,ens.ExtraTrees,LC-PFN,0.9351341985166072,0.0150685608386993,0.0002516515960451,25,0.1,25,2,119,4.0,4.0,4.0,4.0
473,127,170,20,ens.ExtraTrees,MMF4,0.6260999323672576,0.0101260640688455,0.0001401250847404,25,0.1,25,2,119,3.0,3.0,3.0,3.0
474,127,170,20,ens.ExtraTrees,WBL4,0.3420000558199919,0.0055555555555551,4.026864230261848e-05,25,0.1,25,2,119,2.0,2.0,1.0,1.6666666666666667
475,127,170,20,ens.ExtraTrees,POW4,0.3420000557148995,0.0055555555538721,4.026865073031343e-05,25,0.1,25,2,119,1.0,1.0,2.0,1.3333333333333333
476,125,56,11,MLP,LC-PFN,2.4962155148386955,0.0414469391107559,0.0019428576342761,25,0.1,25,34,120,2.0,2.0,2.0,2.0
477,125,56,11,MLP,MMF4,6.568423571260314,0.1045844719960274,0.0128961358195663,25,0.1,25,34,120,3.0,3.0,3.0,3.0
478,125,56,11,MLP,WBL4,7.347204505189906,0.1160039305491707,0.0156352894798302,25,0.1,25,34,120,4.0,4.0,4.0,4.0
479,125,56,11,MLP,POW4,0.3787064142276538,0.006184045668882,5.275416691064986e-05,25,0.1,25,34,120,1.0,1.0,1.0,1.0
480,130,18,2,SVC_rbf,LC-PFN,1.1763152666389942,0.0226143077015876,0.0006360337720252,25,0.1,25,48,121,1.0,1.0,1.0,1.0
481,130,18,2,SVC_rbf,MMF4,2.262117554234792,0.0430222960363127,0.0024196593463794,25,0.1,25,48,121,2.0,2.0,3.0,2.3333333333333335
482,130,18,2,SVC_rbf,WBL4,3.997276498559283,0.0744343094160121,0.0065733100667387,25,0.1,25,48,121,4.0,4.0,4.0,4.0
483,130,18,2,SVC_rbf,POW4,2.4769452062949453,0.0457935385679585,0.0023065478141624,25,0.1,25,48,121,3.0,3.0,2.0,2.6666666666666665
484,128,124,21,ens.RandomForest,LC-PFN,0.3139067441225052,0.0053848195821046,4.4614534999709576e-05,25,0.1,25,39,122,1.0,1.0,1.0,1.0
485,128,124,21,ens.RandomForest,MMF4,1.1735593033888796,0.0202639134145708,0.000519119729885,25,0.1,25,39,122,2.0,2.0,2.0,2.0
486,128,124,21,ens.RandomForest,WBL4,2.2716628616398014,0.0387157818534727,0.0017195044600138,25,0.1,25,39,122,3.0,3.0,3.0,3.0
487,128,124,21,ens.RandomForest,POW4,2.599621140080589,0.0470075175174242,0.0027192771169586,25,0.1,25,39,122,4.0,4.0,4.0,4.0
488,129,148,16,ComplementNB,LC-PFN,0.4989669192582369,0.00786554813385,6.380085687851533e-05,25,0.1,25,3,123,4.0,4.0,4.0,4.0
489,129,148,16,ComplementNB,MMF4,0.2438244606830406,0.0038542842252142,1.8666155081838143e-05,25,0.1,25,3,123,3.0,3.0,3.0,3.0
490,129,148,16,ComplementNB,WBL4,0.1866262223688326,0.0029600000000039,1.1428266666688854e-05,25,0.1,25,3,123,2.0,2.0,2.0,2.0
491,129,148,16,ComplementNB,POW4,0.1866261764741203,0.0029599992703113,1.1428262343624248e-05,25,0.1,25,3,123,1.0,1.0,1.0,1.0
492,132,165,19,NearestCentroid,LC-PFN,4.5668721199035645,0.0584543049335479,0.0045291171409189,25,0.1,25,108,124,1.0,1.0,1.0,1.0
493,132,165,19,NearestCentroid,MMF4,5.943780043390197,0.0748913054848553,0.008028868012778,25,0.1,25,108,124,4.0,4.0,4.0,4.0
494,132,165,19,NearestCentroid,WBL4,5.459812128593577,0.0692315358014736,0.0069776457960224,25,0.1,25,108,124,2.0,2.0,2.0,2.0
495,132,165,19,NearestCentroid,POW4,5.459812151959534,0.0692315360766511,0.0069776458498538,25,0.1,25,108,124,3.0,3.0,3.0,3.0
496,118,215,3,SVC_sigmoid,LC-PFN,2.0649906247854237,0.0302435513585805,0.001228175824508,25,0.1,25,27,125,2.0,2.0,2.0,2.0
497,118,215,3,SVC_sigmoid,MMF4,2.610353699302034,0.0379817689497296,0.0019699298176338,25,0.1,25,27,125,4.0,4.0,4.0,4.0
498,118,215,3,SVC_sigmoid,WBL4,1.4193595369277148,0.0209224739671036,0.0006341282260494,25,0.1,25,27,125,1.0,1.0,1.0,1.0
499,118,215,3,SVC_sigmoid,POW4,2.5422366369704794,0.0370217971759131,0.0018630568860287,25,0.1,25,27,125,3.0,3.0,3.0,3.0
500,134,181,11,MLP,LC-PFN,1.4576547779142857,0.0170451253652572,0.0005850251764059,25,0.1,25,23,126,1.0,1.0,1.0,1.0
501,134,181,11,MLP,MMF4,5.913719816237833,0.0758608401865876,0.0080879793757367,25,0.1,25,23,126,3.0,3.0,3.0,3.0
502,134,181,11,MLP,WBL4,6.605644033393373,0.0859925351426746,0.0106622931235506,25,0.1,25,23,126,4.0,4.0,4.0,4.0
503,134,181,11,MLP,POW4,4.221893354944636,0.0524686730033,0.0037954058685639,25,0.1,25,23,126,2.0,2.0,2.0,2.0
504,133,7,7,PassiveAggressive,LC-PFN,0.4867433570325374,0.0088864276185631,9.07282083062455e-05,25,0.1,25,29,127,1.0,1.0,1.0,1.0
505,133,7,7,PassiveAggressive,MMF4,2.1746966485420787,0.0389926309236942,0.0017896777058298,25,0.1,25,29,127,3.0,3.0,3.0,3.0
506,133,7,7,PassiveAggressive,WBL4,2.6969843531854587,0.0480709185811766,0.0026878228632076,25,0.1,25,29,127,4.0,4.0,4.0,4.0
507,133,7,7,PassiveAggressive,POW4,0.695683032043051,0.012946177276234,0.0002295640591742,25,0.1,25,29,127,2.0,2.0,2.0,2.0
508,131,219,6,LogisticRegression,LC-PFN,1.2149586342275145,0.0163861270993948,0.000356005562935,25,0.1,25,34,128,1.0,1.0,1.0,1.0
509,131,219,6,LogisticRegression,MMF4,4.007714117337328,0.0538903980898929,0.003610697177097,25,0.1,25,34,128,3.0,3.0,3.0,3.0
510,131,219,6,LogisticRegression,WBL4,6.864795566605853,0.0893209091883528,0.0096835427279838,25,0.1,25,34,128,4.0,4.0,4.0,4.0
511,131,219,6,LogisticRegression,POW4,2.094322066792078,0.0311472643658834,0.0017886671154995,25,0.1,25,34,128,2.0,2.0,2.0,2.0
512,135,236,17,GaussianNB,LC-PFN,2.0452268421649933,0.0303341727703809,0.0014195196563377,25,0.1,25,30,129,3.0,3.0,3.0,3.0
513,135,236,17,GaussianNB,MMF4,1.0955234285308324,0.0159166099747996,0.0002747447541385,25,0.1,25,30,129,2.0,2.0,2.0,2.0
514,135,236,17,GaussianNB,WBL4,0.4633239191987059,0.0066774013635993,5.1342067440945946e-05,25,0.1,25,30,129,1.0,1.0,1.0,1.0
515,135,236,17,GaussianNB,POW4,5.969513509512272,0.0918622331556007,0.009444312484533,25,0.1,25,30,129,4.0,4.0,4.0,4.0
516,138,24,16,ComplementNB,LC-PFN,0.3348219441249966,0.0042676599696278,3.34550604748074e-05,25,0.1,25,20,130,1.0,1.0,1.0,1.0
517,138,24,16,ComplementNB,MMF4,0.4725688173497806,0.0060282309235374,5.279965564214648e-05,25,0.1,25,20,130,2.0,2.0,3.0,2.3333333333333335
518,138,24,16,ComplementNB,WBL4,0.4812746707760023,0.0061403747179659,4.630986316016277e-05,25,0.1,25,20,130,3.0,3.0,2.0,2.6666666666666665
519,138,24,16,ComplementNB,POW4,0.5400107868112722,0.0068956727702387,7.760014025202865e-05,25,0.1,25,20,130,4.0,4.0,4.0,4.0
520,139,208,19,NearestCentroid,LC-PFN,9.70289260149002,0.0662889257073402,0.0046694120392203,25,0.1,25,75,131,4.0,4.0,4.0,4.0
521,139,208,19,NearestCentroid,MMF4,6.713814707144072,0.0488714269787877,0.0036054300296746,25,0.1,25,75,131,3.0,3.0,3.0,3.0
522,139,208,19,NearestCentroid,WBL4,5.636551509587728,0.041596650612318,0.0025339893998054,25,0.1,25,75,131,1.0,1.0,1.0,1.0
523,139,208,19,NearestCentroid,POW4,5.636551527653891,0.0415966507370941,0.0025339894195041,25,0.1,25,75,131,2.0,2.0,2.0,2.0
524,140,98,1,SVC_poly,LC-PFN,0.198903982527554,0.0033531202934682,1.6201000107685104e-05,25,0.1,25,43,132,1.0,1.0,1.0,1.0
525,140,98,1,SVC_poly,MMF4,0.3796802633845237,0.0065134962354207,7.437573557352693e-05,25,0.1,25,43,132,4.0,4.0,4.0,4.0
526,140,98,1,SVC_poly,WBL4,0.2987843902409038,0.0051142964201769,4.32052928704084e-05,25,0.1,25,43,132,2.0,2.0,2.0,2.0
527,140,98,1,SVC_poly,POW4,0.357421765728563,0.0061270055903047,6.481856273503083e-05,25,0.1,25,43,132,3.0,3.0,3.0,3.0
528,137,116,0,SVC_linear,LC-PFN,0.7496349513530731,0.0147543968632817,0.0002521329151932,25,0.1,25,30,133,4.0,4.0,4.0,4.0
529,137,116,0,SVC_linear,MMF4,0.2324926005465309,0.0045991455703792,3.419650662909689e-05,25,0.1,25,30,133,1.0,1.0,1.0,1.0
530,137,116,0,SVC_linear,WBL4,0.2431304374284032,0.0048098501309583,3.462366802044178e-05,25,0.1,25,30,133,2.0,2.0,2.0,2.0
531,137,116,0,SVC_linear,POW4,0.2984491616849891,0.0059154612651853,6.151389418039834e-05,25,0.1,25,30,133,3.0,3.0,3.0,3.0
532,142,71,14,BernoulliNB,LC-PFN,0.7828271947801113,0.0120258731767535,0.0002075797965517,25,0.1,25,37,134,4.0,4.0,4.0,4.0
533,142,71,14,BernoulliNB,MMF4,0.4100401401845073,0.0062011739751286,4.090789909636394e-05,25,0.1,25,37,134,2.0,2.0,2.0,2.0
534,142,71,14,BernoulliNB,WBL4,0.5156736089163799,0.0077900222021311,6.401095097341817e-05,25,0.1,25,37,134,3.0,3.0,3.0,3.0
535,142,71,14,BernoulliNB,POW4,0.1407863759597357,0.0021424101910203,6.931344460161678e-06,25,0.1,25,37,134,1.0,1.0,1.0,1.0
536,145,122,17,GaussianNB,LC-PFN,0.2003433182835579,0.003876760834828,3.204917811672203e-05,25,0.1,25,55,135,1.0,1.0,1.0,1.0
537,145,122,17,GaussianNB,MMF4,9.86450312867502,0.1629072156486114,0.0459807204091286,25,0.1,25,55,135,4.0,4.0,4.0,4.0
538,145,122,17,GaussianNB,WBL4,0.7321995902452719,0.014098699007111,0.0002213379725225,25,0.1,25,55,135,3.0,3.0,3.0,3.0
539,145,122,17,GaussianNB,POW4,0.7321995893623939,0.0140986989902482,0.000221337972015,25,0.1,25,55,135,2.0,2.0,2.0,2.0
540,143,262,22,ens.GradientBoosting,LC-PFN,2.0018652081489563,0.0269921720027923,0.0007376837893389,25,0.1,25,103,136,1.0,1.0,1.0,1.0
541,143,262,22,ens.GradientBoosting,MMF4,4.792483246075116,0.0636672952694766,0.0047599016584396,25,0.1,25,103,136,3.0,3.0,3.0,3.0
542,143,262,22,ens.GradientBoosting,WBL4,5.741034204255588,0.0754834100762277,0.0066980791350733,25,0.1,25,103,136,4.0,4.0,4.0,4.0
543,143,262,22,ens.GradientBoosting,POW4,2.3679017246848137,0.0323039335748073,0.0012138175141849,25,0.1,25,103,136,2.0,2.0,2.0,2.0
544,136,92,19,NearestCentroid,LC-PFN,2.053068019449711,0.0204179249703884,0.0005164103931747,25,0.1,25,56,137,4.0,4.0,4.0,4.0
545,136,92,19,NearestCentroid,MMF4,0.1276665352486165,0.0012671096122012,2.1861265490940543e-06,25,0.1,25,56,137,1.0,1.0,1.0,1.0
546,136,92,19,NearestCentroid,WBL4,0.8290672253283856,0.0082823934471353,7.398976464576009e-05,25,0.1,25,56,137,3.0,3.0,3.0,3.0
547,136,92,19,NearestCentroid,POW4,0.829067154907869,0.0082823927372805,7.398975192315408e-05,25,0.1,25,56,137,2.0,2.0,2.0,2.0
548,144,114,5,ExtraTree,LC-PFN,0.8038725703954697,0.0143268890678882,0.0002637031720951,25,0.1,25,22,138,1.0,1.0,1.0,1.0
549,144,114,5,ExtraTree,MMF4,1.8857818954900976,0.0331856508502164,0.0012892467339081,25,0.1,25,22,138,3.0,3.0,3.0,3.0
550,144,114,5,ExtraTree,WBL4,1.900396395032221,0.0334372355802801,0.0013060080977926,25,0.1,25,22,138,4.0,4.0,4.0,4.0
551,144,114,5,ExtraTree,POW4,1.3642373552837546,0.0241586623696136,0.0007430652586158,25,0.1,25,22,138,2.0,2.0,2.0,2.0
552,141,259,19,NearestCentroid,LC-PFN,1.595253124833107,0.0182999223470687,0.0004042353539261,25,0.1,25,46,139,4.0,4.0,4.0,4.0
553,141,259,19,NearestCentroid,MMF4,0.9220575263569354,0.0103513190692124,0.0001230124170103,25,0.1,25,46,139,3.0,3.0,3.0,3.0
554,141,259,19,NearestCentroid,WBL4,0.9205818038854484,0.0103349254850703,0.0001226738539345,25,0.1,25,46,139,2.0,2.0,2.0,2.0
555,141,259,19,NearestCentroid,POW4,0.7012574233227541,0.007893105083195,7.750681976569523e-05,25,0.1,25,46,139,1.0,1.0,1.0,1.0
556,146,4,6,LogisticRegression,LC-PFN,0.4841711837798357,0.0068567693233489,6.344750727294013e-05,25,0.1,25,6,140,3.0,3.0,3.0,3.0
557,146,4,6,LogisticRegression,MMF4,0.3565529843222736,0.0050643316116728,3.870172893181942e-05,25,0.1,25,6,140,2.0,2.0,2.0,2.0
558,146,4,6,LogisticRegression,WBL4,0.3493776770951387,0.0049619347066558,3.639268869167467e-05,25,0.1,25,6,140,1.0,1.0,1.0,1.0
559,146,4,6,LogisticRegression,POW4,0.5307804941969644,0.0075581616050329,8.270734005695515e-05,25,0.1,25,6,140,4.0,4.0,4.0,4.0
560,148,238,21,ens.RandomForest,LC-PFN,0.4694898147135973,0.0076632192358374,8.15462481114082e-05,25,0.1,25,70,141,1.0,1.0,1.0,1.0
561,148,238,21,ens.RandomForest,MMF4,5.747209040603233,0.1019212127635461,0.0114520532964137,25,0.1,25,70,141,3.0,3.0,3.0,3.0
562,148,238,21,ens.RandomForest,WBL4,6.791114782972707,0.1215503611880752,0.0162097923595641,25,0.1,25,70,141,4.0,4.0,4.0,4.0
563,148,238,21,ens.RandomForest,POW4,3.1851628964877574,0.0558033147341663,0.0038924883426489,25,0.1,25,70,141,2.0,2.0,2.0,2.0
564,149,184,16,ComplementNB,LC-PFN,1.6909582540392876,0.020476434379816,0.0005104470765218,25,0.1,25,32,142,1.0,1.0,1.0,1.0
565,149,184,16,ComplementNB,MMF4,3.093401015592814,0.0390607606130978,0.0023609913413003,25,0.1,25,32,142,3.0,3.0,3.0,3.0
566,149,184,16,ComplementNB,WBL4,3.2716569344048763,0.0414577735372475,0.0026900218834538,25,0.1,25,32,142,4.0,4.0,4.0,4.0
567,149,184,16,ComplementNB,POW4,2.195670624382138,0.0272810442471598,0.0011080915913923,25,0.1,25,32,142,2.0,2.0,2.0,2.0
568,147,163,16,ComplementNB,LC-PFN,0.9103956632316113,0.0175749696791172,0.0003098722663708,25,0.1,25,26,143,4.0,4.0,4.0,4.0
569,147,163,16,ComplementNB,MMF4,0.046312417976663,0.0008855711752913,1.3844345035702958e-06,25,0.1,25,26,143,2.0,2.0,2.0,2.0
570,147,163,16,ComplementNB,WBL4,0.1261559494494594,0.0024103463078385,6.148244210081432e-06,25,0.1,25,26,143,3.0,3.0,3.0,3.0
571,147,163,16,ComplementNB,POW4,0.0391707298534601,0.0007493352348423,9.277131023453514e-07,25,0.1,25,26,143,1.0,1.0,1.0,1.0
572,152,43,22,ens.GradientBoosting,LC-PFN,7.684587687253952,0.110171191394329,0.0145251313224434,25,0.1,25,21,144,4.0,4.0,4.0,4.0
573,152,43,22,ens.GradientBoosting,MMF4,1.8488594853968965,0.0284081620650869,0.0010743835286324,25,0.1,25,21,144,1.0,1.0,1.0,1.0
574,152,43,22,ens.GradientBoosting,WBL4,3.2003033394656524,0.0491660215821957,0.0036505406288456,25,0.1,25,21,144,2.0,2.0,2.0,2.0
575,152,43,22,ens.GradientBoosting,POW4,7.5407962820587455,0.1077530264245297,0.0133781702684593,25,0.1,25,21,144,3.0,3.0,3.0,3.0
576,151,111,1,SVC_poly,LC-PFN,2.6856569573283195,0.033784981817007,0.0011712780687958,25,0.1,25,21,145,3.0,3.0,3.0,3.0
577,151,111,1,SVC_poly,MMF4,1.816606938708636,0.0246820209910472,0.0011209594033799,25,0.1,25,21,145,2.0,2.0,2.0,2.0
578,151,111,1,SVC_poly,WBL4,5.591956628770835,0.0818281346119886,0.0118047638092734,25,0.1,25,21,145,4.0,4.0,4.0,4.0
579,151,111,1,SVC_poly,POW4,0.9362959248373536,0.0117683463793025,0.0001784512516258,25,0.1,25,21,145,1.0,1.0,1.0,1.0
580,155,224,12,LDA,LC-PFN,0.8181178942322731,0.0160902570933103,0.0002599572762846,25,0.1,25,40,146,4.0,4.0,4.0,4.0
581,155,224,12,LDA,MMF4,0.1019150090015054,0.0020221562093691,4.803645666772391e-06,25,0.1,25,40,146,1.0,1.0,1.0,1.0
582,155,224,12,LDA,WBL4,0.7627701845958739,0.0150100219807323,0.000226738383568,25,0.1,25,40,146,3.0,3.0,3.0,3.0
583,155,224,12,LDA,POW4,0.7627701768060509,0.0150100218286093,0.0002267383789321,25,0.1,25,40,146,2.0,2.0,2.0,2.0
584,153,22,9,RidgeClassifier,LC-PFN,0.4680130630731582,0.0081505002453923,9.424625750398263e-05,25,0.1,25,38,147,1.0,1.0,1.0,1.0
585,153,22,9,RidgeClassifier,MMF4,0.909126327047912,0.0163097766012982,0.0003855846923782,25,0.1,25,38,147,4.0,4.0,4.0,4.0
586,153,22,9,RidgeClassifier,WBL4,0.724065209502533,0.0126911084471014,0.0001919835184746,25,0.1,25,38,147,2.0,2.0,2.0,2.0
587,153,22,9,RidgeClassifier,POW4,0.8225512294465652,0.0147477095469662,0.0003268502016022,25,0.1,25,38,147,3.0,3.0,3.0,3.0
588,154,219,11,MLP,LC-PFN,1.8436077982187271,0.0233666468411684,0.0007829594542272,25,0.1,25,34,148,1.0,1.0,1.0,1.0
589,154,219,11,MLP,MMF4,5.6279276710821655,0.0722543916921332,0.0059410108622955,25,0.1,25,34,148,3.0,3.0,3.0,3.0
590,154,219,11,MLP,WBL4,8.019954104549354,0.1004914317662428,0.0117121743817523,25,0.1,25,34,148,4.0,4.0,4.0,4.0
591,154,219,11,MLP,POW4,2.2334373335700137,0.031431256764665,0.0015357383767994,25,0.1,25,34,148,2.0,2.0,2.0,2.0
592,156,62,13,QDA,LC-PFN,15.865842998027802,0.0494609028100967,0.0025062416680157,25,0.1,25,18,149,4.0,4.0,4.0,4.0
593,156,62,13,QDA,MMF4,1.6697917442567198,0.0060027724164706,5.362510985250612e-05,25,0.1,25,18,149,1.0,1.0,1.0,1.0
594,156,62,13,QDA,WBL4,1.7195887432492638,0.0061878103672414,6.364562522820831e-05,25,0.1,25,18,149,2.0,2.0,2.0,2.0
595,156,62,13,QDA,POW4,2.449575866535504,0.0089118686651612,0.0001183902087303,25,0.1,25,18,149,3.0,3.0,3.0,3.0
596,158,120,9,RidgeClassifier,LC-PFN,1.1017444543540478,0.021736703813076,0.0004741644952446,25,0.1,25,29,150,4.0,4.0,4.0,4.0
597,158,120,9,RidgeClassifier,MMF4,0.1602038100968689,0.0031911920637291,1.1639011826279364e-05,25,0.1,25,29,150,1.0,1.0,1.0,1.0
598,158,120,9,RidgeClassifier,WBL4,0.2244716635584643,0.0044681654988144,2.1754888743767665e-05,25,0.1,25,29,150,2.0,2.0,2.0,2.0
599,158,120,9,RidgeClassifier,POW4,0.847433535538399,0.0167616865332772,0.0002827593930026,25,0.1,25,29,150,3.0,3.0,3.0,3.0
600,164,240,6,LogisticRegression,LC-PFN,1.4852270483970642,0.0198903009295463,0.0005847130087204,25,0.1,25,40,151,4.0,4.0,4.0,4.0
601,164,240,6,LogisticRegression,MMF4,0.4995295540443286,0.0066101604080408,0.0001058278920038,25,0.1,25,40,151,1.0,1.0,1.0,1.0
602,164,240,6,LogisticRegression,WBL4,0.521902688985188,0.0069035896638737,0.0001181777442313,25,0.1,25,40,151,2.0,2.0,2.0,2.0
603,164,240,6,LogisticRegression,POW4,0.7939778369929493,0.0105111547695231,0.000153421633798,25,0.1,25,40,151,3.0,3.0,3.0,3.0
604,161,54,19,NearestCentroid,LC-PFN,2.465330809354782,0.0350046157836914,0.001977001549676,25,0.1,25,34,152,2.0,2.0,2.0,2.0
605,161,54,19,NearestCentroid,MMF4,1.4695956389267415,0.0196202954018464,0.0004767504774328,25,0.1,25,34,152,1.0,1.0,1.0,1.0
606,161,54,19,NearestCentroid,WBL4,3.8938485063303774,0.0505305403549873,0.0030101299149611,25,0.1,25,34,152,3.0,3.0,3.0,3.0
607,161,54,19,NearestCentroid,POW4,4.947365002511108,0.0725004243468852,0.0075032508781202,25,0.1,25,34,152,4.0,4.0,4.0,4.0
608,160,75,8,Perceptron,LC-PFN,1.337574329227209,0.0156912580132484,0.0004179299867246,25,0.1,25,21,153,1.0,1.0,1.0,1.0
609,160,75,8,Perceptron,MMF4,2.692014457752343,0.0322761292430785,0.0015145241000997,25,0.1,25,21,153,3.0,3.0,3.0,3.0
610,160,75,8,Perceptron,WBL4,2.761874284294764,0.0331597391462972,0.0016080091082456,25,0.1,25,21,153,4.0,4.0,4.0,4.0
611,160,75,8,Perceptron,POW4,2.133503271052343,0.0253174090432631,0.0009123144342032,25,0.1,25,21,153,2.0,2.0,2.0,2.0
612,165,190,3,SVC_sigmoid,LC-PFN,4.781503230333328,0.0412795916199684,0.0024994285777211,25,0.1,25,40,154,2.0,2.0,2.0,2.0
613,165,190,3,SVC_sigmoid,MMF4,6.1167638306893934,0.0569755402521432,0.0042529357629304,25,0.1,25,40,154,3.0,3.0,3.0,3.0
614,165,190,3,SVC_sigmoid,WBL4,2.441648511924713,0.0216086521650839,0.0006741645095804,25,0.1,25,40,154,1.0,1.0,1.0,1.0
615,165,190,3,SVC_sigmoid,POW4,8.30536677084028,0.0810170212360592,0.0096008072248201,25,0.1,25,40,154,4.0,4.0,4.0,4.0
616,162,33,5,ExtraTree,LC-PFN,6.060358136892319,0.0479351319372653,0.0025563470553606,25,0.1,25,25,155,4.0,4.0,4.0,4.0
617,162,33,5,ExtraTree,MMF4,4.62667286740781,0.0382497800216628,0.0018057446551852,25,0.1,25,25,155,2.0,2.0,2.0,2.0
618,162,33,5,ExtraTree,WBL4,5.148616714566539,0.0423092341799971,0.002154771448819,25,0.1,25,25,155,3.0,3.0,3.0,3.0
619,162,33,5,ExtraTree,POW4,2.7127716883987727,0.0229704969457404,0.0007119621125012,25,0.1,25,25,155,1.0,1.0,1.0,1.0
620,159,181,20,ens.ExtraTrees,LC-PFN,4.171120375394821,0.0443447567522525,0.002152633620426,25,0.1,25,23,156,4.0,4.0,4.0,4.0
621,159,181,20,ens.ExtraTrees,MMF4,1.6318062516056004,0.0187423590841076,0.0005059024693819,25,0.1,25,23,156,2.0,2.0,2.0,2.0
622,159,181,20,ens.ExtraTrees,WBL4,2.846820326170363,0.0310144497183667,0.0015204291550421,25,0.1,25,23,156,3.0,3.0,3.0,3.0
623,159,181,20,ens.ExtraTrees,POW4,1.2071553592068267,0.0134094301599964,0.0002581229785177,25,0.1,25,23,156,1.0,1.0,1.0,1.0
624,163,235,4,Decision Tree,LC-PFN,0.3875172697007656,0.0074921371415257,9.629657870391384e-05,25,0.1,25,39,157,2.0,2.0,2.0,2.0
625,163,235,4,Decision Tree,MMF4,1.221736243936859,0.0234009149180111,0.0006273538547385,25,0.1,25,39,157,3.0,3.0,3.0,3.0
626,163,235,4,Decision Tree,WBL4,1.2526525729330062,0.0239847218212305,0.0006551467945222,25,0.1,25,39,157,4.0,4.0,4.0,4.0
627,163,235,4,Decision Tree,POW4,0.3453097240743982,0.0067409921044898,5.994447000355589e-05,25,0.1,25,39,157,1.0,1.0,1.0,1.0
628,168,129,22,ens.GradientBoosting,LC-PFN,0.7250047288835049,0.0142606906592845,0.0002367945271544,25,0.1,25,36,158,2.0,2.0,2.0,2.0
629,168,129,22,ens.GradientBoosting,MMF4,0.8232207865150116,0.0161743580779135,0.0002982875410513,25,0.1,25,36,158,4.0,4.0,4.0,4.0
630,168,129,22,ens.GradientBoosting,WBL4,0.8091566168958276,0.0159005694089605,0.0002898752438447,25,0.1,25,36,158,3.0,3.0,3.0,3.0
631,168,129,22,ens.GradientBoosting,POW4,0.5914167368239102,0.0116512162886984,0.0001598675259683,25,0.1,25,36,158,1.0,1.0,1.0,1.0
632,169,222,4,Decision Tree,LC-PFN,2.739597298204899,0.0475629270076751,0.002504889620468,25,0.1,25,39,159,4.0,4.0,4.0,4.0
633,169,222,4,Decision Tree,MMF4,1.237345844243379,0.0214817959550597,0.000610693867677,25,0.1,25,39,159,3.0,3.0,3.0,3.0
634,169,222,4,Decision Tree,WBL4,1.1975040935603851,0.0210360919330265,0.0005510754422564,25,0.1,25,39,159,2.0,2.0,2.0,2.0
635,169,222,4,Decision Tree,POW4,0.9483290119162944,0.0165030660182077,0.0003687418216941,25,0.1,25,39,159,1.0,1.0,1.0,1.0
636,171,99,13,QDA,LC-PFN,3.628838062286377,0.0514467097818851,0.0029403904918581,25,0.1,25,21,160,2.0,2.0,2.0,2.0
637,171,99,13,QDA,MMF4,5.315289941246007,0.0833567588928508,0.0079716030243475,25,0.1,25,21,160,3.0,3.0,3.0,3.0
638,171,99,13,QDA,WBL4,6.699299938333926,0.0922052430039957,0.0103040599878024,25,0.1,25,21,160,4.0,4.0,4.0,4.0
639,171,99,13,QDA,POW4,3.351904842378474,0.0470287412130782,0.0022537003812478,25,0.1,25,21,160,1.0,1.0,1.0,1.0
640,170,228,13,QDA,LC-PFN,11.941921710968018,0.1271693110466003,0.0390435792505741,25,0.1,25,20,161,4.0,4.0,1.0,3.0
641,170,228,13,QDA,MMF4,9.330208659643702,0.1096146438107786,0.0430763031199222,25,0.1,25,20,161,2.0,2.0,3.0,2.3333333333333335
642,170,228,13,QDA,WBL4,9.769056501081725,0.1139227026427182,0.0469267740766362,25,0.1,25,20,161,3.0,3.0,4.0,3.3333333333333335
643,170,228,13,QDA,POW4,9.130121389270888,0.107288924409086,0.0398740697811152,25,0.1,25,20,161,1.0,1.0,2.0,1.3333333333333333
644,175,155,19,NearestCentroid,LC-PFN,2.908112853765488,0.0420461669564247,0.0024161874316632,25,0.1,25,55,162,3.0,3.0,3.0,3.0
645,175,155,19,NearestCentroid,MMF4,0.2053440629191596,0.0028582977220666,1.3955581794541364e-05,25,0.1,25,55,162,1.0,1.0,1.0,1.0
646,175,155,19,NearestCentroid,WBL4,0.2988794106081294,0.004153605725899,2.7214354504173914e-05,25,0.1,25,55,162,2.0,2.0,2.0,2.0
647,175,155,19,NearestCentroid,POW4,5.377081220373033,0.0797223710057261,0.0074426427166304,25,0.1,25,55,162,4.0,4.0,4.0,4.0
648,166,88,8,Perceptron,LC-PFN,1.809762790799141,0.0249644462019205,0.000879437488038,25,0.1,25,45,163,4.0,4.0,4.0,4.0
649,166,88,8,Perceptron,MMF4,0.8226842362247763,0.0111647360933992,0.0001970724999019,25,0.1,25,45,163,1.0,1.0,2.0,1.3333333333333333
650,166,88,8,Perceptron,WBL4,0.8239966187426166,0.0111824512036556,0.0001985431202529,25,0.1,25,45,163,2.0,2.0,3.0,2.3333333333333335
651,166,88,8,Perceptron,POW4,0.8272309780345682,0.0112264027842249,0.0001837637358138,25,0.1,25,45,163,3.0,3.0,1.0,2.3333333333333335
652,174,159,13,QDA,LC-PFN,4.2653638869524,0.0647200718522071,0.0046657770872116,25,0.1,25,26,164,4.0,4.0,4.0,4.0
653,174,159,13,QDA,MMF4,2.021930994233339,0.0313912118848802,0.001097016524393,25,0.1,25,26,164,1.0,1.0,1.0,1.0
654,174,159,13,QDA,WBL4,2.486649373315985,0.0387255161428654,0.0018539164135316,25,0.1,25,26,164,3.0,3.0,3.0,3.0
655,174,159,13,QDA,POW4,2.172385529915588,0.0331407638388482,0.0013464112603974,25,0.1,25,26,164,2.0,2.0,2.0,2.0
656,172,147,11,MLP,LC-PFN,17.42326021194458,0.0536754317581653,0.0029060442466288,25,0.1,25,3,165,4.0,4.0,4.0,4.0
657,172,147,11,MLP,MMF4,4.341562708334078,0.0150873337704038,0.0002910364310001,25,0.1,25,3,165,3.0,1.0,3.0,2.3333333333333335
658,172,147,11,MLP,WBL4,4.314382546894198,0.0162133333349615,0.0002904277333856,25,0.1,25,3,165,2.0,3.0,2.0,2.3333333333333335
659,172,147,11,MLP,POW4,4.3143824843424,0.016213333088138,0.0002904277252983,25,0.1,25,3,165,1.0,2.0,1.0,1.3333333333333333
660,176,81,6,LogisticRegression,LC-PFN,1.959831453859806,0.020955890417099,0.0005458837840706,25,0.1,25,30,166,4.0,3.0,4.0,3.6666666666666665
661,176,81,6,LogisticRegression,MMF4,1.9515063165975357,0.0211270526525121,0.0005372454704859,25,0.1,25,30,166,3.0,4.0,3.0,3.3333333333333335
662,176,81,6,LogisticRegression,WBL4,1.4788763791448567,0.0161006802712205,0.0003231073274698,25,0.1,25,30,166,1.0,1.0,1.0,1.0
663,176,81,6,LogisticRegression,POW4,1.4788763925957942,0.0161006804150053,0.0003231073320736,25,0.1,25,30,166,2.0,2.0,2.0,2.0
664,180,31,15,MultinomialNB,LC-PFN,0.6188856437802315,0.0100355073809623,0.0001414748985553,25,0.1,25,66,167,2.0,2.0,2.0,2.0
665,180,31,15,MultinomialNB,MMF4,1.065532377577779,0.0169145628189891,0.0003257744466578,25,0.1,25,66,167,3.0,3.0,3.0,3.0
666,180,31,15,MultinomialNB,WBL4,1.4427187335510088,0.0228068383374223,0.0005693477559314,25,0.1,25,66,167,4.0,4.0,4.0,4.0
667,180,31,15,MultinomialNB,POW4,0.3883407045612387,0.0062493886437085,4.052571385010755e-05,25,0.1,25,66,167,1.0,1.0,1.0,1.0
668,177,8,14,BernoulliNB,LC-PFN,3.714565932750702,0.035181488841772,0.0016574917826801,25,0.1,25,29,168,2.0,2.0,2.0,2.0
669,177,8,14,BernoulliNB,MMF4,4.499032106827749,0.0433126489393214,0.0021551346390677,25,0.1,25,29,168,3.0,3.0,3.0,3.0
670,177,8,14,BernoulliNB,WBL4,2.846348935381911,0.0267788000569419,0.0007796514029275,25,0.1,25,29,168,1.0,1.0,1.0,1.0
671,177,8,14,BernoulliNB,POW4,4.880031947807654,0.047252204801863,0.0026061886065,25,0.1,25,29,168,4.0,4.0,4.0,4.0
672,178,130,0,SVC_linear,LC-PFN,2.027573063969612,0.0305756200104951,0.0013020837213844,25,0.1,25,44,169,1.0,1.0,1.0,1.0
673,178,130,0,SVC_linear,MMF4,6.558051080981881,0.1085117676975071,0.0164794341023004,25,0.1,25,44,169,3.0,3.0,3.0,3.0
674,178,130,0,SVC_linear,WBL4,11.955742929209162,0.2070889120784062,0.0467764492317999,25,0.1,25,44,169,4.0,4.0,4.0,4.0
675,178,130,0,SVC_linear,POW4,3.788827435275065,0.0599035199210185,0.0055898145464182,25,0.1,25,44,169,2.0,2.0,2.0,2.0
676,179,3,5,ExtraTree,LC-PFN,2.4630283936858177,0.0353207737207412,0.0014978952240198,25,0.1,25,29,170,2.0,2.0,2.0,2.0
677,179,3,5,ExtraTree,MMF4,3.276426542753644,0.0471665471719674,0.0031178107977493,25,0.1,25,29,170,3.0,3.0,3.0,3.0
678,179,3,5,ExtraTree,WBL4,3.8365264168450106,0.0549482185458283,0.0044260129396076,25,0.1,25,29,170,4.0,4.0,4.0,4.0
679,179,3,5,ExtraTree,POW4,1.7239365142309913,0.0252520830968436,0.0008878558607643,25,0.1,25,29,170,1.0,1.0,1.0,1.0
680,181,216,1,SVC_poly,LC-PFN,3.4178510308265686,0.0514323413372039,0.0031750425696372,25,0.1,25,70,171,1.0,1.0,1.0,1.0
681,181,216,1,SVC_poly,MMF4,7.033781116172764,0.1017109855609604,0.0123867781418036,25,0.1,25,70,171,3.0,3.0,3.0,3.0
682,181,216,1,SVC_poly,WBL4,7.224957718631315,0.1042550461554713,0.0129254579560878,25,0.1,25,70,171,4.0,4.0,4.0,4.0
683,181,216,1,SVC_poly,POW4,4.836322475218916,0.0717405229200246,0.0065635386659011,25,0.1,25,70,171,2.0,2.0,2.0,2.0
684,182,16,2,SVC_rbf,LC-PFN,1.0662046261131763,0.0194144751876592,0.0003997747262474,25,0.1,25,40,172,4.0,4.0,4.0,4.0
685,182,16,2,SVC_rbf,MMF4,0.2030485614340963,0.0036734404882145,2.6142984362377456e-05,25,0.1,25,40,172,3.0,3.0,3.0,3.0
686,182,16,2,SVC_rbf,WBL4,0.0646549468935701,0.0011637188992133,2.6540630341478954e-06,25,0.1,25,40,172,2.0,2.0,2.0,2.0
687,182,16,2,SVC_rbf,POW4,0.0639807403171656,0.0011515990631388,2.60039447133779e-06,25,0.1,25,40,172,1.0,1.0,1.0,1.0
688,183,245,1,SVC_poly,LC-PFN,1.224928442388773,0.0197079610079526,0.0012321294052526,25,0.1,25,78,173,4.0,4.0,4.0,4.0
689,183,245,1,SVC_poly,MMF4,1.1472097347865469,0.018312636334302,0.0005971340427628,25,0.1,25,78,173,2.0,2.0,2.0,2.0
690,183,245,1,SVC_poly,WBL4,1.160338494652258,0.0185238844438091,0.0005993737426603,25,0.1,25,78,173,3.0,3.0,3.0,3.0
691,183,245,1,SVC_poly,POW4,1.0713839685667252,0.0170906159690238,0.0005905768922801,25,0.1,25,78,173,1.0,1.0,1.0,1.0
692,186,244,4,Decision Tree,LC-PFN,0.3951447550207376,0.0070032910443842,6.81498131598346e-05,25,0.1,25,40,174,1.0,1.0,1.0,1.0
693,186,244,4,Decision Tree,MMF4,1.2221530331488295,0.02148610132786,0.0006619931028495,25,0.1,25,40,174,3.0,3.0,3.0,3.0
694,186,244,4,Decision Tree,WBL4,1.2664410027165018,0.0222508936117325,0.0007022325203088,25,0.1,25,40,174,4.0,4.0,4.0,4.0
695,186,244,4,Decision Tree,POW4,1.1936699199624974,0.0209939212205352,0.0006393934629157,25,0.1,25,40,174,2.0,2.0,2.0,2.0
696,184,163,1,SVC_poly,LC-PFN,0.6048818118870258,0.0112198498100042,0.0001692247460596,25,0.1,25,26,175,2.0,2.0,2.0,2.0
697,184,163,1,SVC_poly,MMF4,0.6896920647354661,0.0128194425872621,0.000251842698352,25,0.1,25,26,175,3.0,3.0,3.0,3.0
698,184,163,1,SVC_poly,WBL4,1.3538246406602954,0.0249369159355831,0.0009633576211037,25,0.1,25,26,175,4.0,4.0,4.0,4.0
699,184,163,1,SVC_poly,POW4,0.5155927133494829,0.0095692203721037,9.74734752653312e-05,25,0.1,25,26,175,1.0,1.0,1.0,1.0
700,188,203,9,RidgeClassifier,LC-PFN,2.8453920036554337,0.0386803746223449,0.0018696677871048,25,0.1,25,36,176,1.0,1.0,1.0,1.0
701,188,203,9,RidgeClassifier,MMF4,4.614083414769077,0.0615397747381273,0.0050310222714169,25,0.1,25,36,176,3.0,3.0,3.0,3.0
702,188,203,9,RidgeClassifier,WBL4,4.70146181113019,0.0626371733225558,0.0051887690213206,25,0.1,25,36,176,4.0,4.0,4.0,4.0
703,188,203,9,RidgeClassifier,POW4,3.9272178968393487,0.0528458258654415,0.0038960436652455,25,0.1,25,36,176,2.0,2.0,2.0,2.0
704,190,103,21,ens.RandomForest,LC-PFN,0.1176129328086972,0.0022915275767445,7.862976417527534e-06,25,0.1,25,22,177,1.0,1.0,1.0,1.0
705,190,103,21,ens.RandomForest,MMF4,0.4951429814145141,0.0096070923864779,0.0001017184511234,25,0.1,25,22,177,3.0,3.0,3.0,3.0
706,190,103,21,ens.RandomForest,WBL4,0.5401648181692014,0.0104754897432528,0.0001196262482483,25,0.1,25,22,177,4.0,4.0,4.0,4.0
707,190,103,21,ens.RandomForest,POW4,0.1904883905544064,0.0037095803398207,1.8103662316609816e-05,25,0.1,25,22,177,2.0,2.0,2.0,2.0
708,187,83,2,SVC_rbf,LC-PFN,0.3509451169520616,0.0061087296344339,4.220249320496805e-05,25,0.1,25,21,178,2.0,2.0,2.0,2.0
709,187,83,2,SVC_rbf,MMF4,0.4550068853880036,0.0079199610550127,9.973678418406204e-05,25,0.1,25,21,178,3.0,3.0,3.0,3.0
710,187,83,2,SVC_rbf,WBL4,0.7144933715270647,0.0123864308599124,0.0002280822311859,25,0.1,25,21,178,4.0,4.0,4.0,4.0
711,187,83,2,SVC_rbf,POW4,0.1731986124880038,0.0030202419873949,1.744614657101126e-05,25,0.1,25,21,178,1.0,1.0,1.0,1.0
712,191,58,15,MultinomialNB,LC-PFN,3.5739343613386154,0.0463455542922019,0.0021740060765296,25,0.1,25,49,179,2.0,2.0,2.0,2.0
713,191,58,15,MultinomialNB,MMF4,13.221279292443969,0.1607541110127081,0.0299285064458532,25,0.1,25,49,179,3.0,3.0,3.0,3.0
714,191,58,15,MultinomialNB,WBL4,14.38405317597409,0.172884478362203,0.0342930642398776,25,0.1,25,49,179,4.0,4.0,4.0,4.0
715,191,58,15,MultinomialNB,POW4,0.7968064573222154,0.0105196273587987,0.0001337871310188,25,0.1,25,49,179,1.0,1.0,1.0,1.0
716,193,143,14,BernoulliNB,LC-PFN,1.2608394026756289,0.019550135359168,0.0004690020577982,25,0.1,25,13,180,3.0,3.0,3.0,3.0
717,193,143,14,BernoulliNB,MMF4,1.180586733819727,0.0182795123660678,0.000368287756412,25,0.1,25,13,180,2.0,2.0,2.0,2.0
718,193,143,14,BernoulliNB,WBL4,1.093456547179965,0.0169138879695057,0.0003197321465521,25,0.1,25,13,180,1.0,1.0,1.0,1.0
719,193,143,14,BernoulliNB,POW4,2.253271777056404,0.0353356428412121,0.0014270183465731,25,0.1,25,13,180,4.0,4.0,4.0,4.0
720,194,237,10,SGDClassifier,LC-PFN,0.5733487196266651,0.0106390416622161,0.0001367770601063,25,0.1,25,14,181,1.0,1.0,1.0,1.0
721,194,237,10,SGDClassifier,MMF4,1.10069024027062,0.020327706201213,0.0005551312063818,25,0.1,25,14,181,3.0,3.0,3.0,3.0
722,194,237,10,SGDClassifier,WBL4,1.3356740518287833,0.0245924198252353,0.000783134674847,25,0.1,25,14,181,4.0,4.0,4.0,4.0
723,194,237,10,SGDClassifier,POW4,0.8891958748077159,0.0164634490168462,0.0003570614374056,25,0.1,25,14,181,2.0,2.0,2.0,2.0
724,195,20,1,SVC_poly,LC-PFN,0.6595633458346128,0.0101640056818723,0.0001342390023637,25,0.1,25,18,182,2.0,2.0,2.0,2.0
725,195,20,1,SVC_poly,MMF4,0.880202899018488,0.013639066840388,0.0002700029999044,25,0.1,25,18,182,3.0,3.0,3.0,3.0
726,195,20,1,SVC_poly,WBL4,0.959139788377247,0.0148811205320297,0.0003225302005999,25,0.1,25,18,182,4.0,4.0,4.0,4.0
727,195,20,1,SVC_poly,POW4,0.5476683168120533,0.0084392231935381,9.989143643150358e-05,25,0.1,25,18,182,1.0,1.0,1.0,1.0
728,197,132,19,NearestCentroid,LC-PFN,0.9093131870031356,0.0160662773996591,0.0003241045342292,25,0.1,25,48,183,4.0,4.0,4.0,4.0
729,197,132,19,NearestCentroid,MMF4,0.0940087956708734,0.0016402206636906,3.234926577886505e-06,25,0.1,25,48,183,2.0,2.0,2.0,2.0
730,197,132,19,NearestCentroid,WBL4,0.1328996902363369,0.0023177306024178,6.123181258369708e-06,25,0.1,25,48,183,3.0,3.0,3.0,3.0
731,197,132,19,NearestCentroid,POW4,0.0314746776044148,0.0005492827040174,5.248870823586742e-07,25,0.1,25,48,183,1.0,1.0,1.0,1.0
732,196,178,18,KNN,LC-PFN,5.216493085026741,0.045140728354454,0.0022637511137872,25,0.1,25,42,184,4.0,4.0,4.0,4.0
733,196,178,18,KNN,MMF4,2.878549827569541,0.0298327918922001,0.0012281615905003,25,0.1,25,42,184,2.0,2.0,2.0,2.0
734,196,178,18,KNN,WBL4,3.2662869794188887,0.0341855037495084,0.0016556325174474,25,0.1,25,42,184,3.0,3.0,3.0,3.0
735,196,178,18,KNN,POW4,1.0701720611046808,0.0105269042959476,0.0001475992308648,25,0.1,25,42,184,1.0,1.0,1.0,1.0
736,198,236,4,Decision Tree,LC-PFN,0.966881588101387,0.0167697742581367,0.0003035745467059,25,0.1,25,30,185,1.0,1.0,1.0,1.0
737,198,236,4,Decision Tree,MMF4,2.183835085350448,0.0375769519014536,0.001715846850386,25,0.1,25,30,185,3.0,2.0,3.0,2.6666666666666665
738,198,236,4,Decision Tree,WBL4,2.843417137698855,0.0485517509741889,0.0027998903756153,25,0.1,25,30,185,4.0,4.0,4.0,4.0
739,198,236,4,Decision Tree,POW4,2.1356973868311147,0.0384289205618748,0.0016279267693535,25,0.1,25,30,185,2.0,3.0,2.0,2.3333333333333335
740,192,145,13,QDA,LC-PFN,2.564452402293682,0.0470001697540283,0.0031004885677248,25,0.1,25,22,186,3.0,3.0,3.0,3.0
741,192,145,13,QDA,MMF4,1.7417689931189873,0.0314904521818732,0.0018889603197196,25,0.1,25,22,186,2.0,2.0,2.0,2.0
742,192,145,13,QDA,WBL4,1.6491861073788532,0.0297612833954658,0.0017830457248824,25,0.1,25,22,186,1.0,1.0,1.0,1.0
743,192,145,13,QDA,POW4,4.121735792904316,0.0771375421292313,0.0073270325758346,25,0.1,25,22,186,4.0,4.0,4.0,4.0
744,199,209,12,LDA,LC-PFN,3.937733173370361,0.0532593801617622,0.0033964456524699,25,0.1,25,14,187,1.0,1.0,1.0,1.0
745,199,209,12,LDA,MMF4,8.357472563132351,0.1077538882557902,0.0128347883333972,25,0.1,25,14,187,3.0,3.0,3.0,3.0
746,199,209,12,LDA,WBL4,8.396076504339426,0.1082092379641629,0.0129331271866327,25,0.1,25,14,187,4.0,4.0,4.0,4.0
747,199,209,12,LDA,POW4,7.565627075407745,0.0983376547976988,0.0108315368385288,25,0.1,25,14,187,2.0,2.0,2.0,2.0
748,35,98,6,LogisticRegression,LC-PFN,0.4384936764836311,0.0073682181537151,7.8386023233179e-05,25,0.1,25,43,188,1.0,1.0,1.0,1.0
749,35,98,6,LogisticRegression,MMF4,1.747884355074096,0.0291120317918709,0.0008911553831458,25,0.1,25,43,188,2.0,2.0,2.0,2.0
750,35,98,6,LogisticRegression,WBL4,1.864056174550761,0.0310097991917281,0.0010071062414948,25,0.1,25,43,188,3.0,3.0,3.0,3.0
751,35,98,6,LogisticRegression,POW4,2.469630362882272,0.0436048937402093,0.0029065103721764,25,0.1,25,43,188,4.0,4.0,4.0,4.0
752,36,72,13,QDA,LC-PFN,6.561639904975891,0.0876726731657981,0.0117030059918761,25,0.1,25,51,189,2.0,2.0,2.0,2.0
753,36,72,13,QDA,MMF4,5.524112857141802,0.0709737871816469,0.0057567005583911,25,0.1,25,51,189,1.0,1.0,1.0,1.0
754,36,72,13,QDA,WBL4,20.48783943354739,0.3313737517977914,0.1204283119787864,25,0.1,25,51,189,4.0,4.0,4.0,4.0
755,36,72,13,QDA,POW4,9.087394483128064,0.1265061482278049,0.0245356564031289,25,0.1,25,51,189,3.0,3.0,3.0,3.0
756,85,226,12,LDA,LC-PFN,11.544983088970184,0.0675656422972679,0.0082130543887615,25,0.1,25,74,190,1.0,1.0,1.0,1.0
757,85,226,12,LDA,MMF4,23.679371403057356,0.1712715444157635,0.045882970743713,25,0.1,25,74,190,3.0,3.0,3.0,3.0
758,85,226,12,LDA,WBL4,26.80349280020383,0.1884912648314286,0.0554703570858422,25,0.1,25,74,190,4.0,4.0,4.0,4.0
759,85,226,12,LDA,POW4,16.792386765210328,0.1324868341930377,0.0231629591660025,25,0.1,25,74,190,2.0,2.0,2.0,2.0
760,17,42,3,SVC_sigmoid,LC-PFN,29.93000447750092,0.3291922807693481,0.1172976940870285,25,0.1,25,44,191,3.0,3.0,3.0,3.0
761,17,42,3,SVC_sigmoid,MMF4,33.77641010717189,0.3752606840214421,0.1624989546151624,25,0.1,25,44,191,4.0,4.0,4.0,4.0
762,17,42,3,SVC_sigmoid,WBL4,7.440638602341385,0.1172523366124452,0.0200839908716462,25,0.1,25,44,191,1.0,1.0,1.0,1.0
763,17,42,3,SVC_sigmoid,POW4,25.40515344499709,0.3005307398226335,0.1035966900836906,25,0.1,25,44,191,2.0,2.0,2.0,2.0
764,157,252,14,BernoulliNB,LC-PFN,19.44931298494339,0.1436555683612823,0.0212085582315921,25,0.1,25,45,192,2.0,2.0,2.0,2.0
765,157,252,14,BernoulliNB,MMF4,22.406771150868774,0.1676282207426536,0.0339681832448294,25,0.1,25,45,192,3.0,3.0,3.0,3.0
766,157,252,14,BernoulliNB,WBL4,22.885210760316856,0.1704191242593198,0.0349205938053089,25,0.1,25,45,192,4.0,4.0,4.0,4.0
767,157,252,14,BernoulliNB,POW4,2.763523625179833,0.026682309109976,0.0009514891119757,25,0.1,25,45,192,1.0,1.0,1.0,1.0
768,108,252,18,KNN,LC-PFN,31.489798426628116,0.2368277162313461,0.0638286545872688,25,0.1,25,45,193,4.0,4.0,3.0,3.6666666666666665
769,108,252,18,KNN,MMF4,25.404502902661697,0.2072349651445935,0.0578347594779067,25,0.1,25,45,193,2.0,2.0,2.0,2.0
770,108,252,18,KNN,WBL4,27.78087440279025,0.2211858730412024,0.0642696965570024,25,0.1,25,45,193,3.0,3.0,4.0,3.3333333333333335
771,108,252,18,KNN,POW4,6.723343967775473,0.0642423688143312,0.00509306258699,25,0.1,25,45,193,1.0,1.0,1.0,1.0
772,185,59,1,SVC_poly,LC-PFN,26.461681723594666,0.0978952273726463,0.0105228889733552,25,0.1,25,21,194,4.0,4.0,4.0,4.0
773,185,59,1,SVC_poly,MMF4,9.731554712309444,0.0429855294424109,0.0028980285708366,25,0.1,25,21,194,2.0,2.0,2.0,2.0
774,185,59,1,SVC_poly,WBL4,10.917845888667806,0.047461806788602,0.0033846208150409,25,0.1,25,21,194,3.0,3.0,3.0,3.0
775,185,59,1,SVC_poly,POW4,0.8096751365106722,0.0035247242404777,1.964396164989836e-05,25,0.1,25,21,194,1.0,1.0,1.0,1.0
776,0,260,5,ExtraTree,LC-PFN,1.0164504870772362,0.0128672244027256,0.0001992378965951,27,0.3,27,64,195,2.0,2.0,2.0,2.0
777,0,260,5,ExtraTree,MMF4,0.3321996876451078,0.0041364489812234,3.101117716998758e-05,27,0.3,27,64,195,1.0,1.0,1.0,1.0
778,0,260,5,ExtraTree,WBL4,1.2139215734053646,0.0153124520235941,0.0002636169367078,27,0.3,27,64,195,4.0,4.0,4.0,4.0
779,0,260,5,ExtraTree,POW4,1.2139215528411726,0.0153124517606063,0.0002636169286414,27,0.3,27,64,195,3.0,3.0,3.0,3.0
780,5,226,9,RidgeClassifier,LC-PFN,35.99978685379028,0.207580491900444,0.0631420686841011,29,0.3,29,70,196,4.0,4.0,4.0,4.0
781,5,226,9,RidgeClassifier,MMF4,32.782144824182346,0.1952505557582242,0.0565560887752694,29,0.3,29,70,196,2.0,2.0,2.0,2.0
782,5,226,9,RidgeClassifier,WBL4,33.23821638950246,0.1973393079295329,0.0580044589209347,29,0.3,29,70,196,3.0,3.0,3.0,3.0
783,5,226,9,RidgeClassifier,POW4,31.255974098981348,0.1880222097993792,0.0517149388688193,29,0.3,29,70,196,1.0,1.0,1.0,1.0
784,8,206,19,NearestCentroid,LC-PFN,1.1523576453328133,0.0212804805487394,0.0004915678291581,25,0.3,25,49,197,4.0,4.0,4.0,4.0
785,8,206,19,NearestCentroid,MMF4,0.7042245240126637,0.0127470626640126,0.0001757003097797,25,0.3,25,49,197,1.0,1.0,1.0,1.0
786,8,206,19,NearestCentroid,WBL4,0.9454908491525704,0.0170701565200976,0.0003118132985522,25,0.3,25,49,197,3.0,3.0,3.0,3.0
787,8,206,19,NearestCentroid,POW4,0.7226373825489791,0.0132937742356594,0.0002017442491205,25,0.3,25,49,197,2.0,2.0,2.0,2.0
788,10,162,22,ens.GradientBoosting,LC-PFN,0.9476890787482262,0.0186652336269617,0.0003517563454806,25,0.3,25,26,198,4.0,4.0,4.0,4.0
789,10,162,22,ens.GradientBoosting,MMF4,0.4780649508485956,0.0094607635860004,9.297430840374135e-05,25,0.3,25,26,198,3.0,3.0,3.0,3.0
790,10,162,22,ens.GradientBoosting,WBL4,0.4312389324280385,0.0085382825559562,7.668182280283375e-05,25,0.3,25,26,198,2.0,2.0,2.0,2.0
791,10,162,22,ens.GradientBoosting,POW4,0.0909543635771693,0.0018049947567641,5.613104653198543e-06,25,0.3,25,26,198,1.0,1.0,1.0,1.0
792,1,14,18,KNN,LC-PFN,0.9161006659269332,0.0175966918468475,0.0003999028122052,25,0.3,25,41,199,1.0,1.0,1.0,1.0
793,1,14,18,KNN,MMF4,1.0156256007032456,0.0195104524875838,0.0005334348332538,25,0.3,25,41,199,2.0,2.0,2.0,2.0
794,1,14,18,KNN,WBL4,2.659614390079911,0.0499989511811867,0.0030301498944136,25,0.3,25,41,199,3.0,3.0,3.0,3.0
795,1,14,18,KNN,POW4,3.0172104540189992,0.0553128395347967,0.0034454899047535,25,0.3,25,41,199,4.0,4.0,4.0,4.0
796,12,236,7,PassiveAggressive,LC-PFN,1.4063015580177307,0.0178162474185228,0.0004887920222245,25,0.3,25,30,200,1.0,1.0,1.0,1.0
797,12,236,7,PassiveAggressive,MMF4,1.6211807258883035,0.0204565663281686,0.000637668710344,25,0.3,25,30,200,3.0,3.0,3.0,3.0
798,12,236,7,PassiveAggressive,WBL4,1.8334239628643592,0.0230987935529772,0.0008189607123926,25,0.3,25,30,200,4.0,4.0,4.0,4.0
799,12,236,7,PassiveAggressive,POW4,1.5939802476860614,0.0201309059888976,0.000614668614153,25,0.3,25,30,200,2.0,2.0,2.0,2.0
800,14,2,6,LogisticRegression,LC-PFN,0.525604235008359,0.0091478824615478,0.0001247351465281,25,0.3,25,15,201,3.0,3.0,3.0,3.0
801,14,2,6,LogisticRegression,MMF4,0.1544741644769311,0.0026719956481373,1.1088666911503825e-05,25,0.3,25,15,201,2.0,2.0,2.0,2.0
802,14,2,6,LogisticRegression,WBL4,0.1408430547736901,0.0024357354434754,9.188912129963867e-06,25,0.3,25,15,201,1.0,1.0,1.0,1.0
803,14,2,6,LogisticRegression,POW4,1.0811946575764413,0.0189004742947983,0.0003748431559272,25,0.3,25,15,201,4.0,4.0,4.0,4.0
804,7,77,10,SGDClassifier,LC-PFN,0.9902910329401492,0.0119049716740846,0.0002029149909503,25,0.3,25,21,202,1.0,1.0,1.0,1.0
805,7,77,10,SGDClassifier,MMF4,1.2932368213249117,0.0156052425779292,0.0003591031911552,25,0.3,25,21,202,3.0,3.0,3.0,3.0
806,7,77,10,SGDClassifier,WBL4,8.505990008420032,0.1128934474003261,0.0146506444355915,25,0.3,25,21,202,4.0,4.0,4.0,4.0
807,7,77,10,SGDClassifier,POW4,1.1654906963213565,0.0140264461887341,0.0002975085090892,25,0.3,25,21,202,2.0,2.0,2.0,2.0
808,4,162,17,GaussianNB,LC-PFN,1.018266286700964,0.0200704652816057,0.0004037608159705,25,0.3,25,26,203,4.0,4.0,4.0,4.0
809,4,162,17,GaussianNB,MMF4,0.2956990969936263,0.0058707598095697,3.547003721002543e-05,25,0.3,25,26,203,2.0,2.0,2.0,2.0
810,4,162,17,GaussianNB,WBL4,0.3818142538909007,0.007573810985197,5.853618326680008e-05,25,0.3,25,26,203,3.0,3.0,3.0,3.0
811,4,162,17,GaussianNB,POW4,0.0939322366359067,0.0018657357412068,6.667904906308489e-06,25,0.3,25,26,203,1.0,1.0,1.0,1.0
812,13,248,11,MLP,LC-PFN,0.8006452582776546,0.0130445715039968,0.0001896729954751,25,0.3,25,34,204,2.0,2.0,2.0,2.0
813,13,248,11,MLP,MMF4,4.53727526561691,0.0711342280455122,0.0055895569718761,25,0.3,25,34,204,4.0,4.0,4.0,4.0
814,13,248,11,MLP,WBL4,4.379301636705429,0.0687738484633276,0.0052807268894597,25,0.3,25,34,204,3.0,3.0,3.0,3.0
815,13,248,11,MLP,POW4,0.4490101924200302,0.0073180990356528,6.208332623973543e-05,25,0.3,25,34,204,1.0,1.0,1.0,1.0
816,3,183,19,NearestCentroid,LC-PFN,11.31366491317749,0.0352322161197662,0.0014684908092021,31,0.3,31,75,205,3.0,3.0,3.0,3.0
817,3,183,19,NearestCentroid,MMF4,20.44101107519133,0.0580787414911142,0.0043288005754073,31,0.3,31,75,205,4.0,4.0,4.0,4.0
818,3,183,19,NearestCentroid,WBL4,6.035720750546459,0.0200662021486791,0.0004708011467399,31,0.3,31,75,205,1.0,1.0,1.0,1.0
819,3,183,19,NearestCentroid,POW4,6.03572075501776,0.0200662021632553,0.0004708011479609,31,0.3,31,75,205,2.0,2.0,2.0,2.0
820,9,248,19,NearestCentroid,LC-PFN,0.2597756450995803,0.0041713486425578,3.1235340429702774e-05,25,0.3,25,34,206,1.0,1.0,1.0,1.0
821,9,248,19,NearestCentroid,MMF4,1.1114481756052326,0.0175623677364718,0.0003649433176347,25,0.3,25,34,206,3.0,3.0,3.0,3.0
822,9,248,19,NearestCentroid,WBL4,1.3757971207857205,0.0216732858983914,0.0005406920576437,25,0.3,25,34,206,4.0,4.0,4.0,4.0
823,9,248,19,NearestCentroid,POW4,0.3978665857754067,0.0063613194590426,4.3641710620199225e-05,25,0.3,25,34,206,2.0,2.0,2.0,2.0
824,11,139,2,SVC_rbf,LC-PFN,0.5682751070708036,0.0100529007613658,0.0001328952930634,25,0.3,25,25,207,4.0,4.0,4.0,4.0
825,11,139,2,SVC_rbf,MMF4,0.1100097010518036,0.0019298332497133,4.053960201990616e-06,25,0.3,25,25,207,3.0,3.0,3.0,3.0
826,11,139,2,SVC_rbf,WBL4,0.0933032560955658,0.0016370554504805,3.028292204650848e-06,25,0.3,25,25,207,1.0,1.0,1.0,1.0
827,11,139,2,SVC_rbf,POW4,0.1047255776991206,0.001837245951049,3.662955816428309e-06,25,0.3,25,25,207,2.0,2.0,2.0,2.0
828,2,157,20,ens.ExtraTrees,LC-PFN,0.4819993861019611,0.0093276519328355,0.000111021057819,25,0.3,25,26,208,2.0,2.0,2.0,2.0
829,2,157,20,ens.ExtraTrees,MMF4,0.5534242327160276,0.0106332270909886,0.0001417058511547,25,0.3,25,26,208,3.0,3.0,3.0,3.0
830,2,157,20,ens.ExtraTrees,WBL4,0.6320488994243881,0.0121321908819247,0.0001778152237299,25,0.3,25,26,208,4.0,4.0,4.0,4.0
831,2,157,20,ens.ExtraTrees,POW4,0.3055955203558356,0.0059225114359734,3.88032629073367e-05,25,0.3,25,26,208,1.0,1.0,1.0,1.0
832,22,165,1,SVC_poly,LC-PFN,0.983544997870922,0.0189803168177604,0.00036036624806,39,0.3,39,93,209,4.0,4.0,4.0,4.0
833,22,165,1,SVC_poly,MMF4,0.0092990980559983,0.0001777036905369,3.157868279308829e-08,39,0.3,39,93,209,2.0,2.0,2.0,2.0
834,22,165,1,SVC_poly,WBL4,0.0014301892024795,2.732766444367385e-05,7.468012439460356e-10,39,0.3,39,93,209,1.0,1.0,1.0,1.0
835,22,165,1,SVC_poly,POW4,0.0694885927307204,0.0013287118417859,1.7664485404588003e-06,39,0.3,39,93,209,3.0,3.0,3.0,3.0
836,15,150,2,SVC_rbf,LC-PFN,0.1467416994273662,0.0024774770718067,9.889569810184184e-06,25,0.3,25,6,210,4.0,4.0,4.0,4.0
837,15,150,2,SVC_rbf,MMF4,2.0930809755883218e-07,3.542137028134107e-09,1.2653213935308072e-17,25,0.3,25,6,210,1.0,1.0,1.0,1.0
838,15,150,2,SVC_rbf,WBL4,0.0016356503142454,2.7680694471621248e-05,7.757404308598258e-10,25,0.3,25,6,210,3.0,3.0,3.0,3.0
839,15,150,2,SVC_rbf,POW4,6.245754043795155e-06,1.0569738297568541e-07,1.1592175089491387e-14,25,0.3,25,6,210,2.0,2.0,2.0,2.0
840,18,48,7,PassiveAggressive,LC-PFN,1.6568122431635857,0.0259594675153493,0.0009368637693114,30,0.3,30,70,211,4.0,4.0,4.0,4.0
841,18,48,7,PassiveAggressive,MMF4,0.9719394723286564,0.0150214769253626,0.0003388494431456,30,0.3,30,70,211,2.0,2.0,2.0,2.0
842,18,48,7,PassiveAggressive,WBL4,0.7641188844424414,0.0117549129893191,0.0002172053332867,30,0.3,30,70,211,1.0,1.0,1.0,1.0
843,18,48,7,PassiveAggressive,POW4,0.9798441173342136,0.0151450529054562,0.0003436278076506,30,0.3,30,70,211,3.0,3.0,3.0,3.0
844,19,60,6,LogisticRegression,LC-PFN,1.244998164474964,0.0245937705039978,0.0006048546638339,25,0.3,25,2,212,4.0,4.0,4.0,4.0
845,19,60,6,LogisticRegression,MMF4,0.0432674222155429,0.0008649717236886,7.531111203842168e-07,25,0.3,25,2,212,2.0,2.0,2.0,2.0
846,19,60,6,LogisticRegression,WBL4,0.0398095362224604,0.0007958733837665,6.344279952326569e-07,25,0.3,25,2,212,1.0,1.0,1.0,1.0
847,19,60,6,LogisticRegression,POW4,0.6306218298270719,0.0125333982511505,0.0001570860717219,25,0.3,25,2,212,3.0,3.0,3.0,3.0
848,16,188,2,SVC_rbf,LC-PFN,1.2311208993196487,0.0199297126382589,0.0005173602257855,25,0.3,25,40,213,1.0,1.0,1.0,1.0
849,16,188,2,SVC_rbf,MMF4,2.231329810874467,0.0356706499453836,0.0016555896388715,25,0.3,25,40,213,3.0,3.0,3.0,3.0
850,16,188,2,SVC_rbf,WBL4,2.295603736690241,0.0366684088912956,0.0017326579364465,25,0.3,25,40,213,4.0,4.0,4.0,4.0
851,16,188,2,SVC_rbf,POW4,1.9101026972231168,0.0306647475482273,0.0012960800550506,25,0.3,25,40,213,2.0,2.0,2.0,2.0
852,23,157,14,BernoulliNB,LC-PFN,1.3609927147626877,0.0254221688956022,0.0006659765494987,25,0.3,25,26,214,4.0,4.0,4.0,4.0
853,23,157,14,BernoulliNB,MMF4,1.6471126915322715e-06,3.033531225788293e-08,1.145804210556616e-15,25,0.3,25,26,214,2.0,2.0,2.0,2.0
854,23,157,14,BernoulliNB,WBL4,4.9083723199416805e-09,9.039879955707876e-11,8.1719429613609e-21,25,0.3,25,26,214,1.0,1.0,1.0,1.0
855,23,157,14,BernoulliNB,POW4,1.76502335345962e-05,3.250691178159092e-07,1.2624237460906094e-13,25,0.3,25,26,214,3.0,3.0,3.0,3.0
856,27,136,17,GaussianNB,LC-PFN,0.3611404448747635,0.0070720990188419,5.523602521861904e-05,25,0.3,25,52,215,1.0,1.0,1.0,1.0
857,27,136,17,GaussianNB,MMF4,0.5954132878513422,0.0117904470201247,0.0001761460982275,25,0.3,25,52,215,3.0,3.0,3.0,3.0
858,27,136,17,GaussianNB,WBL4,0.7011660633915262,0.0138925680044723,0.0002209853347146,25,0.3,25,52,215,4.0,4.0,4.0,4.0
859,27,136,17,GaussianNB,POW4,0.4582125729703115,0.0090616193674344,0.0001205234515752,25,0.3,25,52,215,2.0,2.0,2.0,2.0
860,25,258,14,BernoulliNB,LC-PFN,2.378451637923717,0.0332845039665699,0.0013431464321911,38,0.3,38,90,216,4.0,4.0,4.0,4.0
861,25,258,14,BernoulliNB,MMF4,0.618582443496855,0.0084634394160056,7.63390833784714e-05,38,0.3,38,90,216,2.0,2.0,2.0,2.0
862,25,258,14,BernoulliNB,WBL4,0.1398423223420113,0.0019033873163427,3.776253797787389e-06,38,0.3,38,90,216,1.0,1.0,1.0,1.0
863,25,258,14,BernoulliNB,POW4,0.7085244899666314,0.0097037086900471,0.0001007904068136,38,0.3,38,90,216,3.0,3.0,3.0,3.0
864,32,253,16,ComplementNB,LC-PFN,13.733555376529694,0.065602421760559,0.0045903720892965,25,0.3,25,47,217,4.0,3.0,3.0,3.3333333333333335
865,32,253,16,ComplementNB,MMF4,2.0265368929837027,0.0113574185027189,0.0001704692737155,25,0.3,25,47,217,1.0,1.0,1.0,1.0
866,32,253,16,ComplementNB,WBL4,5.061652715560353,0.0274531599003308,0.0009762667702368,25,0.3,25,47,217,2.0,2.0,2.0,2.0
867,32,253,16,ComplementNB,POW4,10.66966034497188,0.0707796506004884,0.0064651397428066,25,0.3,25,47,217,3.0,4.0,4.0,3.6666666666666665
868,29,193,7,PassiveAggressive,LC-PFN,12.907396256923676,0.0297118164598941,0.0008916456135921,33,0.3,33,79,218,4.0,4.0,4.0,4.0
869,29,193,7,PassiveAggressive,MMF4,0.3261299468310851,0.0006525253192693,6.443989420716412e-07,33,0.3,33,79,218,3.0,3.0,3.0,3.0
870,29,193,7,PassiveAggressive,WBL4,0.258297993827608,0.0005172904569003,4.309215050117348e-07,33,0.3,33,79,218,2.0,2.0,2.0,2.0
871,29,193,7,PassiveAggressive,POW4,0.2582979146293785,0.0005172902979566,4.309212822426491e-07,33,0.3,33,79,218,1.0,1.0,1.0,1.0
872,21,128,8,Perceptron,LC-PFN,0.4945109132677316,0.0097004687413573,0.0001064508178387,25,0.3,25,29,219,3.0,3.0,3.0,3.0
873,21,128,8,Perceptron,MMF4,0.2768717590181584,0.0054444541523982,3.578102914323593e-05,25,0.3,25,29,219,1.0,1.0,1.0,1.0
874,21,128,8,Perceptron,WBL4,0.2818260205272939,0.0055415770636395,3.695558971390382e-05,25,0.3,25,29,219,2.0,2.0,2.0,2.0
875,21,128,8,Perceptron,POW4,0.5020204205933126,0.0098469733113086,0.0001102954318832,25,0.3,25,29,219,4.0,4.0,4.0,4.0
876,24,191,3,SVC_sigmoid,LC-PFN,5.547769740223885,0.0321767926216125,0.0021828070748597,25,0.3,25,3,220,1.0,1.0,3.0,1.6666666666666667
877,24,191,3,SVC_sigmoid,MMF4,6.232353483586075,0.0366900182337033,0.0013552847163207,25,0.3,25,3,220,2.0,2.0,1.0,1.6666666666666667
878,24,191,3,SVC_sigmoid,WBL4,12.19402381367746,0.0786388988524611,0.0076042613816982,25,0.3,25,3,220,4.0,4.0,4.0,4.0
879,24,191,3,SVC_sigmoid,POW4,7.081643108235605,0.0420559221229296,0.0020857425615763,25,0.3,25,3,220,3.0,3.0,2.0,2.6666666666666665
880,30,20,11,MLP,LC-PFN,1.0990814305841925,0.0150685012340545,0.0003689188160933,25,0.3,25,18,221,4.0,4.0,4.0,4.0
881,30,20,11,MLP,MMF4,0.5618576169441369,0.0076050443086369,0.0001233087224446,25,0.3,25,18,221,2.0,2.0,2.0,2.0
882,30,20,11,MLP,WBL4,0.5977219660149743,0.0080941870905411,0.0001158003605142,25,0.3,25,18,221,3.0,3.0,1.0,2.3333333333333335
883,30,20,11,MLP,POW4,0.5548333559292341,0.0075089893787847,0.0001280846804375,25,0.3,25,18,221,1.0,1.0,3.0,1.6666666666666667
884,31,44,15,MultinomialNB,LC-PFN,0.7573804352432489,0.0118784205988049,0.0001448557450203,25,0.3,25,6,222,4.0,4.0,4.0,4.0
885,31,44,15,MultinomialNB,MMF4,0.2224359845904667,0.0035103357574748,1.6798047180048443e-05,25,0.3,25,6,222,1.0,1.0,1.0,1.0
886,31,44,15,MultinomialNB,WBL4,0.3440815905426167,0.0054218905480576,3.51061105442291e-05,25,0.3,25,6,222,3.0,3.0,3.0,3.0
887,31,44,15,MultinomialNB,POW4,0.2426220324103253,0.0038278908000837,1.928351989750377e-05,25,0.3,25,6,222,2.0,2.0,2.0,2.0
888,26,194,6,LogisticRegression,LC-PFN,16.416068375110626,0.0678718388080596,0.0047257728874683,31,0.3,31,74,223,4.0,4.0,4.0,4.0
889,26,194,6,LogisticRegression,MMF4,1.1468342572357657,0.0054730920696343,3.922643231095536e-05,31,0.3,31,74,223,1.0,1.0,1.0,1.0
890,26,194,6,LogisticRegression,WBL4,1.428840844540488,0.007072958350449,6.737798230172129e-05,31,0.3,31,74,223,2.0,2.0,3.0,2.3333333333333335
891,26,194,6,LogisticRegression,POW4,1.5351284710382882,0.0073346800237333,6.163107342913496e-05,31,0.3,31,74,223,3.0,3.0,2.0,2.6666666666666665
892,28,103,7,PassiveAggressive,LC-PFN,0.6923911161720753,0.0128989657387137,0.0002742982469499,25,0.3,25,22,224,1.0,1.0,1.0,1.0
893,28,103,7,PassiveAggressive,MMF4,2.3555069795487174,0.0433902458262157,0.0020251844509726,25,0.3,25,22,224,3.0,3.0,3.0,3.0
894,28,103,7,PassiveAggressive,WBL4,3.0323208466283136,0.0554750986936378,0.0032903576840732,25,0.3,25,22,224,4.0,4.0,4.0,4.0
895,28,103,7,PassiveAggressive,POW4,0.9102808696656756,0.0168693660538148,0.0004633106449657,25,0.3,25,22,224,2.0,2.0,2.0,2.0
896,33,5,3,SVC_sigmoid,LC-PFN,23.756229877471924,0.0876493379473686,0.010482563637197,25,0.3,25,29,225,1.0,1.0,1.0,1.0
897,33,5,3,SVC_sigmoid,MMF4,28.20535703982488,0.0994052941456865,0.0128757592695787,25,0.3,25,29,225,4.0,4.0,4.0,4.0
898,33,5,3,SVC_sigmoid,WBL4,27.7788925949979,0.0983261302113467,0.0126623746475788,25,0.3,25,29,225,2.0,2.0,2.0,2.0
899,33,5,3,SVC_sigmoid,POW4,27.77889266421372,0.0983261303868212,0.012662374681625,25,0.3,25,29,225,3.0,3.0,3.0,3.0
900,34,254,1,SVC_poly,LC-PFN,7.796827703714371,0.0700398907065391,0.0049723251722753,27,0.3,27,66,226,1.0,1.0,1.0,1.0
901,34,254,1,SVC_poly,MMF4,11.04242246880746,0.0992737158660953,0.0122107527005912,27,0.3,27,66,226,3.0,3.0,3.0,3.0
902,34,254,1,SVC_poly,WBL4,11.314762040139527,0.1014335307766695,0.0127778320668917,27,0.3,27,66,226,4.0,4.0,4.0,4.0
903,34,254,1,SVC_poly,POW4,10.9436153987733,0.0984867400749909,0.0120082354603071,27,0.3,27,66,226,2.0,2.0,2.0,2.0
904,20,130,1,SVC_poly,LC-PFN,1.1039361357688904,0.0199914947152137,0.0004363034968264,25,0.3,25,44,227,4.0,4.0,4.0,4.0
905,20,130,1,SVC_poly,MMF4,0.0462571899800496,0.0008271921600097,7.540751706525584e-07,25,0.3,25,44,227,3.0,3.0,3.0,3.0
906,20,130,1,SVC_poly,WBL4,0.0432116330962639,0.0007727562106476,6.565382742733403e-07,25,0.3,25,44,227,2.0,2.0,2.0,2.0
907,20,130,1,SVC_poly,POW4,0.0231335357862535,0.0004137787903673,2.137467241669053e-07,25,0.3,25,44,227,1.0,1.0,1.0,1.0
908,38,179,9,RidgeClassifier,LC-PFN,0.6920736748725176,0.0131999654695391,0.0001898768095998,25,0.3,25,51,228,2.0,2.0,2.0,2.0
909,38,179,9,RidgeClassifier,MMF4,1.090869865110339,0.0212730652249957,0.0005226870996049,25,0.3,25,51,228,3.0,3.0,3.0,3.0
910,38,179,9,RidgeClassifier,WBL4,0.4229955335782301,0.008094095660963,8.187111365980276e-05,25,0.3,25,51,228,1.0,1.0,1.0,1.0
911,38,179,9,RidgeClassifier,POW4,2.58670983978542,0.0469168146331987,0.0032029777120662,25,0.3,25,51,228,4.0,4.0,4.0,4.0
912,42,127,5,ExtraTree,LC-PFN,0.5419188179075718,0.0102237835526466,0.0001162155967904,25,0.3,25,43,229,1.0,1.0,1.0,1.0
913,42,127,5,ExtraTree,MMF4,1.5989441739480568,0.0296085233717776,0.0009486435810557,25,0.3,25,43,229,3.0,3.0,3.0,3.0
914,42,127,5,ExtraTree,WBL4,1.8060547193923613,0.0333704931525503,0.0011947955901551,25,0.3,25,43,229,4.0,4.0,4.0,4.0
915,42,127,5,ExtraTree,POW4,0.6885002802568317,0.0128799419600325,0.0001973343342467,25,0.3,25,43,229,2.0,2.0,2.0,2.0
916,44,243,22,ens.GradientBoosting,LC-PFN,0.7786025293171406,0.0113679943606257,0.0001601727708475,25,0.3,25,41,230,1.0,1.0,1.0,1.0
917,44,243,22,ens.GradientBoosting,MMF4,8.843907426078555,0.1442805260666248,0.0256363853869037,25,0.3,25,41,230,3.0,3.0,3.0,3.0
918,44,243,22,ens.GradientBoosting,WBL4,10.467198090150664,0.1745361513123074,0.0375029054558443,25,0.3,25,41,230,4.0,4.0,4.0,4.0
919,44,243,22,ens.GradientBoosting,POW4,4.756038354006418,0.0740860629201339,0.0072585590576668,25,0.3,25,41,230,2.0,2.0,2.0,2.0
920,41,110,15,MultinomialNB,LC-PFN,0.6810731720179319,0.0104598961770534,0.0001431088749086,25,0.3,25,29,231,4.0,4.0,4.0,4.0
921,41,110,15,MultinomialNB,MMF4,5.467709575340234e-08,8.323069015601397e-10,7.061190906828827e-19,25,0.3,25,29,231,1.0,1.0,1.0,1.0
922,41,110,15,MultinomialNB,WBL4,0.0009471989919731,1.4418623580831364e-05,2.2839121980500983e-10,25,0.3,25,29,231,3.0,3.0,3.0,3.0
923,41,110,15,MultinomialNB,POW4,3.4225984116518185e-07,5.209955386649375e-09,4.062886641630994e-17,25,0.3,25,29,231,2.0,2.0,2.0,2.0
924,39,47,18,KNN,LC-PFN,1.1067895218729973,0.0123505778610706,0.000240110894083,38,0.3,38,90,232,2.0,2.0,2.0,2.0
925,39,47,18,KNN,MMF4,1.261789650785827,0.0149006687442656,0.0003119852658934,38,0.3,38,90,232,3.0,3.0,3.0,3.0
926,39,47,18,KNN,WBL4,1.4138386968193082,0.0167772650057387,0.0004121197371839,38,0.3,38,90,232,4.0,4.0,4.0,4.0
927,39,47,18,KNN,POW4,0.4735012089228414,0.0055282019983353,6.794744574087191e-05,38,0.3,38,90,232,1.0,1.0,1.0,1.0
928,37,130,11,MLP,LC-PFN,2.3813527077436447,0.039149735122919,0.0021528168581426,25,0.3,25,44,233,4.0,4.0,4.0,4.0
929,37,130,11,MLP,MMF4,1.541864461032722,0.0248623512208638,0.0010023605686108,25,0.3,25,44,233,2.0,2.0,2.0,2.0
930,37,130,11,MLP,WBL4,1.5392750021760853,0.024819849605605,0.0009988484586577,25,0.3,25,44,233,1.0,1.0,1.0,1.0
931,37,130,11,MLP,POW4,1.6313688811069718,0.0263358976255024,0.0011363106136157,25,0.3,25,44,233,3.0,3.0,3.0,3.0
932,49,34,14,BernoulliNB,LC-PFN,1.623489148914814,0.0229240320622921,0.0006855902029201,25,0.3,25,42,234,4.0,4.0,4.0,4.0
933,49,34,14,BernoulliNB,MMF4,0.5405681855423975,0.0074237277058288,6.409828575546663e-05,25,0.3,25,42,234,1.0,1.0,1.0,1.0
934,49,34,14,BernoulliNB,WBL4,0.5735373616988059,0.0078735086973018,7.171851279202037e-05,25,0.3,25,42,234,2.0,2.0,2.0,2.0
935,49,34,14,BernoulliNB,POW4,0.7225788797067629,0.0100412338377814,0.0001026174245667,25,0.3,25,42,234,3.0,3.0,3.0,3.0
936,40,111,19,NearestCentroid,LC-PFN,0.9291650727391244,0.0117601156234741,0.0001469669077778,25,0.3,25,21,235,2.0,2.0,2.0,2.0
937,40,111,19,NearestCentroid,MMF4,0.9668449693937848,0.012358185587254,0.0002510251723316,25,0.3,25,21,235,3.0,3.0,3.0,3.0
938,40,111,19,NearestCentroid,WBL4,1.4415703638455315,0.01829247649715,0.00048537545115,25,0.3,25,21,235,4.0,4.0,4.0,4.0
939,40,111,19,NearestCentroid,POW4,0.4937542674471414,0.0063540367452534,7.268607148168986e-05,25,0.3,25,21,235,1.0,1.0,1.0,1.0
940,45,251,10,SGDClassifier,LC-PFN,3.7532977759838095,0.059341050684452,0.0042756828479468,25,0.3,25,47,236,2.0,2.0,2.0,2.0
941,45,251,10,SGDClassifier,MMF4,6.914260360779909,0.1059759981745691,0.0146569216581606,25,0.3,25,47,236,3.0,3.0,3.0,3.0
942,45,251,10,SGDClassifier,WBL4,8.493825558365067,0.1278170126215248,0.0208091939994042,25,0.3,25,47,236,4.0,4.0,4.0,4.0
943,45,251,10,SGDClassifier,POW4,2.2580927803134525,0.036778193159883,0.0019654606578259,25,0.3,25,47,236,1.0,1.0,1.0,1.0
944,50,238,16,ComplementNB,LC-PFN,4.561717063188553,0.0584322176873683,0.004491017665714,28,0.3,28,67,237,1.0,1.0,1.0,1.0
945,50,238,16,ComplementNB,MMF4,17.758180695423214,0.2692874852765949,0.0858016683103566,28,0.3,28,67,237,3.0,3.0,3.0,3.0
946,50,238,16,ComplementNB,WBL4,19.529336292054737,0.3025238359400124,0.1062809041929263,28,0.3,28,67,237,4.0,4.0,4.0,4.0
947,50,238,16,ComplementNB,POW4,11.853587088549595,0.167569919568564,0.0356549893015715,28,0.3,28,67,237,2.0,2.0,2.0,2.0
948,46,10,6,LogisticRegression,LC-PFN,1.6652211546897888,0.0257227625697851,0.0007697257678955,25,0.3,25,29,238,2.0,2.0,2.0,2.0
949,46,10,6,LogisticRegression,MMF4,4.574275372589878,0.0684515137538505,0.0055421621595703,25,0.3,25,29,238,3.0,3.0,3.0,3.0
950,46,10,6,LogisticRegression,WBL4,5.068850675689675,0.0754384060807458,0.0067076711348408,25,0.3,25,29,238,4.0,4.0,4.0,4.0
951,46,10,6,LogisticRegression,POW4,1.4959765031028447,0.0233011094970244,0.0007616425883059,25,0.3,25,29,238,1.0,1.0,1.0,1.0
952,48,71,12,LDA,LC-PFN,1.116220746189356,0.0212949719280004,0.000461731251562,25,0.3,25,37,239,2.0,2.0,2.0,2.0
953,48,71,12,LDA,MMF4,1.1900915010730182,0.0221993476572749,0.000513784713638,25,0.3,25,37,239,4.0,4.0,4.0,4.0
954,48,71,12,LDA,WBL4,1.1419486684139606,0.0213120898039967,0.0004771302788823,25,0.3,25,37,239,3.0,3.0,3.0,3.0
955,48,71,12,LDA,POW4,0.3751312751323981,0.0070524135954325,6.00517050860223e-05,25,0.3,25,37,239,1.0,1.0,1.0,1.0
956,47,141,8,Perceptron,LC-PFN,2.6338959112763405,0.0312390867620706,0.0018306040437892,25,0.3,25,48,240,1.0,1.0,1.0,1.0
957,47,141,8,Perceptron,MMF4,3.020507143034701,0.035625126598313,0.0021312333165866,25,0.3,25,48,240,3.0,3.0,3.0,3.0
958,47,141,8,Perceptron,WBL4,3.0334488929129013,0.0357767538723661,0.002141776764054,25,0.3,25,48,240,4.0,4.0,4.0,4.0
959,47,141,8,Perceptron,POW4,2.8170221116051497,0.0332221172122894,0.0019650998916779,25,0.3,25,48,240,2.0,2.0,2.0,2.0
960,51,2,9,RidgeClassifier,LC-PFN,0.3305232618004083,0.0057208100333809,5.839068762725219e-05,25,0.3,25,15,241,3.0,3.0,3.0,3.0
961,51,2,9,RidgeClassifier,MMF4,0.1249844725283551,0.0021567741684101,1.0231963440255e-05,25,0.3,25,15,241,2.0,2.0,2.0,2.0
962,51,2,9,RidgeClassifier,WBL4,0.1233380396006913,0.0021280763084828,7.1397519739463314e-06,25,0.3,25,15,241,1.0,1.0,1.0,1.0
963,51,2,9,RidgeClassifier,POW4,0.6726301182373985,0.011689398325695,0.0001543359022098,25,0.3,25,15,241,4.0,4.0,4.0,4.0
964,43,66,12,LDA,LC-PFN,7.081951946020126,0.0795904994010925,0.006593192461878,25,0.3,25,21,242,4.0,4.0,4.0,4.0
965,43,66,12,LDA,MMF4,6.54196408645977,0.0741021380512141,0.006240771319061,25,0.3,25,21,242,3.0,3.0,3.0,3.0
966,43,66,12,LDA,WBL4,5.978577803685506,0.0681320634532262,0.0053916224811631,25,0.3,25,21,242,1.0,1.0,1.0,1.0
967,43,66,12,LDA,POW4,5.97857785775405,0.0681320640290866,0.0053916225566302,25,0.3,25,21,242,2.0,2.0,2.0,2.0
968,57,97,6,LogisticRegression,LC-PFN,1.7301229760050774,0.0266680680215358,0.0009260205551981,25,0.3,25,53,243,3.0,3.0,3.0,3.0
969,57,97,6,LogisticRegression,MMF4,0.1935738842534142,0.0029069940200922,1.1617266173324212e-05,25,0.3,25,53,243,1.0,1.0,1.0,1.0
970,57,97,6,LogisticRegression,WBL4,0.7440740212217682,0.0111112840282636,0.0001410995107664,25,0.3,25,53,243,2.0,2.0,2.0,2.0
971,57,97,6,LogisticRegression,POW4,4.318852344352742,0.0685385775636944,0.0055795166643215,25,0.3,25,53,243,4.0,4.0,4.0,4.0
972,53,163,2,SVC_rbf,LC-PFN,1.7953889444470406,0.0332684554159641,0.0012487464118748,25,0.3,25,26,244,2.0,2.0,2.0,2.0
973,53,163,2,SVC_rbf,MMF4,1.086315579396978,0.0208976902622032,0.0005889416269487,25,0.3,25,26,244,1.0,1.0,1.0,1.0
974,53,163,2,SVC_rbf,WBL4,2.011018130222841,0.0387661950597227,0.00169638456124,25,0.3,25,26,244,3.0,3.0,4.0,3.3333333333333335
975,53,163,2,SVC_rbf,POW4,2.1444797622154903,0.0393117978478364,0.0016011552525424,25,0.3,25,26,244,4.0,4.0,3.0,3.6666666666666665
976,54,227,6,LogisticRegression,LC-PFN,17.78000444173813,0.0965621545910835,0.010312158614397,27,0.3,27,66,245,4.0,4.0,4.0,4.0
977,54,227,6,LogisticRegression,MMF4,10.908418781777398,0.0671960047815005,0.0078297901446695,27,0.3,27,66,245,2.0,2.0,2.0,2.0
978,54,227,6,LogisticRegression,WBL4,12.90138765325581,0.0772120127512591,0.0096774966202908,27,0.3,27,66,245,3.0,3.0,3.0,3.0
979,54,227,6,LogisticRegression,POW4,6.473954173644704,0.0417850180606862,0.0026494671119345,27,0.3,27,66,245,1.0,1.0,1.0,1.0
980,58,221,0,SVC_linear,LC-PFN,0.172556156758219,0.0025644546840339,1.051797971740598e-05,25,0.3,25,22,246,1.0,1.0,1.0,1.0
981,58,221,0,SVC_linear,MMF4,1.1117438110208029,0.0163238381683299,0.0003238624982935,25,0.3,25,22,246,3.0,3.0,3.0,3.0
982,58,221,0,SVC_linear,WBL4,1.2392804548737302,0.0181689482506168,0.0004007623234217,25,0.3,25,22,246,4.0,4.0,4.0,4.0
983,58,221,0,SVC_linear,POW4,0.4491463607388842,0.0066551778916022,6.469275351787335e-05,25,0.3,25,22,246,2.0,2.0,2.0,2.0
984,60,251,0,SVC_linear,LC-PFN,4.131780192255974,0.0667518749833107,0.0061025563627481,25,0.3,25,47,247,1.0,1.0,1.0,1.0
985,60,251,0,SVC_linear,MMF4,8.055796515343902,0.124139786173307,0.0205381531666902,25,0.3,25,47,247,3.0,3.0,3.0,3.0
986,60,251,0,SVC_linear,WBL4,8.864481733132498,0.1353108999302883,0.0241564136261248,25,0.3,25,47,247,4.0,4.0,4.0,4.0
987,60,251,0,SVC_linear,POW4,4.516948033144642,0.0728778737960439,0.0076917935882247,25,0.3,25,47,247,2.0,2.0,2.0,2.0
988,52,252,1,SVC_poly,LC-PFN,31.16633892059326,0.1808209121227264,0.0440972782671451,25,0.3,25,45,248,4.0,4.0,4.0,4.0
989,52,252,1,SVC_poly,MMF4,19.143128945975004,0.1311347304350328,0.033025714149674,25,0.3,25,45,248,2.0,2.0,2.0,2.0
990,52,252,1,SVC_poly,WBL4,19.325658781145357,0.1320177601985493,0.0332585135384845,25,0.3,25,45,248,3.0,3.0,3.0,3.0
991,52,252,1,SVC_poly,POW4,16.510001543348125,0.1178963730912139,0.0290965329118931,25,0.3,25,45,248,1.0,1.0,1.0,1.0
992,59,141,11,MLP,LC-PFN,6.546405702829361,0.0883693993091583,0.0088340500369668,25,0.3,25,48,249,4.0,4.0,4.0,4.0
993,59,141,11,MLP,MMF4,5.54549202650011,0.0755691924217567,0.0064766811142225,25,0.3,25,48,249,2.0,2.0,2.0,2.0
994,59,141,11,MLP,WBL4,6.07078792074795,0.0823677245536725,0.0076816737498944,25,0.3,25,48,249,3.0,3.0,3.0,3.0
995,59,141,11,MLP,POW4,5.4005803358409565,0.073674605237001,0.0061669462316112,25,0.3,25,48,249,1.0,1.0,1.0,1.0
996,55,137,15,MultinomialNB,LC-PFN,0.7663988973945379,0.0125539731234312,0.0002792454324662,25,0.3,25,35,250,2.0,2.0,2.0,2.0
997,55,137,15,MultinomialNB,MMF4,0.6977613804002517,0.0111186918013175,0.000166713654531,25,0.3,25,35,250,1.0,1.0,1.0,1.0
998,55,137,15,MultinomialNB,WBL4,1.9614560877061544,0.0307565776655023,0.0012561355675709,25,0.3,25,35,250,3.0,3.0,3.0,3.0
999,55,137,15,MultinomialNB,POW4,3.22398619161988,0.0537675654536029,0.0035528179311559,25,0.3,25,35,250,4.0,4.0,4.0,4.0
1000,56,235,0,SVC_linear,LC-PFN,4.579704254865646,0.0832311064004898,0.008088051341474,25,0.3,25,39,251,3.0,3.0,3.0,3.0
1001,56,235,0,SVC_linear,MMF4,2.509238233155993,0.0443297573911744,0.0029523453693683,25,0.3,25,39,251,2.0,2.0,2.0,2.0
1002,56,235,0,SVC_linear,WBL4,2.4068654903254663,0.0424537678318382,0.0027489229880307,25,0.3,25,39,251,1.0,1.0,1.0,1.0
1003,56,235,0,SVC_linear,POW4,4.882522261841848,0.089249842354889,0.009310099906798,25,0.3,25,39,251,4.0,4.0,4.0,4.0
1004,63,183,6,LogisticRegression,LC-PFN,7.57511779665947,0.0610252246260643,0.0044527985155582,31,0.3,31,75,252,4.0,4.0,4.0,4.0
1005,63,183,6,LogisticRegression,MMF4,3.273086088922476,0.024574623524804,0.000671552459108,31,0.3,31,75,252,1.0,1.0,1.0,1.0
1006,63,183,6,LogisticRegression,WBL4,5.276285415152704,0.0387873931388553,0.0016529290441354,31,0.3,31,75,252,2.0,2.0,2.0,2.0
1007,63,183,6,LogisticRegression,POW4,6.0953395269632376,0.0513236568836056,0.0032203551899304,31,0.3,31,75,252,3.0,3.0,3.0,3.0
1008,70,134,0,SVC_linear,LC-PFN,1.7156504094600675,0.0308589525520801,0.0016299843555316,25,0.3,25,40,253,4.0,4.0,4.0,4.0
1009,70,134,0,SVC_linear,MMF4,1.670169108499014,0.0297198654004217,0.0011846335563633,25,0.3,25,40,253,3.0,3.0,3.0,3.0
1010,70,134,0,SVC_linear,WBL4,1.406188190788205,0.0250286004053194,0.0010081141662708,25,0.3,25,40,253,1.0,1.0,1.0,1.0
1011,70,134,0,SVC_linear,POW4,1.4061881939660177,0.0250286004620835,0.0010081141672944,25,0.3,25,40,253,2.0,2.0,2.0,2.0
1012,65,68,8,Perceptron,LC-PFN,1.1714466847479343,0.0189764648675918,0.0005270641413517,25,0.3,25,52,254,1.0,1.0,1.0,1.0
1013,65,68,8,Perceptron,MMF4,2.849383800829977,0.0453970235210752,0.0027401376048689,25,0.3,25,52,254,3.0,3.0,3.0,3.0
1014,65,68,8,Perceptron,WBL4,3.3808204359472,0.0535128057434576,0.0036530512898959,25,0.3,25,52,254,4.0,4.0,4.0,4.0
1015,65,68,8,Perceptron,POW4,2.137509521589197,0.0354991557115412,0.0017154726201882,25,0.3,25,52,254,2.0,2.0,2.0,2.0
1016,64,72,8,Perceptron,LC-PFN,1.7841193825006485,0.0192292127758264,0.0006000907160341,25,0.3,25,51,255,1.0,1.0,1.0,1.0
1017,64,72,8,Perceptron,MMF4,1.931334797336286,0.0210598063446208,0.0008220070353108,25,0.3,25,51,255,2.0,2.0,2.0,2.0
1018,64,72,8,Perceptron,WBL4,2.207241797047259,0.0239933357936963,0.0014138039895605,25,0.3,25,51,255,3.0,3.0,4.0,3.3333333333333335
1019,64,72,8,Perceptron,POW4,2.3018813034709407,0.0252216445030789,0.0008920844247391,25,0.3,25,51,255,4.0,4.0,3.0,3.6666666666666665
1020,61,135,18,KNN,LC-PFN,0.877444539219141,0.0168521292507648,0.0003311926848255,25,0.3,25,52,256,3.0,3.0,3.0,3.0
1021,61,135,18,KNN,MMF4,1.1193144440626623,0.0217934104571258,0.0006582880693699,25,0.3,25,52,256,4.0,4.0,4.0,4.0
1022,61,135,18,KNN,WBL4,0.3210385781008291,0.0062190515492527,8.369731190507118e-05,25,0.3,25,52,256,2.0,2.0,2.0,2.0
1023,61,135,18,KNN,POW4,0.1106565463723858,0.0021266628111706,7.260336957134593e-06,25,0.3,25,52,256,1.0,1.0,1.0,1.0
1024,71,88,19,NearestCentroid,LC-PFN,0.3532224567607045,0.0057533620856702,4.123743565287441e-05,25,0.3,25,45,257,1.0,1.0,1.0,1.0
1025,71,88,19,NearestCentroid,MMF4,0.7859608105127899,0.0126777349080674,0.0001699146969181,25,0.3,25,45,257,3.0,3.0,3.0,3.0
1026,71,88,19,NearestCentroid,WBL4,1.175133480009893,0.0188920258435748,0.0003995069753722,25,0.3,25,45,257,4.0,4.0,4.0,4.0
1027,71,88,19,NearestCentroid,POW4,0.7224687937355057,0.0116576586317398,0.0001422069432434,25,0.3,25,45,257,2.0,2.0,2.0,2.0
1028,66,96,4,Decision Tree,LC-PFN,2.2896796464920044,0.0347172319889068,0.0014655897393822,25,0.3,25,21,258,2.0,2.0,2.0,2.0
1029,66,96,4,Decision Tree,MMF4,2.764356829968377,0.0417826623561225,0.0024268725186561,25,0.3,25,21,258,3.0,3.0,3.0,3.0
1030,66,96,4,Decision Tree,WBL4,3.4019342850454533,0.0509931358682176,0.0034862614453676,25,0.3,25,21,258,4.0,4.0,4.0,4.0
1031,66,96,4,Decision Tree,POW4,1.5407500542595889,0.0236720460405508,0.0008135755942187,25,0.3,25,21,258,1.0,1.0,1.0,1.0
1032,68,209,11,MLP,LC-PFN,1.136987842619419,0.0114794736728072,0.0002139548305422,25,0.3,25,14,259,1.0,1.0,1.0,1.0
1033,68,209,11,MLP,MMF4,1.713492388702586,0.0172023285915794,0.0004328145716318,25,0.3,25,14,259,4.0,4.0,4.0,4.0
1034,68,209,11,MLP,WBL4,1.2780232090540564,0.0129119495732054,0.0002494352614558,25,0.3,25,14,259,2.0,2.0,2.0,2.0
1035,68,209,11,MLP,POW4,1.278023598138764,0.0129119534356955,0.0002494354249623,25,0.3,25,14,259,3.0,3.0,3.0,3.0
1036,67,11,9,RidgeClassifier,LC-PFN,3.964005038142204,0.0379311926662921,0.001661641173996,25,0.3,25,25,260,3.0,2.0,2.0,2.3333333333333335
1037,67,11,9,RidgeClassifier,MMF4,3.911221517861037,0.0382164241515725,0.0016684316753754,25,0.3,25,25,260,2.0,3.0,3.0,2.6666666666666665
1038,67,11,9,RidgeClassifier,WBL4,4.252438971078685,0.0413967193033016,0.0019436636552533,25,0.3,25,25,260,4.0,4.0,4.0,4.0
1039,67,11,9,RidgeClassifier,POW4,0.7591638105191618,0.0076363531822965,7.525611545362004e-05,25,0.3,25,25,260,1.0,1.0,1.0,1.0
1040,69,203,7,PassiveAggressive,LC-PFN,1.0952822864055634,0.0147767774760723,0.0002567247720435,25,0.3,25,36,261,1.0,1.0,1.0,1.0
1041,69,203,7,PassiveAggressive,MMF4,2.9262209127915906,0.0393537969247719,0.0017296264289529,25,0.3,25,36,261,3.0,3.0,3.0,3.0
1042,69,203,7,PassiveAggressive,WBL4,3.3546953798999475,0.0449135422057778,0.0022749874898771,25,0.3,25,36,261,4.0,4.0,4.0,4.0
1043,69,203,7,PassiveAggressive,POW4,2.816992242800628,0.0379276152527797,0.0016024031523632,25,0.3,25,36,261,2.0,2.0,2.0,2.0
1044,73,168,8,Perceptron,LC-PFN,1.2401885353028774,0.0244999174028635,0.0006002628360874,38,0.3,38,90,262,4.0,4.0,4.0,4.0
1045,73,168,8,Perceptron,MMF4,1.6866018353966747e-05,3.373196928113664e-07,1.3485323649430085e-12,38,0.3,38,90,262,2.0,2.0,2.0,2.0
1046,73,168,8,Perceptron,WBL4,3.4228360886376065e-11,6.84567217727287e-13,4.686322768057783e-25,38,0.3,38,90,262,1.0,1.0,1.0,1.0
1047,73,168,8,Perceptron,POW4,0.4187144761499935,0.0083393713678627,6.95451148111438e-05,38,0.3,38,90,262,3.0,3.0,3.0,3.0
1048,76,91,9,RidgeClassifier,LC-PFN,0.8025657385587692,0.013631553389132,0.0002455133362673,25,0.3,25,56,263,4.0,4.0,4.0,4.0
1049,76,91,9,RidgeClassifier,MMF4,0.281914469499718,0.0047444963290982,2.3838839560125757e-05,25,0.3,25,56,263,2.0,2.0,2.0,2.0
1050,76,91,9,RidgeClassifier,WBL4,0.2239369405304462,0.0037543715521998,2.0000541787891574e-05,25,0.3,25,56,263,1.0,1.0,1.0,1.0
1051,76,91,9,RidgeClassifier,POW4,0.3717519314687451,0.0062645088383782,4.180198479351195e-05,25,0.3,25,56,263,3.0,3.0,3.0,3.0
1052,75,89,7,PassiveAggressive,LC-PFN,1.3579386286437511,0.0208181831985712,0.0007412593113258,25,0.3,25,47,264,1.0,1.0,2.0,1.3333333333333333
1053,75,89,7,PassiveAggressive,MMF4,2.1557603153960523,0.032404386297932,0.0013756511693301,25,0.3,25,47,264,4.0,4.0,4.0,4.0
1054,75,89,7,PassiveAggressive,WBL4,2.010336673369519,0.0302748315633821,0.0012296241589827,25,0.3,25,47,264,3.0,3.0,3.0,3.0
1055,75,89,7,PassiveAggressive,POW4,1.520841208440247,0.0231180800145267,0.0006913450847854,25,0.3,25,47,264,2.0,2.0,1.0,1.6666666666666667
1056,82,86,19,NearestCentroid,LC-PFN,1.211567036807537,0.0180603265762329,0.0004616722872015,25,0.3,25,45,265,4.0,4.0,4.0,4.0
1057,82,86,19,NearestCentroid,MMF4,0.6995529687336208,0.0101610475629422,0.0001139030204366,25,0.3,25,45,265,2.0,2.0,2.0,2.0
1058,82,86,19,NearestCentroid,WBL4,0.8656911355360156,0.0125514741834789,0.0001714773500473,25,0.3,25,45,265,3.0,3.0,3.0,3.0
1059,82,86,19,NearestCentroid,POW4,0.1750127703181689,0.0025635485095563,7.575502985573484e-06,25,0.3,25,45,265,1.0,1.0,1.0,1.0
1060,62,39,6,LogisticRegression,LC-PFN,1.9352763891220093,0.0228540245443582,0.0007924934034235,30,0.3,30,73,266,1.0,1.0,1.0,1.0
1061,62,39,6,LogisticRegression,MMF4,2.2909087803880004,0.02712109178307,0.0009138274063109,30,0.3,30,73,266,3.0,3.0,3.0,3.0
1062,62,39,6,LogisticRegression,WBL4,2.2878663334243803,0.0270837970381172,0.0008683241677863,30,0.3,30,73,266,2.0,2.0,2.0,2.0
1063,62,39,6,LogisticRegression,POW4,5.383293343381065,0.0680945889042434,0.0052027410423659,30,0.3,30,73,266,4.0,4.0,4.0,4.0
1064,78,141,6,LogisticRegression,LC-PFN,1.1106799356639383,0.0179456770420074,0.0004931011353619,25,0.3,25,48,267,2.0,2.0,2.0,2.0
1065,78,141,6,LogisticRegression,MMF4,1.2133247756949768,0.0196116692113948,0.0005354066514036,25,0.3,25,48,267,3.0,3.0,3.0,3.0
1066,78,141,6,LogisticRegression,WBL4,0.8007532196154848,0.0128614164953663,0.0002279002050384,25,0.3,25,48,267,1.0,1.0,1.0,1.0
1067,78,141,6,LogisticRegression,POW4,1.2525394764739408,0.0202587746391739,0.000573810407953,25,0.3,25,48,267,4.0,4.0,4.0,4.0
1068,77,221,4,Decision Tree,LC-PFN,0.3136274870485067,0.0045070243068039,3.3673193684080616e-05,25,0.3,25,22,268,2.0,2.0,2.0,2.0
1069,77,221,4,Decision Tree,MMF4,0.6745993502746837,0.0097034629770915,0.0001286811709188,25,0.3,25,22,268,3.0,3.0,3.0,3.0
1070,77,221,4,Decision Tree,WBL4,0.8288030361245778,0.0118972194237492,0.0001832855582948,25,0.3,25,22,268,4.0,4.0,4.0,4.0
1071,77,221,4,Decision Tree,POW4,0.2791486052303812,0.0040316216838576,2.12733154039011e-05,25,0.3,25,22,268,1.0,1.0,1.0,1.0
1072,72,81,8,Perceptron,LC-PFN,1.876595802605152,0.0187495611608028,0.0004866142699029,25,0.3,25,30,269,4.0,4.0,4.0,4.0
1073,72,81,8,Perceptron,MMF4,1.0408043785686614,0.0105458794934676,0.0001670178697098,25,0.3,25,30,269,3.0,3.0,3.0,3.0
1074,72,81,8,Perceptron,WBL4,0.8421361484867049,0.0085564625853063,0.0001204003776259,25,0.3,25,30,269,2.0,2.0,2.0,2.0
1075,72,81,8,Perceptron,POW4,0.8421361484515786,0.0085564625849466,0.0001204003776185,25,0.3,25,30,269,1.0,1.0,1.0,1.0
1076,81,86,11,MLP,LC-PFN,3.066170960664749,0.0512182228267192,0.0036980602890253,25,0.3,25,45,270,1.0,1.0,1.0,1.0
1077,81,86,11,MLP,MMF4,4.854464924826149,0.0792040196299365,0.008498801302254,25,0.3,25,45,270,3.0,3.0,3.0,3.0
1078,81,86,11,MLP,WBL4,5.235256099267922,0.0850089508436811,0.0096559837305105,25,0.3,25,45,270,4.0,4.0,4.0,4.0
1079,81,86,11,MLP,POW4,3.14374840774298,0.0525161536321217,0.0040950592768775,25,0.3,25,45,270,2.0,2.0,2.0,2.0
1080,80,112,17,GaussianNB,LC-PFN,1.1199789121747017,0.0157302916049957,0.0003377410757821,25,0.3,25,46,271,4.0,4.0,4.0,4.0
1081,80,112,17,GaussianNB,MMF4,0.0048382127650603,6.693226282747257e-05,4.479927836777262e-09,25,0.3,25,46,271,1.0,1.0,1.0,1.0
1082,80,112,17,GaussianNB,WBL4,0.2540177902741464,0.0035228832824614,1.2410706621849122e-05,25,0.3,25,46,271,3.0,3.0,3.0,3.0
1083,80,112,17,GaussianNB,POW4,0.2540174476118753,0.0035228785180967,1.2410673053267682e-05,25,0.3,25,46,271,2.0,2.0,2.0,2.0
1084,84,200,10,SGDClassifier,LC-PFN,3.2313991338014603,0.0435817018151283,0.0029105637222528,27,0.3,27,64,272,4.0,4.0,4.0,4.0
1085,84,200,10,SGDClassifier,MMF4,2.438789063074442,0.0329575462170349,0.0019434689209078,27,0.3,27,64,272,2.0,2.0,2.0,2.0
1086,84,200,10,SGDClassifier,WBL4,2.3983315395684115,0.0324060835744237,0.0019339976422934,27,0.3,27,64,272,1.0,1.0,1.0,1.0
1087,84,200,10,SGDClassifier,POW4,2.6256172698108684,0.0355298062358055,0.0021043514745781,27,0.3,27,64,272,3.0,3.0,3.0,3.0
1088,79,143,1,SVC_poly,LC-PFN,0.1685261726379394,0.002708655083552,1.237612286786316e-05,25,0.3,25,13,273,1.0,1.0,1.0,1.0
1089,79,143,1,SVC_poly,MMF4,0.3369566514030487,0.0054354391843152,3.201265115599982e-05,25,0.3,25,13,273,2.0,2.0,2.0,2.0
1090,79,143,1,SVC_poly,WBL4,0.5030081655014988,0.0081283142387195,6.853814534565368e-05,25,0.3,25,13,273,4.0,4.0,4.0,4.0
1091,79,143,1,SVC_poly,POW4,0.5030081423089279,0.0081283138619754,6.853813921370637e-05,25,0.3,25,13,273,3.0,3.0,3.0,3.0
1092,83,138,18,KNN,LC-PFN,2.583891898393631,0.0458286814391613,0.0025505411904305,25,0.3,25,35,274,4.0,4.0,4.0,4.0
1093,83,138,18,KNN,MMF4,1.011195938103291,0.0184035230207904,0.0004997571283176,25,0.3,25,35,274,2.0,2.0,2.0,2.0
1094,83,138,18,KNN,WBL4,1.5510773893821208,0.028052695782295,0.0012460606465711,25,0.3,25,35,274,3.0,3.0,3.0,3.0
1095,83,138,18,KNN,POW4,0.5358095618400588,0.0097872377246109,0.0001311751984224,25,0.3,25,35,274,1.0,1.0,1.0,1.0
1096,74,133,21,ens.RandomForest,LC-PFN,1.1669761501252651,0.0220989845693111,0.0007171531906351,25,0.3,25,29,275,3.0,3.0,3.0,3.0
1097,74,133,21,ens.RandomForest,MMF4,0.293454218421059,0.0055313441389126,4.103560293287033e-05,25,0.3,25,29,275,1.0,1.0,1.0,1.0
1098,74,133,21,ens.RandomForest,WBL4,0.6921043085131467,0.0134681475419997,0.0002798394109968,25,0.3,25,29,275,2.0,2.0,2.0,2.0
1099,74,133,21,ens.RandomForest,POW4,1.42745353014486,0.0269012159642187,0.0009072155580679,25,0.3,25,29,275,4.0,4.0,4.0,4.0
1100,91,104,10,SGDClassifier,LC-PFN,0.4158095456659794,0.0067803775891661,6.438625860027969e-05,26,0.3,26,63,276,1.0,1.0,1.0,1.0
1101,91,104,10,SGDClassifier,MMF4,1.4295564633291418,0.0237655336860045,0.0006204125020439,26,0.3,26,63,276,3.0,3.0,3.0,3.0
1102,91,104,10,SGDClassifier,WBL4,0.5654935291746208,0.0091992226404271,0.0001500623467486,26,0.3,26,63,276,2.0,2.0,2.0,2.0
1103,91,104,10,SGDClassifier,POW4,1.913136603267899,0.0320758543152067,0.0011562917610682,26,0.3,26,63,276,4.0,4.0,4.0,4.0
1104,92,74,13,QDA,LC-PFN,0.2687763655558228,0.004505650140345,2.9501105018425733e-05,25,0.3,25,34,277,1.0,1.0,1.0,1.0
1105,92,74,13,QDA,MMF4,0.9240223417366524,0.0153434537354967,0.0002676312269348,25,0.3,25,34,277,2.0,2.0,2.0,2.0
1106,92,74,13,QDA,WBL4,1.1389254602820054,0.0188670209164334,0.0003908071697102,25,0.3,25,34,277,3.0,3.0,3.0,3.0
1107,92,74,13,QDA,POW4,4.588024021663032,0.0808237927314657,0.006925229245335,25,0.3,25,34,277,4.0,4.0,4.0,4.0
1108,94,214,20,ens.ExtraTrees,LC-PFN,1.0585276409983635,0.0201369747519493,0.0005119802081026,25,0.3,25,40,278,1.0,1.0,1.0,1.0
1109,94,214,20,ens.ExtraTrees,MMF4,3.120858187203721,0.0579065946412139,0.0039012687618901,25,0.3,25,40,278,3.0,3.0,3.0,3.0
1110,94,214,20,ens.ExtraTrees,WBL4,4.1944429343054725,0.0769081213013674,0.0067213405598959,25,0.3,25,40,278,4.0,4.0,4.0,4.0
1111,94,214,20,ens.ExtraTrees,POW4,1.5220816398234334,0.0281015998286607,0.0008854713932606,25,0.3,25,40,278,2.0,2.0,2.0,2.0
1112,87,52,8,Perceptron,LC-PFN,2.330307289958,0.0364888943731784,0.0015182101633399,25,0.3,25,25,279,2.0,2.0,2.0,2.0
1113,87,52,8,Perceptron,MMF4,2.983382758865914,0.0466549430051754,0.0028409808072315,25,0.3,25,25,279,3.0,3.0,3.0,3.0
1114,87,52,8,Perceptron,WBL4,4.324292193110833,0.0665162686664591,0.0056928669707142,25,0.3,25,25,279,4.0,4.0,4.0,4.0
1115,87,52,8,Perceptron,POW4,0.6624059360217963,0.0107932282998984,0.0001773943271225,25,0.3,25,25,279,1.0,1.0,1.0,1.0
1116,89,74,5,ExtraTree,LC-PFN,0.4975853487849235,0.0071194875054061,7.053498848108575e-05,25,0.3,25,34,280,1.0,1.0,1.0,1.0
1117,89,74,5,ExtraTree,MMF4,2.151815470331692,0.0302391880208326,0.0012555791561341,25,0.3,25,34,280,4.0,4.0,4.0,4.0
1118,89,74,5,ExtraTree,WBL4,1.953354916127194,0.0275249372509617,0.00106850339438,25,0.3,25,34,280,3.0,3.0,3.0,3.0
1119,89,74,5,ExtraTree,POW4,1.9061900820387,0.0268767230252253,0.0010128751910252,25,0.3,25,34,280,2.0,2.0,2.0,2.0
1120,86,154,19,NearestCentroid,LC-PFN,2.68919300287962,0.0279680248349905,0.0010702369036152,25,0.3,25,61,281,4.0,4.0,4.0,4.0
1121,86,154,19,NearestCentroid,MMF4,0.5973747981084594,0.0060510811790988,6.013703168674719e-05,25,0.3,25,61,281,1.0,1.0,1.0,1.0
1122,86,154,19,NearestCentroid,WBL4,0.6222016663776008,0.0063035298200981,6.520693399487908e-05,25,0.3,25,61,281,3.0,3.0,3.0,3.0
1123,86,154,19,NearestCentroid,POW4,0.6222016662992392,0.0063035298192998,6.520693397387231e-05,25,0.3,25,61,281,2.0,2.0,2.0,2.0
1124,95,178,3,SVC_sigmoid,LC-PFN,4.42180372774601,0.035712581127882,0.0017218017019331,25,0.3,25,42,282,4.0,4.0,4.0,4.0
1125,95,178,3,SVC_sigmoid,MMF4,1.3136243257117783,0.0105544680083733,0.0001879972877557,25,0.3,25,42,282,2.0,2.0,2.0,2.0
1126,95,178,3,SVC_sigmoid,WBL4,1.0863761380550836,0.0086922900663031,0.0001463876996372,25,0.3,25,42,282,1.0,1.0,1.0,1.0
1127,95,178,3,SVC_sigmoid,POW4,2.60378177183998,0.0212982956663781,0.0005586437897202,25,0.3,25,42,282,3.0,3.0,3.0,3.0
1128,90,248,1,SVC_poly,LC-PFN,2.122107706964016,0.0363521352410316,0.0016652736812829,25,0.3,25,34,283,2.0,2.0,2.0,2.0
1129,90,248,1,SVC_poly,MMF4,4.639525916828705,0.077150787634558,0.0076070095422978,25,0.3,25,34,283,3.0,3.0,3.0,3.0
1130,90,248,1,SVC_poly,WBL4,5.220340464625954,0.0862111204132316,0.0092458846112684,25,0.3,25,34,283,4.0,4.0,4.0,4.0
1131,90,248,1,SVC_poly,POW4,1.0694585557663947,0.0185197098695026,0.0003601234444604,25,0.3,25,34,283,1.0,1.0,1.0,1.0
1132,88,162,21,ens.RandomForest,LC-PFN,0.9534155949950218,0.0187814459204673,0.0003572028363123,25,0.3,25,26,284,3.0,3.0,3.0,3.0
1133,88,162,21,ens.RandomForest,MMF4,0.3110772413456303,0.0061689181907565,4.24474393887444e-05,25,0.3,25,26,284,1.0,1.0,1.0,1.0
1134,88,162,21,ens.RandomForest,WBL4,0.4135207712899449,0.0081912660591586,7.22522359670078e-05,25,0.3,25,26,284,2.0,2.0,2.0,2.0
1135,88,162,21,ens.RandomForest,POW4,1.2976458610963832,0.0254747116209956,0.0006541164344946,25,0.3,25,26,284,4.0,4.0,4.0,4.0
1136,98,131,3,SVC_sigmoid,LC-PFN,1.6798343509435654,0.0319848321378231,0.0010296826949343,25,0.3,25,46,285,4.0,4.0,4.0,4.0
1137,98,131,3,SVC_sigmoid,MMF4,5.986945036599038e-05,1.1206425444131935e-06,5.475786886301483e-11,25,0.3,25,46,285,3.0,3.0,1.0,2.3333333333333335
1138,98,131,3,SVC_sigmoid,WBL4,5.836939526482017e-05,1.0925636241035497e-06,5.489507657993535e-11,25,0.3,25,46,285,1.0,1.0,2.0,1.3333333333333333
1139,98,131,3,SVC_sigmoid,POW4,5.866383296176087e-05,1.098075083527661e-06,5.491594795946724e-11,25,0.3,25,46,285,2.0,2.0,3.0,2.3333333333333335
1140,93,240,21,ens.RandomForest,LC-PFN,0.4958025179803371,0.0069055957719683,5.659392991219647e-05,25,0.3,25,40,286,1.0,1.0,1.0,1.0
1141,93,240,21,ens.RandomForest,MMF4,1.843309428816624,0.0254203131022346,0.0007881803811654,25,0.3,25,40,286,3.0,3.0,3.0,3.0
1142,93,240,21,ens.RandomForest,WBL4,2.100928319609717,0.0288847975552411,0.0010125897952675,25,0.3,25,40,286,4.0,4.0,4.0,4.0
1143,93,240,21,ens.RandomForest,POW4,1.2167276282404045,0.0169119897397862,0.0003648152884502,25,0.3,25,40,286,2.0,2.0,2.0,2.0
1144,96,224,21,ens.RandomForest,LC-PFN,0.8626509457826614,0.0169738344848155,0.0002884389832615,25,0.3,25,40,287,4.0,4.0,4.0,4.0
1145,96,224,21,ens.RandomForest,MMF4,0.2428912549371736,0.0048351761948072,2.7068544069877176e-05,25,0.3,25,40,287,1.0,3.0,3.0,2.3333333333333335
1146,96,224,21,ens.RandomForest,WBL4,0.2434526124670474,0.0048200435760645,2.3742386671104377e-05,25,0.3,25,40,287,2.0,1.0,1.0,1.3333333333333333
1147,96,224,21,ens.RandomForest,POW4,0.2434561800180117,0.0048201140336149,2.374306589299561e-05,25,0.3,25,40,287,3.0,2.0,2.0,2.3333333333333335
1148,99,146,22,ens.GradientBoosting,LC-PFN,0.8948524482548237,0.0176148954778909,0.000310810864903,25,0.3,25,23,288,4.0,4.0,4.0,4.0
1149,99,146,22,ens.GradientBoosting,MMF4,0.045963615564984,0.000912746456538,1.261446061088455e-06,25,0.3,25,23,288,1.0,1.0,1.0,1.0
1150,99,146,22,ens.GradientBoosting,WBL4,0.0954894482064416,0.0018950020858601,4.277275453516637e-06,25,0.3,25,23,288,2.0,2.0,2.0,2.0
1151,99,146,22,ens.GradientBoosting,POW4,0.3302408818798426,0.006537497735987,4.342511919613826e-05,25,0.3,25,23,288,3.0,3.0,3.0,3.0
1152,100,122,6,LogisticRegression,LC-PFN,0.1279187737964093,0.0024878240656107,1.1284760148555506e-05,25,0.3,25,55,289,1.0,1.0,1.0,1.0
1153,100,122,6,LogisticRegression,MMF4,0.5829676699401252,0.0112918786747024,0.000140091816961,25,0.3,25,55,289,4.0,4.0,4.0,4.0
1154,100,122,6,LogisticRegression,WBL4,0.5512829880340494,0.0106818872605298,0.0001269206502402,25,0.3,25,55,289,3.0,3.0,3.0,3.0
1155,100,122,6,LogisticRegression,POW4,0.2637635098798979,0.0051275631835068,3.035091149404542e-05,25,0.3,25,55,289,2.0,2.0,2.0,2.0
1156,97,87,0,SVC_linear,LC-PFN,0.9617583826184272,0.0125851407647132,0.0001940680667757,25,0.3,25,21,290,1.0,1.0,1.0,1.0
1157,97,87,0,SVC_linear,MMF4,2.168609093108251,0.0289603083529742,0.0011639711516181,25,0.3,25,21,290,3.0,3.0,3.0,3.0
1158,97,87,0,SVC_linear,WBL4,8.111716098581157,0.1205811664442977,0.023460336335147,25,0.3,25,21,290,4.0,4.0,4.0,4.0
1159,97,87,0,SVC_linear,POW4,2.04311730005537,0.0272857399671666,0.0010943690148645,25,0.3,25,21,290,2.0,2.0,2.0,2.0
1160,103,54,20,ens.ExtraTrees,LC-PFN,1.2506055645644665,0.0204915385693311,0.0004666373715735,25,0.3,25,34,291,2.0,2.0,2.0,2.0
1161,103,54,20,ens.ExtraTrees,MMF4,3.12141196706076,0.0507337115111483,0.0034734214837467,25,0.3,25,34,291,3.0,3.0,3.0,3.0
1162,103,54,20,ens.ExtraTrees,WBL4,5.310644244019514,0.0839705114319982,0.0090829725191401,25,0.3,25,34,291,4.0,4.0,4.0,4.0
1163,103,54,20,ens.ExtraTrees,POW4,0.6681664912131533,0.0107543228361103,0.0001367935874804,25,0.3,25,34,291,1.0,1.0,1.0,1.0
1164,107,239,4,Decision Tree,LC-PFN,3.138265386223793,0.0464822240173816,0.0026022328529506,27,0.3,27,63,292,1.0,1.0,1.0,1.0
1165,107,239,4,Decision Tree,MMF4,7.792568511115597,0.1096879742427306,0.0145856448226963,27,0.3,27,63,292,3.0,3.0,3.0,3.0
1166,107,239,4,Decision Tree,WBL4,8.005175030218995,0.1124170891531869,0.0152667079665266,27,0.3,27,63,292,4.0,4.0,4.0,4.0
1167,107,239,4,Decision Tree,POW4,3.5166136039615408,0.0521521745707343,0.0036932458888646,27,0.3,27,63,292,2.0,2.0,2.0,2.0
1168,104,225,8,Perceptron,LC-PFN,0.9159460663795472,0.0176495909690856,0.0003238813369534,25,0.3,25,36,293,4.0,4.0,4.0,4.0
1169,104,225,8,Perceptron,MMF4,0.4401795800861819,0.0083822959754343,8.207299312830438e-05,25,0.3,25,36,293,2.0,2.0,2.0,2.0
1170,104,225,8,Perceptron,WBL4,0.5984875626702482,0.0113766251701766,0.0001479753795694,25,0.3,25,36,293,3.0,3.0,3.0,3.0
1171,104,225,8,Perceptron,POW4,0.1604574491592324,0.0030697773850083,1.283017679088616e-05,25,0.3,25,36,293,1.0,1.0,1.0,1.0
1172,105,158,22,ens.GradientBoosting,LC-PFN,0.3132789162918925,0.0060889101587235,4.814399653696455e-05,25,0.3,25,26,294,2.0,2.0,2.0,2.0
1173,105,158,22,ens.GradientBoosting,MMF4,0.6343169322753117,0.0122650442667535,0.0001867235045364,25,0.3,25,26,294,4.0,4.0,4.0,4.0
1174,105,158,22,ens.GradientBoosting,WBL4,0.6243404863485904,0.0120737512503108,0.0001846490741218,25,0.3,25,26,294,3.0,3.0,3.0,3.0
1175,105,158,22,ens.GradientBoosting,POW4,0.1890334180669371,0.0036776605250905,2.158877986691271e-05,25,0.3,25,26,294,1.0,1.0,1.0,1.0
1176,102,60,16,ComplementNB,LC-PFN,1.7267286777496338,0.0211264789104461,0.0005059075774624,25,0.3,25,2,295,1.0,1.0,1.0,1.0
1177,102,60,16,ComplementNB,MMF4,2.994640344016533,0.0371442528618404,0.0014243491432394,25,0.3,25,2,295,3.0,3.0,3.0,3.0
1178,102,60,16,ComplementNB,WBL4,2.835005307882639,0.0351044038015737,0.0012767636107083,25,0.3,25,2,295,2.0,2.0,2.0,2.0
1179,102,60,16,ComplementNB,POW4,4.3587117880824895,0.0548573709927109,0.0030887568248161,25,0.3,25,2,295,4.0,4.0,4.0,4.0
1180,101,118,19,NearestCentroid,LC-PFN,0.7937305606901646,0.01067272759974,0.0001538605574751,25,0.3,25,29,296,4.0,4.0,4.0,4.0
1181,101,118,19,NearestCentroid,MMF4,0.7894254610208864,0.0106018119576791,0.0001300279653534,25,0.3,25,29,296,3.0,3.0,3.0,3.0
1182,101,118,19,NearestCentroid,WBL4,0.6286543758667988,0.0084233816037579,7.821243364191772e-05,25,0.3,25,29,296,2.0,2.0,2.0,2.0
1183,101,118,19,NearestCentroid,POW4,0.4037900134391433,0.0053947981276755,3.04592112314122e-05,25,0.3,25,29,296,1.0,1.0,1.0,1.0
1184,106,8,22,ens.GradientBoosting,LC-PFN,1.0647879913449287,0.0144677041098475,0.0002777936751954,25,0.3,25,29,297,1.0,1.0,1.0,1.0
1185,106,8,22,ens.GradientBoosting,MMF4,3.2769147982065454,0.043957113236715,0.0023157037034823,25,0.3,25,29,297,3.0,3.0,3.0,3.0
1186,106,8,22,ens.GradientBoosting,WBL4,3.770482084215978,0.050293765861861,0.0030247871091221,25,0.3,25,29,297,4.0,4.0,4.0,4.0
1187,106,8,22,ens.GradientBoosting,POW4,1.194260611027703,0.0164293686396072,0.0003600689661689,25,0.3,25,29,297,2.0,2.0,2.0,2.0
1188,110,192,9,RidgeClassifier,LC-PFN,3.25893983244896,0.0459800623357296,0.0025919543113559,25,0.3,25,26,298,1.0,1.0,1.0,1.0
1189,110,192,9,RidgeClassifier,MMF4,4.4235067423629,0.0627031981128855,0.0052734169395433,25,0.3,25,26,298,3.0,3.0,3.0,3.0
1190,110,192,9,RidgeClassifier,WBL4,4.753120275336679,0.067269303010053,0.006414993290179,25,0.3,25,26,298,4.0,4.0,4.0,4.0
1191,110,192,9,RidgeClassifier,POW4,3.744521638965916,0.0526586192176522,0.0034184003861058,25,0.3,25,26,298,2.0,2.0,2.0,2.0
1192,109,228,1,SVC_poly,LC-PFN,3.5723116248846054,0.0521288961172103,0.0036484615411609,25,0.3,25,22,299,1.0,1.0,1.0,1.0
1193,109,228,1,SVC_poly,MMF4,5.637835692917521,0.0807498271964139,0.0099793414800235,25,0.3,25,22,299,3.0,3.0,3.0,3.0
1194,109,228,1,SVC_poly,WBL4,9.043127109349882,0.1237295614084196,0.0214057355966599,25,0.3,25,22,299,4.0,4.0,4.0,4.0
1195,109,228,1,SVC_poly,POW4,4.714626974836708,0.0667744258011652,0.0051442578321533,25,0.3,25,22,299,2.0,2.0,2.0,2.0
1196,111,256,17,GaussianNB,LC-PFN,5.330433323979378,0.0562978126108646,0.003799904603511,29,0.3,29,69,300,4.0,4.0,4.0,4.0
1197,111,256,17,GaussianNB,MMF4,2.6944947779075386,0.0274977109375858,0.0008245107259499,29,0.3,29,69,300,2.0,2.0,2.0,2.0
1198,111,256,17,GaussianNB,WBL4,2.586631025377192,0.0263649513492388,0.0007625544412201,29,0.3,29,69,300,1.0,1.0,1.0,1.0
1199,111,256,17,GaussianNB,POW4,3.648704296288705,0.0376327032468684,0.0015137174865693,29,0.3,29,69,300,3.0,3.0,3.0,3.0
1200,113,186,6,LogisticRegression,LC-PFN,1.0915453545749187,0.0206698048859834,0.000429229112342,25,0.3,25,32,301,4.0,4.0,4.0,4.0
1201,113,186,6,LogisticRegression,MMF4,0.8796574101384905,0.016350063177674,0.000298145295219,25,0.3,25,32,301,2.0,2.0,1.0,1.6666666666666667
1202,113,186,6,LogisticRegression,WBL4,0.994932347833969,0.0184693115348828,0.0003737742435534,25,0.3,25,32,301,3.0,3.0,3.0,3.0
1203,113,186,6,LogisticRegression,POW4,0.797616111272334,0.015191147338455,0.0003732998426826,25,0.3,25,32,301,1.0,1.0,2.0,1.3333333333333333
1204,115,92,17,GaussianNB,LC-PFN,6.703190505504608,0.0994598865509033,0.0138307278975844,25,0.3,25,56,302,1.0,1.0,1.0,1.0
1205,115,92,17,GaussianNB,MMF4,8.146172057562904,0.1187737411419307,0.0198624949422073,25,0.3,25,56,302,3.0,3.0,3.0,3.0
1206,115,92,17,GaussianNB,WBL4,8.282269333073618,0.120547907118587,0.0202963475876004,25,0.3,25,56,302,4.0,4.0,4.0,4.0
1207,115,92,17,GaussianNB,POW4,7.60340608087174,0.1116473719601354,0.0180752966605439,25,0.3,25,56,302,2.0,2.0,2.0,2.0
1208,119,73,3,SVC_sigmoid,LC-PFN,5.679620802402496,0.0806446298956871,0.0090938080102205,25,0.3,25,45,303,4.0,4.0,4.0,4.0
1209,119,73,3,SVC_sigmoid,MMF4,4.30515585533461,0.0598634624240864,0.0051517843109754,25,0.3,25,45,303,2.0,2.0,2.0,2.0
1210,119,73,3,SVC_sigmoid,WBL4,4.177692495241336,0.0579777677111829,0.0048932601807995,25,0.3,25,45,303,1.0,1.0,1.0,1.0
1211,119,73,3,SVC_sigmoid,POW4,5.296441782823434,0.0747456493871304,0.0076875078800341,25,0.3,25,45,303,3.0,3.0,3.0,3.0
1212,112,36,5,ExtraTree,LC-PFN,0.4701529629528522,0.0084504233673214,9.251178562408312e-05,25,0.3,25,24,304,1.0,1.0,1.0,1.0
1213,112,36,5,ExtraTree,MMF4,0.7268285306168811,0.0129558368119547,0.0002334413594333,25,0.3,25,24,304,2.0,2.0,2.0,2.0
1214,112,36,5,ExtraTree,WBL4,0.7613042482257286,0.0135639894577197,0.0002509290813703,25,0.3,25,24,304,3.0,3.0,3.0,3.0
1215,112,36,5,ExtraTree,POW4,1.1436002896591169,0.0208274668218743,0.0005636965217022,25,0.3,25,24,304,4.0,4.0,4.0,4.0
1216,117,19,6,LogisticRegression,LC-PFN,0.4925019573420286,0.0089042782783508,8.663677726872265e-05,25,0.3,25,30,305,1.0,1.0,1.0,1.0
1217,117,19,6,LogisticRegression,MMF4,2.3237748950148527,0.0413258650111193,0.0019071947580406,25,0.3,25,30,305,3.0,3.0,3.0,3.0
1218,117,19,6,LogisticRegression,WBL4,2.714251513071672,0.0480668536793967,0.0025421930235354,25,0.3,25,30,305,4.0,4.0,4.0,4.0
1219,117,19,6,LogisticRegression,POW4,1.3246161272055044,0.0246465622683704,0.000779454325187,25,0.3,25,30,305,2.0,2.0,2.0,2.0
1220,114,111,20,ens.ExtraTrees,LC-PFN,2.700762450695038,0.0433929860591888,0.002334932796657,25,0.3,25,21,306,4.0,4.0,4.0,4.0
1221,114,111,20,ens.ExtraTrees,MMF4,1.3911194412482593,0.0226075523739613,0.0006279178237114,25,0.3,25,21,306,2.0,2.0,2.0,2.0
1222,114,111,20,ens.ExtraTrees,WBL4,1.2415084641562093,0.0201836983077311,0.0005026354099568,25,0.3,25,21,306,1.0,1.0,1.0,1.0
1223,114,111,20,ens.ExtraTrees,POW4,1.6448911696423894,0.0266847110689648,0.0008689620538347,25,0.3,25,21,306,3.0,3.0,3.0,3.0
1224,116,181,19,NearestCentroid,LC-PFN,2.0159346982836723,0.0194802060723304,0.0005466080619953,25,0.3,25,23,307,4.0,4.0,4.0,4.0
1225,116,181,19,NearestCentroid,MMF4,0.8330580220998461,0.0082320229917889,9.008597979858164e-05,25,0.3,25,23,307,3.0,3.0,3.0,3.0
1226,116,181,19,NearestCentroid,WBL4,0.4834445400246296,0.0047955325316707,3.267614989613647e-05,25,0.3,25,23,307,2.0,2.0,2.0,2.0
1227,116,181,19,NearestCentroid,POW4,0.4834445371861151,0.0047955325034711,3.2676149756155105e-05,25,0.3,25,23,307,1.0,1.0,1.0,1.0
1228,122,22,8,Perceptron,LC-PFN,7.902272045612335,0.0849097073078155,0.0078164935111999,25,0.3,25,38,308,3.0,3.0,3.0,3.0
1229,122,22,8,Perceptron,MMF4,13.4309478741421,0.1367958894841016,0.023458644469461,25,0.3,25,38,308,4.0,4.0,4.0,4.0
1230,122,22,8,Perceptron,WBL4,6.676610892179076,0.073341266191137,0.0070973224875249,25,0.3,25,38,308,1.0,1.0,1.0,1.0
1231,122,22,8,Perceptron,POW4,6.6766108939582045,0.0733412662091159,0.0070973224906733,25,0.3,25,38,308,2.0,2.0,2.0,2.0
1232,124,179,20,ens.ExtraTrees,LC-PFN,2.617149241268635,0.0494930148124694,0.0027494237292557,25,0.3,25,51,309,4.0,4.0,4.0,4.0
1233,124,179,20,ens.ExtraTrees,MMF4,2.086879522386738,0.0396186998924563,0.0017078200977308,25,0.3,25,51,309,2.0,2.0,2.0,2.0
1234,124,179,20,ens.ExtraTrees,WBL4,2.5395697624912854,0.0481077658628765,0.0026661018109283,25,0.3,25,51,309,3.0,3.0,3.0,3.0
1235,124,179,20,ens.ExtraTrees,POW4,1.825594137678616,0.0342127625495797,0.0012504174020703,25,0.3,25,51,309,1.0,1.0,1.0,1.0
1236,120,57,0,SVC_linear,LC-PFN,3.030254691839218,0.0470074266195297,0.0023886046838015,25,0.3,25,26,310,2.0,2.0,2.0,2.0
1237,120,57,0,SVC_linear,MMF4,4.658366097502483,0.0715652885186381,0.0062828637947442,25,0.3,25,26,310,3.0,3.0,3.0,3.0
1238,120,57,0,SVC_linear,WBL4,6.240651169497676,0.0941798964664094,0.010844678186013,25,0.3,25,26,310,4.0,4.0,4.0,4.0
1239,120,57,0,SVC_linear,POW4,0.3438746482201354,0.0052922185747014,3.8418818833005866e-05,25,0.3,25,26,310,1.0,1.0,1.0,1.0
1240,125,56,11,MLP,LC-PFN,2.4962155148386955,0.0414469391107559,0.0019428576342761,25,0.3,25,34,311,2.0,2.0,2.0,2.0
1241,125,56,11,MLP,MMF4,6.568423571260314,0.1045844719960274,0.0128961358195663,25,0.3,25,34,311,3.0,3.0,3.0,3.0
1242,125,56,11,MLP,WBL4,7.347204505189906,0.1160039305491707,0.0156352894798302,25,0.3,25,34,311,4.0,4.0,4.0,4.0
1243,125,56,11,MLP,POW4,0.3787064142276538,0.006184045668882,5.275416691064986e-05,25,0.3,25,34,311,1.0,1.0,1.0,1.0
1244,130,18,2,SVC_rbf,LC-PFN,1.1763152666389942,0.0226143077015876,0.0006360337720252,25,0.3,25,48,312,1.0,1.0,1.0,1.0
1245,130,18,2,SVC_rbf,MMF4,2.262117554234792,0.0430222960363127,0.0024196593463794,25,0.3,25,48,312,2.0,2.0,3.0,2.3333333333333335
1246,130,18,2,SVC_rbf,WBL4,3.997276498559283,0.0744343094160121,0.0065733100667387,25,0.3,25,48,312,4.0,4.0,4.0,4.0
1247,130,18,2,SVC_rbf,POW4,2.4769452062949453,0.0457935385679585,0.0023065478141624,25,0.3,25,48,312,3.0,3.0,2.0,2.6666666666666665
1248,123,156,4,Decision Tree,LC-PFN,0.2535370178520679,0.0046265539713203,3.467956412350759e-05,25,0.3,25,26,313,1.0,1.0,1.0,1.0
1249,123,156,4,Decision Tree,MMF4,1.7652333971188892,0.0319417384104651,0.0012074475589261,25,0.3,25,26,313,3.0,3.0,3.0,3.0
1250,123,156,4,Decision Tree,WBL4,1.7872279921600391,0.0323315321412054,0.0012382189178249,25,0.3,25,26,313,4.0,4.0,4.0,4.0
1251,123,156,4,Decision Tree,POW4,0.3172153824872212,0.0058290756558052,4.692967981560671e-05,25,0.3,25,26,313,2.0,2.0,2.0,2.0
1252,121,122,16,ComplementNB,LC-PFN,1.9507434219121933,0.0325983390212059,0.0013309980276972,25,0.3,25,55,314,3.0,3.0,3.0,3.0
1253,121,122,16,ComplementNB,MMF4,1.2934941834631235,0.0214283960772875,0.0005297974923988,25,0.3,25,55,314,1.0,1.0,1.0,1.0
1254,121,122,16,ComplementNB,WBL4,1.3833679617581318,0.0229409587451996,0.0005951530595306,25,0.3,25,55,314,2.0,2.0,2.0,2.0
1255,121,122,16,ComplementNB,POW4,2.5926653756657,0.0436746749472462,0.0023536713117532,25,0.3,25,55,314,4.0,4.0,4.0,4.0
1256,127,170,20,ens.ExtraTrees,LC-PFN,0.9351341985166072,0.0150685608386993,0.0002516515960451,25,0.3,25,2,315,4.0,4.0,4.0,4.0
1257,127,170,20,ens.ExtraTrees,MMF4,0.6260999323672576,0.0101260640688455,0.0001401250847404,25,0.3,25,2,315,3.0,3.0,3.0,3.0
1258,127,170,20,ens.ExtraTrees,WBL4,0.3420000558199919,0.0055555555555551,4.026864230261848e-05,25,0.3,25,2,315,2.0,2.0,1.0,1.6666666666666667
1259,127,170,20,ens.ExtraTrees,POW4,0.3420000557148995,0.0055555555538721,4.026865073031343e-05,25,0.3,25,2,315,1.0,1.0,2.0,1.3333333333333333
1260,129,148,16,ComplementNB,LC-PFN,0.4989669192582369,0.00786554813385,6.380085687851533e-05,25,0.3,25,3,316,4.0,4.0,4.0,4.0
1261,129,148,16,ComplementNB,MMF4,0.2438244606830406,0.0038542842252142,1.8666155081838143e-05,25,0.3,25,3,316,3.0,3.0,3.0,3.0
1262,129,148,16,ComplementNB,WBL4,0.1866262223688326,0.0029600000000039,1.1428266666688854e-05,25,0.3,25,3,316,2.0,2.0,2.0,2.0
1263,129,148,16,ComplementNB,POW4,0.1866261764741203,0.0029599992703113,1.1428262343624248e-05,25,0.3,25,3,316,1.0,1.0,1.0,1.0
1264,118,215,3,SVC_sigmoid,LC-PFN,2.0649906247854237,0.0302435513585805,0.001228175824508,25,0.3,25,27,317,2.0,2.0,2.0,2.0
1265,118,215,3,SVC_sigmoid,MMF4,2.610353699302034,0.0379817689497296,0.0019699298176338,25,0.3,25,27,317,4.0,4.0,4.0,4.0
1266,118,215,3,SVC_sigmoid,WBL4,1.4193595369277148,0.0209224739671036,0.0006341282260494,25,0.3,25,27,317,1.0,1.0,1.0,1.0
1267,118,215,3,SVC_sigmoid,POW4,2.5422366369704794,0.0370217971759131,0.0018630568860287,25,0.3,25,27,317,3.0,3.0,3.0,3.0
1268,128,124,21,ens.RandomForest,LC-PFN,0.3139067441225052,0.0053848195821046,4.4614534999709576e-05,25,0.3,25,39,318,1.0,1.0,1.0,1.0
1269,128,124,21,ens.RandomForest,MMF4,1.1735593033888796,0.0202639134145708,0.000519119729885,25,0.3,25,39,318,2.0,2.0,2.0,2.0
1270,128,124,21,ens.RandomForest,WBL4,2.2716628616398014,0.0387157818534727,0.0017195044600138,25,0.3,25,39,318,3.0,3.0,3.0,3.0
1271,128,124,21,ens.RandomForest,POW4,2.599621140080589,0.0470075175174242,0.0027192771169586,25,0.3,25,39,318,4.0,4.0,4.0,4.0
1272,131,219,6,LogisticRegression,LC-PFN,1.2149586342275145,0.0163861270993948,0.000356005562935,25,0.3,25,34,319,1.0,1.0,1.0,1.0
1273,131,219,6,LogisticRegression,MMF4,4.007714117337328,0.0538903980898929,0.003610697177097,25,0.3,25,34,319,3.0,3.0,3.0,3.0
1274,131,219,6,LogisticRegression,WBL4,6.864795566605853,0.0893209091883528,0.0096835427279838,25,0.3,25,34,319,4.0,4.0,4.0,4.0
1275,131,219,6,LogisticRegression,POW4,2.094322066792078,0.0311472643658834,0.0017886671154995,25,0.3,25,34,319,2.0,2.0,2.0,2.0
1276,132,165,19,NearestCentroid,LC-PFN,4.601454734802246,0.0594146139919757,0.0043925838544964,39,0.3,39,94,320,2.0,2.0,2.0,2.0
1277,132,165,19,NearestCentroid,MMF4,6.478311364608218,0.0819468514887147,0.0087797253459218,39,0.3,39,94,320,4.0,4.0,4.0,4.0
1278,132,165,19,NearestCentroid,WBL4,6.095343813185195,0.0774454452041921,0.0077643794835462,39,0.3,39,94,320,3.0,3.0,3.0,3.0
1279,132,165,19,NearestCentroid,POW4,2.635409728756798,0.0341825908103246,0.001428403013757,39,0.3,39,94,320,1.0,1.0,1.0,1.0
1280,133,7,7,PassiveAggressive,LC-PFN,0.4867433570325374,0.0088864276185631,9.07282083062455e-05,25,0.3,25,29,321,1.0,1.0,1.0,1.0
1281,133,7,7,PassiveAggressive,MMF4,2.1746966485420787,0.0389926309236942,0.0017896777058298,25,0.3,25,29,321,3.0,3.0,3.0,3.0
1282,133,7,7,PassiveAggressive,WBL4,2.6969843531854587,0.0480709185811766,0.0026878228632076,25,0.3,25,29,321,4.0,4.0,4.0,4.0
1283,133,7,7,PassiveAggressive,POW4,0.695683032043051,0.012946177276234,0.0002295640591742,25,0.3,25,29,321,2.0,2.0,2.0,2.0
1284,139,208,19,NearestCentroid,LC-PFN,15.0468647480011,0.0990704968571662,0.0100845964625477,30,0.3,30,70,322,4.0,4.0,4.0,4.0
1285,139,208,19,NearestCentroid,MMF4,11.247319339633233,0.078100853896481,0.0075361273949982,30,0.3,30,70,322,3.0,3.0,3.0,3.0
1286,139,208,19,NearestCentroid,WBL4,6.078107715077344,0.0449030171390547,0.0029674266752071,30,0.3,30,70,322,1.0,1.0,1.0,1.0
1287,139,208,19,NearestCentroid,POW4,6.078107717916359,0.0449030171584412,0.0029674266781822,30,0.3,30,70,322,2.0,2.0,2.0,2.0
1288,134,181,11,MLP,LC-PFN,1.4576547779142857,0.0170451253652572,0.0005850251764059,25,0.3,25,23,323,1.0,1.0,1.0,1.0
1289,134,181,11,MLP,MMF4,5.913719816237833,0.0758608401865876,0.0080879793757367,25,0.3,25,23,323,3.0,3.0,3.0,3.0
1290,134,181,11,MLP,WBL4,6.605644033393373,0.0859925351426746,0.0106622931235506,25,0.3,25,23,323,4.0,4.0,4.0,4.0
1291,134,181,11,MLP,POW4,4.221893354944636,0.0524686730033,0.0037954058685639,25,0.3,25,23,323,2.0,2.0,2.0,2.0
1292,135,236,17,GaussianNB,LC-PFN,2.0452268421649933,0.0303341727703809,0.0014195196563377,25,0.3,25,30,324,3.0,3.0,3.0,3.0
1293,135,236,17,GaussianNB,MMF4,1.0955234285308324,0.0159166099747996,0.0002747447541385,25,0.3,25,30,324,2.0,2.0,2.0,2.0
1294,135,236,17,GaussianNB,WBL4,0.4633239191987059,0.0066774013635993,5.1342067440945946e-05,25,0.3,25,30,324,1.0,1.0,1.0,1.0
1295,135,236,17,GaussianNB,POW4,5.969513509512272,0.0918622331556007,0.009444312484533,25,0.3,25,30,324,4.0,4.0,4.0,4.0
1296,136,92,19,NearestCentroid,LC-PFN,2.053068019449711,0.0204179249703884,0.0005164103931747,25,0.3,25,56,325,4.0,4.0,4.0,4.0
1297,136,92,19,NearestCentroid,MMF4,0.1276665352486165,0.0012671096122012,2.1861265490940543e-06,25,0.3,25,56,325,1.0,1.0,1.0,1.0
1298,136,92,19,NearestCentroid,WBL4,0.8290672253283856,0.0082823934471353,7.398976464576009e-05,25,0.3,25,56,325,3.0,3.0,3.0,3.0
1299,136,92,19,NearestCentroid,POW4,0.829067154907869,0.0082823927372805,7.398975192315408e-05,25,0.3,25,56,325,2.0,2.0,2.0,2.0
1300,140,98,1,SVC_poly,LC-PFN,0.198903982527554,0.0033531202934682,1.6201000107685104e-05,25,0.3,25,43,326,1.0,1.0,1.0,1.0
1301,140,98,1,SVC_poly,MMF4,0.3796802633845237,0.0065134962354207,7.437573557352693e-05,25,0.3,25,43,326,4.0,4.0,4.0,4.0
1302,140,98,1,SVC_poly,WBL4,0.2987843902409038,0.0051142964201769,4.32052928704084e-05,25,0.3,25,43,326,2.0,2.0,2.0,2.0
1303,140,98,1,SVC_poly,POW4,0.357421765728563,0.0061270055903047,6.481856273503083e-05,25,0.3,25,43,326,3.0,3.0,3.0,3.0
1304,137,116,0,SVC_linear,LC-PFN,0.7496349513530731,0.0147543968632817,0.0002521329151932,25,0.3,25,30,327,4.0,4.0,4.0,4.0
1305,137,116,0,SVC_linear,MMF4,0.2324926005465309,0.0045991455703792,3.419650662909689e-05,25,0.3,25,30,327,1.0,1.0,1.0,1.0
1306,137,116,0,SVC_linear,WBL4,0.2431304374284032,0.0048098501309583,3.462366802044178e-05,25,0.3,25,30,327,2.0,2.0,2.0,2.0
1307,137,116,0,SVC_linear,POW4,0.2984491616849891,0.0059154612651853,6.151389418039834e-05,25,0.3,25,30,327,3.0,3.0,3.0,3.0
1308,138,24,16,ComplementNB,LC-PFN,0.3348219441249966,0.0042676599696278,3.34550604748074e-05,25,0.3,25,20,328,1.0,1.0,1.0,1.0
1309,138,24,16,ComplementNB,MMF4,0.4725688173497806,0.0060282309235374,5.279965564214648e-05,25,0.3,25,20,328,2.0,2.0,3.0,2.3333333333333335
1310,138,24,16,ComplementNB,WBL4,0.4812746707760023,0.0061403747179659,4.630986316016277e-05,25,0.3,25,20,328,3.0,3.0,2.0,2.6666666666666665
1311,138,24,16,ComplementNB,POW4,0.5400107868112722,0.0068956727702387,7.760014025202865e-05,25,0.3,25,20,328,4.0,4.0,4.0,4.0
1312,142,71,14,BernoulliNB,LC-PFN,0.7828271947801113,0.0120258731767535,0.0002075797965517,25,0.3,25,37,329,4.0,4.0,4.0,4.0
1313,142,71,14,BernoulliNB,MMF4,0.4100401401845073,0.0062011739751286,4.090789909636394e-05,25,0.3,25,37,329,2.0,2.0,2.0,2.0
1314,142,71,14,BernoulliNB,WBL4,0.5156736089163799,0.0077900222021311,6.401095097341817e-05,25,0.3,25,37,329,3.0,3.0,3.0,3.0
1315,142,71,14,BernoulliNB,POW4,0.1407863759597357,0.0021424101910203,6.931344460161678e-06,25,0.3,25,37,329,1.0,1.0,1.0,1.0
1316,144,114,5,ExtraTree,LC-PFN,0.8038725703954697,0.0143268890678882,0.0002637031720951,25,0.3,25,22,330,1.0,1.0,1.0,1.0
1317,144,114,5,ExtraTree,MMF4,1.8857818954900976,0.0331856508502164,0.0012892467339081,25,0.3,25,22,330,3.0,3.0,3.0,3.0
1318,144,114,5,ExtraTree,WBL4,1.900396395032221,0.0334372355802801,0.0013060080977926,25,0.3,25,22,330,4.0,4.0,4.0,4.0
1319,144,114,5,ExtraTree,POW4,1.3642373552837546,0.0241586623696136,0.0007430652586158,25,0.3,25,22,330,2.0,2.0,2.0,2.0
1320,145,122,17,GaussianNB,LC-PFN,0.2003433182835579,0.003876760834828,3.204917811672203e-05,25,0.3,25,55,331,1.0,1.0,1.0,1.0
1321,145,122,17,GaussianNB,MMF4,9.86450312867502,0.1629072156486114,0.0459807204091286,25,0.3,25,55,331,4.0,4.0,4.0,4.0
1322,145,122,17,GaussianNB,WBL4,0.7321995902452719,0.014098699007111,0.0002213379725225,25,0.3,25,55,331,3.0,3.0,3.0,3.0
1323,145,122,17,GaussianNB,POW4,0.7321995893623939,0.0140986989902482,0.000221337972015,25,0.3,25,55,331,2.0,2.0,2.0,2.0
1324,143,262,22,ens.GradientBoosting,LC-PFN,0.5855136550962925,0.0082680359482765,9.740862878970802e-05,38,0.3,38,90,332,2.0,2.0,2.0,2.0
1325,143,262,22,ens.GradientBoosting,MMF4,0.0941610566327267,0.0012947261022796,2.5789175497747874e-06,38,0.3,38,90,332,1.0,1.0,1.0,1.0
1326,143,262,22,ens.GradientBoosting,WBL4,2.1769478112931395,0.0300249906330759,0.001110946217556,38,0.3,38,90,332,3.0,3.0,3.0,3.0
1327,143,262,22,ens.GradientBoosting,POW4,2.707999254979422,0.0399933453718888,0.0023334582376768,38,0.3,38,90,332,4.0,4.0,4.0,4.0
1328,146,4,6,LogisticRegression,LC-PFN,0.4841711837798357,0.0068567693233489,6.344750727294013e-05,25,0.3,25,6,333,3.0,3.0,3.0,3.0
1329,146,4,6,LogisticRegression,MMF4,0.3565529843222736,0.0050643316116728,3.870172893181942e-05,25,0.3,25,6,333,2.0,2.0,2.0,2.0
1330,146,4,6,LogisticRegression,WBL4,0.3493776770951387,0.0049619347066558,3.639268869167467e-05,25,0.3,25,6,333,1.0,1.0,1.0,1.0
1331,146,4,6,LogisticRegression,POW4,0.5307804941969644,0.0075581616050329,8.270734005695515e-05,25,0.3,25,6,333,4.0,4.0,4.0,4.0
1332,148,238,21,ens.RandomForest,LC-PFN,0.4553637001663446,0.0076314620673656,9.766332368599252e-05,28,0.3,28,67,334,1.0,1.0,1.0,1.0
1333,148,238,21,ens.RandomForest,MMF4,3.745525204388968,0.064755905987296,0.0044646754966138,28,0.3,28,67,334,4.0,4.0,4.0,4.0
1334,148,238,21,ens.RandomForest,WBL4,2.2993381646273785,0.037840067151422,0.0020789187104336,28,0.3,28,67,334,2.0,2.0,2.0,2.0
1335,148,238,21,ens.RandomForest,POW4,3.348614285615694,0.0587353544574668,0.0041434632159474,28,0.3,28,67,334,3.0,3.0,3.0,3.0
1336,147,163,16,ComplementNB,LC-PFN,0.9103956632316113,0.0175749696791172,0.0003098722663708,25,0.3,25,26,335,4.0,4.0,4.0,4.0
1337,147,163,16,ComplementNB,MMF4,0.046312417976663,0.0008855711752913,1.3844345035702958e-06,25,0.3,25,26,335,2.0,2.0,2.0,2.0
1338,147,163,16,ComplementNB,WBL4,0.1261559494494594,0.0024103463078385,6.148244210081432e-06,25,0.3,25,26,335,3.0,3.0,3.0,3.0
1339,147,163,16,ComplementNB,POW4,0.0391707298534601,0.0007493352348423,9.277131023453514e-07,25,0.3,25,26,335,1.0,1.0,1.0,1.0
1340,151,111,1,SVC_poly,LC-PFN,2.6856569573283195,0.033784981817007,0.0011712780687958,25,0.3,25,21,336,3.0,3.0,3.0,3.0
1341,151,111,1,SVC_poly,MMF4,1.816606938708636,0.0246820209910472,0.0011209594033799,25,0.3,25,21,336,2.0,2.0,2.0,2.0
1342,151,111,1,SVC_poly,WBL4,5.591956628770835,0.0818281346119886,0.0118047638092734,25,0.3,25,21,336,4.0,4.0,4.0,4.0
1343,151,111,1,SVC_poly,POW4,0.9362959248373536,0.0117683463793025,0.0001784512516258,25,0.3,25,21,336,1.0,1.0,1.0,1.0
1344,149,184,16,ComplementNB,LC-PFN,1.6909582540392876,0.020476434379816,0.0005104470765218,25,0.3,25,32,337,1.0,1.0,1.0,1.0
1345,149,184,16,ComplementNB,MMF4,3.093401015592814,0.0390607606130978,0.0023609913413003,25,0.3,25,32,337,3.0,3.0,3.0,3.0
1346,149,184,16,ComplementNB,WBL4,3.2716569344048763,0.0414577735372475,0.0026900218834538,25,0.3,25,32,337,4.0,4.0,4.0,4.0
1347,149,184,16,ComplementNB,POW4,2.195670624382138,0.0272810442471598,0.0011080915913923,25,0.3,25,32,337,2.0,2.0,2.0,2.0
1348,155,224,12,LDA,LC-PFN,0.8181178942322731,0.0160902570933103,0.0002599572762846,25,0.3,25,40,338,4.0,4.0,4.0,4.0
1349,155,224,12,LDA,MMF4,0.1019150090015054,0.0020221562093691,4.803645666772391e-06,25,0.3,25,40,338,1.0,1.0,1.0,1.0
1350,155,224,12,LDA,WBL4,0.7627701845958739,0.0150100219807323,0.000226738383568,25,0.3,25,40,338,3.0,3.0,3.0,3.0
1351,155,224,12,LDA,POW4,0.7627701768060509,0.0150100218286093,0.0002267383789321,25,0.3,25,40,338,2.0,2.0,2.0,2.0
1352,141,259,19,NearestCentroid,LC-PFN,1.595253124833107,0.0182999223470687,0.0004042353539261,25,0.3,25,46,339,4.0,4.0,4.0,4.0
1353,141,259,19,NearestCentroid,MMF4,0.9220575263569354,0.0103513190692124,0.0001230124170103,25,0.3,25,46,339,3.0,3.0,3.0,3.0
1354,141,259,19,NearestCentroid,WBL4,0.9205818038854484,0.0103349254850703,0.0001226738539345,25,0.3,25,46,339,2.0,2.0,2.0,2.0
1355,141,259,19,NearestCentroid,POW4,0.7012574233227541,0.007893105083195,7.750681976569523e-05,25,0.3,25,46,339,1.0,1.0,1.0,1.0
1356,152,43,22,ens.GradientBoosting,LC-PFN,7.684587687253952,0.110171191394329,0.0145251313224434,25,0.3,25,21,340,4.0,4.0,4.0,4.0
1357,152,43,22,ens.GradientBoosting,MMF4,1.8488594853968965,0.0284081620650869,0.0010743835286324,25,0.3,25,21,340,1.0,1.0,1.0,1.0
1358,152,43,22,ens.GradientBoosting,WBL4,3.2003033394656524,0.0491660215821957,0.0036505406288456,25,0.3,25,21,340,2.0,2.0,2.0,2.0
1359,152,43,22,ens.GradientBoosting,POW4,7.5407962820587455,0.1077530264245297,0.0133781702684593,25,0.3,25,21,340,3.0,3.0,3.0,3.0
1360,154,219,11,MLP,LC-PFN,1.8436077982187271,0.0233666468411684,0.0007829594542272,25,0.3,25,34,341,1.0,1.0,1.0,1.0
1361,154,219,11,MLP,MMF4,5.6279276710821655,0.0722543916921332,0.0059410108622955,25,0.3,25,34,341,3.0,3.0,3.0,3.0
1362,154,219,11,MLP,WBL4,8.019954104549354,0.1004914317662428,0.0117121743817523,25,0.3,25,34,341,4.0,4.0,4.0,4.0
1363,154,219,11,MLP,POW4,2.2334373335700137,0.031431256764665,0.0015357383767994,25,0.3,25,34,341,2.0,2.0,2.0,2.0
1364,158,120,9,RidgeClassifier,LC-PFN,1.1017444543540478,0.021736703813076,0.0004741644952446,25,0.3,25,29,342,4.0,4.0,4.0,4.0
1365,158,120,9,RidgeClassifier,MMF4,0.1602038100968689,0.0031911920637291,1.1639011826279364e-05,25,0.3,25,29,342,1.0,1.0,1.0,1.0
1366,158,120,9,RidgeClassifier,WBL4,0.2244716635584643,0.0044681654988144,2.1754888743767665e-05,25,0.3,25,29,342,2.0,2.0,2.0,2.0
1367,158,120,9,RidgeClassifier,POW4,0.847433535538399,0.0167616865332772,0.0002827593930026,25,0.3,25,29,342,3.0,3.0,3.0,3.0
1368,156,62,13,QDA,LC-PFN,15.865842998027802,0.0494609028100967,0.0025062416680157,25,0.3,25,18,343,4.0,4.0,4.0,4.0
1369,156,62,13,QDA,MMF4,1.6697917442567198,0.0060027724164706,5.362510985250612e-05,25,0.3,25,18,343,1.0,1.0,1.0,1.0
1370,156,62,13,QDA,WBL4,1.7195887432492638,0.0061878103672414,6.364562522820831e-05,25,0.3,25,18,343,2.0,2.0,2.0,2.0
1371,156,62,13,QDA,POW4,2.449575866535504,0.0089118686651612,0.0001183902087303,25,0.3,25,18,343,3.0,3.0,3.0,3.0
1372,153,22,9,RidgeClassifier,LC-PFN,0.4680130630731582,0.0081505002453923,9.424625750398263e-05,25,0.3,25,38,344,1.0,1.0,1.0,1.0
1373,153,22,9,RidgeClassifier,MMF4,0.909126327047912,0.0163097766012982,0.0003855846923782,25,0.3,25,38,344,4.0,4.0,4.0,4.0
1374,153,22,9,RidgeClassifier,WBL4,0.724065209502533,0.0126911084471014,0.0001919835184746,25,0.3,25,38,344,2.0,2.0,2.0,2.0
1375,153,22,9,RidgeClassifier,POW4,0.8225512294465652,0.0147477095469662,0.0003268502016022,25,0.3,25,38,344,3.0,3.0,3.0,3.0
1376,159,181,20,ens.ExtraTrees,LC-PFN,4.171120375394821,0.0443447567522525,0.002152633620426,25,0.3,25,23,345,4.0,4.0,4.0,4.0
1377,159,181,20,ens.ExtraTrees,MMF4,1.6318062516056004,0.0187423590841076,0.0005059024693819,25,0.3,25,23,345,2.0,2.0,2.0,2.0
1378,159,181,20,ens.ExtraTrees,WBL4,2.846820326170363,0.0310144497183667,0.0015204291550421,25,0.3,25,23,345,3.0,3.0,3.0,3.0
1379,159,181,20,ens.ExtraTrees,POW4,1.2071553592068267,0.0134094301599964,0.0002581229785177,25,0.3,25,23,345,1.0,1.0,1.0,1.0
1380,160,75,8,Perceptron,LC-PFN,1.337574329227209,0.0156912580132484,0.0004179299867246,25,0.3,25,21,346,1.0,1.0,1.0,1.0
1381,160,75,8,Perceptron,MMF4,2.692014457752343,0.0322761292430785,0.0015145241000997,25,0.3,25,21,346,3.0,3.0,3.0,3.0
1382,160,75,8,Perceptron,WBL4,2.761874284294764,0.0331597391462972,0.0016080091082456,25,0.3,25,21,346,4.0,4.0,4.0,4.0
1383,160,75,8,Perceptron,POW4,2.133503271052343,0.0253174090432631,0.0009123144342032,25,0.3,25,21,346,2.0,2.0,2.0,2.0
1384,161,54,19,NearestCentroid,LC-PFN,2.465330809354782,0.0350046157836914,0.001977001549676,25,0.3,25,34,347,2.0,2.0,2.0,2.0
1385,161,54,19,NearestCentroid,MMF4,1.4695956389267415,0.0196202954018464,0.0004767504774328,25,0.3,25,34,347,1.0,1.0,1.0,1.0
1386,161,54,19,NearestCentroid,WBL4,3.8938485063303774,0.0505305403549873,0.0030101299149611,25,0.3,25,34,347,3.0,3.0,3.0,3.0
1387,161,54,19,NearestCentroid,POW4,4.947365002511108,0.0725004243468852,0.0075032508781202,25,0.3,25,34,347,4.0,4.0,4.0,4.0
1388,165,190,3,SVC_sigmoid,LC-PFN,4.781503230333328,0.0412795916199684,0.0024994285777211,25,0.3,25,40,348,2.0,2.0,2.0,2.0
1389,165,190,3,SVC_sigmoid,MMF4,6.1167638306893934,0.0569755402521432,0.0042529357629304,25,0.3,25,40,348,3.0,3.0,3.0,3.0
1390,165,190,3,SVC_sigmoid,WBL4,2.441648511924713,0.0216086521650839,0.0006741645095804,25,0.3,25,40,348,1.0,1.0,1.0,1.0
1391,165,190,3,SVC_sigmoid,POW4,8.30536677084028,0.0810170212360592,0.0096008072248201,25,0.3,25,40,348,4.0,4.0,4.0,4.0
1392,164,240,6,LogisticRegression,LC-PFN,1.4852270483970642,0.0198903009295463,0.0005847130087204,25,0.3,25,40,349,4.0,4.0,4.0,4.0
1393,164,240,6,LogisticRegression,MMF4,0.4995295540443286,0.0066101604080408,0.0001058278920038,25,0.3,25,40,349,1.0,1.0,1.0,1.0
1394,164,240,6,LogisticRegression,WBL4,0.521902688985188,0.0069035896638737,0.0001181777442313,25,0.3,25,40,349,2.0,2.0,2.0,2.0
1395,164,240,6,LogisticRegression,POW4,0.7939778369929493,0.0105111547695231,0.000153421633798,25,0.3,25,40,349,3.0,3.0,3.0,3.0
1396,162,33,5,ExtraTree,LC-PFN,6.060358136892319,0.0479351319372653,0.0025563470553606,25,0.3,25,25,350,4.0,4.0,4.0,4.0
1397,162,33,5,ExtraTree,MMF4,4.62667286740781,0.0382497800216628,0.0018057446551852,25,0.3,25,25,350,2.0,2.0,2.0,2.0
1398,162,33,5,ExtraTree,WBL4,5.148616714566539,0.0423092341799971,0.002154771448819,25,0.3,25,25,350,3.0,3.0,3.0,3.0
1399,162,33,5,ExtraTree,POW4,2.7127716883987727,0.0229704969457404,0.0007119621125012,25,0.3,25,25,350,1.0,1.0,1.0,1.0
1400,168,129,22,ens.GradientBoosting,LC-PFN,0.7250047288835049,0.0142606906592845,0.0002367945271544,25,0.3,25,36,351,2.0,2.0,2.0,2.0
1401,168,129,22,ens.GradientBoosting,MMF4,0.8232207865150116,0.0161743580779135,0.0002982875410513,25,0.3,25,36,351,4.0,4.0,4.0,4.0
1402,168,129,22,ens.GradientBoosting,WBL4,0.8091566168958276,0.0159005694089605,0.0002898752438447,25,0.3,25,36,351,3.0,3.0,3.0,3.0
1403,168,129,22,ens.GradientBoosting,POW4,0.5914167368239102,0.0116512162886984,0.0001598675259683,25,0.3,25,36,351,1.0,1.0,1.0,1.0
1404,170,228,13,QDA,LC-PFN,11.941921710968018,0.1271693110466003,0.0390435792505741,25,0.3,25,20,352,4.0,4.0,1.0,3.0
1405,170,228,13,QDA,MMF4,9.330208659643702,0.1096146438107786,0.0430763031199222,25,0.3,25,20,352,2.0,2.0,3.0,2.3333333333333335
1406,170,228,13,QDA,WBL4,9.769056501081725,0.1139227026427182,0.0469267740766362,25,0.3,25,20,352,3.0,3.0,4.0,3.3333333333333335
1407,170,228,13,QDA,POW4,9.130121389270888,0.107288924409086,0.0398740697811152,25,0.3,25,20,352,1.0,1.0,2.0,1.3333333333333333
1408,163,235,4,Decision Tree,LC-PFN,0.3875172697007656,0.0074921371415257,9.629657870391384e-05,25,0.3,25,39,353,2.0,2.0,2.0,2.0
1409,163,235,4,Decision Tree,MMF4,1.221736243936859,0.0234009149180111,0.0006273538547385,25,0.3,25,39,353,3.0,3.0,3.0,3.0
1410,163,235,4,Decision Tree,WBL4,1.2526525729330062,0.0239847218212305,0.0006551467945222,25,0.3,25,39,353,4.0,4.0,4.0,4.0
1411,163,235,4,Decision Tree,POW4,0.3453097240743982,0.0067409921044898,5.994447000355589e-05,25,0.3,25,39,353,1.0,1.0,1.0,1.0
1412,171,99,13,QDA,LC-PFN,3.628838062286377,0.0514467097818851,0.0029403904918581,25,0.3,25,21,354,2.0,2.0,2.0,2.0
1413,171,99,13,QDA,MMF4,5.315289941246007,0.0833567588928508,0.0079716030243475,25,0.3,25,21,354,3.0,3.0,3.0,3.0
1414,171,99,13,QDA,WBL4,6.699299938333926,0.0922052430039957,0.0103040599878024,25,0.3,25,21,354,4.0,4.0,4.0,4.0
1415,171,99,13,QDA,POW4,3.351904842378474,0.0470287412130782,0.0022537003812478,25,0.3,25,21,354,1.0,1.0,1.0,1.0
1416,172,147,11,MLP,LC-PFN,17.42326021194458,0.0536754317581653,0.0029060442466288,25,0.3,25,3,355,4.0,4.0,4.0,4.0
1417,172,147,11,MLP,MMF4,4.341562708334078,0.0150873337704038,0.0002910364310001,25,0.3,25,3,355,3.0,1.0,3.0,2.3333333333333335
1418,172,147,11,MLP,WBL4,4.314382546894198,0.0162133333349615,0.0002904277333856,25,0.3,25,3,355,2.0,3.0,2.0,2.3333333333333335
1419,172,147,11,MLP,POW4,4.3143824843424,0.016213333088138,0.0002904277252983,25,0.3,25,3,355,1.0,2.0,1.0,1.3333333333333333
1420,175,155,19,NearestCentroid,LC-PFN,2.908112853765488,0.0420461669564247,0.0024161874316632,25,0.3,25,55,356,3.0,3.0,3.0,3.0
1421,175,155,19,NearestCentroid,MMF4,0.2053440629191596,0.0028582977220666,1.3955581794541364e-05,25,0.3,25,55,356,1.0,1.0,1.0,1.0
1422,175,155,19,NearestCentroid,WBL4,0.2988794106081294,0.004153605725899,2.7214354504173914e-05,25,0.3,25,55,356,2.0,2.0,2.0,2.0
1423,175,155,19,NearestCentroid,POW4,5.377081220373033,0.0797223710057261,0.0074426427166304,25,0.3,25,55,356,4.0,4.0,4.0,4.0
1424,179,3,5,ExtraTree,LC-PFN,2.4630283936858177,0.0353207737207412,0.0014978952240198,25,0.3,25,29,357,2.0,2.0,2.0,2.0
1425,179,3,5,ExtraTree,MMF4,3.276426542753644,0.0471665471719674,0.0031178107977493,25,0.3,25,29,357,3.0,3.0,3.0,3.0
1426,179,3,5,ExtraTree,WBL4,3.8365264168450106,0.0549482185458283,0.0044260129396076,25,0.3,25,29,357,4.0,4.0,4.0,4.0
1427,179,3,5,ExtraTree,POW4,1.7239365142309913,0.0252520830968436,0.0008878558607643,25,0.3,25,29,357,1.0,1.0,1.0,1.0
1428,169,222,4,Decision Tree,LC-PFN,2.739597298204899,0.0475629270076751,0.002504889620468,25,0.3,25,39,358,4.0,4.0,4.0,4.0
1429,169,222,4,Decision Tree,MMF4,1.237345844243379,0.0214817959550597,0.000610693867677,25,0.3,25,39,358,3.0,3.0,3.0,3.0
1430,169,222,4,Decision Tree,WBL4,1.1975040935603851,0.0210360919330265,0.0005510754422564,25,0.3,25,39,358,2.0,2.0,2.0,2.0
1431,169,222,4,Decision Tree,POW4,0.9483290119162944,0.0165030660182077,0.0003687418216941,25,0.3,25,39,358,1.0,1.0,1.0,1.0
1432,174,159,13,QDA,LC-PFN,4.2653638869524,0.0647200718522071,0.0046657770872116,25,0.3,25,26,359,4.0,4.0,4.0,4.0
1433,174,159,13,QDA,MMF4,2.021930994233339,0.0313912118848802,0.001097016524393,25,0.3,25,26,359,1.0,1.0,1.0,1.0
1434,174,159,13,QDA,WBL4,2.486649373315985,0.0387255161428654,0.0018539164135316,25,0.3,25,26,359,3.0,3.0,3.0,3.0
1435,174,159,13,QDA,POW4,2.172385529915588,0.0331407638388482,0.0013464112603974,25,0.3,25,26,359,2.0,2.0,2.0,2.0
1436,35,98,6,LogisticRegression,LC-PFN,0.4384936764836311,0.0073682181537151,7.8386023233179e-05,25,0.3,25,43,360,1.0,1.0,1.0,1.0
1437,35,98,6,LogisticRegression,MMF4,1.747884355074096,0.0291120317918709,0.0008911553831458,25,0.3,25,43,360,2.0,2.0,2.0,2.0
1438,35,98,6,LogisticRegression,WBL4,1.864056174550761,0.0310097991917281,0.0010071062414948,25,0.3,25,43,360,3.0,3.0,3.0,3.0
1439,35,98,6,LogisticRegression,POW4,2.469630362882272,0.0436048937402093,0.0029065103721764,25,0.3,25,43,360,4.0,4.0,4.0,4.0
1440,166,88,8,Perceptron,LC-PFN,1.809762790799141,0.0249644462019205,0.000879437488038,25,0.3,25,45,361,4.0,4.0,4.0,4.0
1441,166,88,8,Perceptron,MMF4,0.8226842362247763,0.0111647360933992,0.0001970724999019,25,0.3,25,45,361,1.0,1.0,2.0,1.3333333333333333
1442,166,88,8,Perceptron,WBL4,0.8239966187426166,0.0111824512036556,0.0001985431202529,25,0.3,25,45,361,2.0,2.0,3.0,2.3333333333333335
1443,166,88,8,Perceptron,POW4,0.8272309780345682,0.0112264027842249,0.0001837637358138,25,0.3,25,45,361,3.0,3.0,1.0,2.3333333333333335
1444,178,130,0,SVC_linear,LC-PFN,2.027573063969612,0.0305756200104951,0.0013020837213844,25,0.3,25,44,362,1.0,1.0,1.0,1.0
1445,178,130,0,SVC_linear,MMF4,6.558051080981881,0.1085117676975071,0.0164794341023004,25,0.3,25,44,362,3.0,3.0,3.0,3.0
1446,178,130,0,SVC_linear,WBL4,11.955742929209162,0.2070889120784062,0.0467764492317999,25,0.3,25,44,362,4.0,4.0,4.0,4.0
1447,178,130,0,SVC_linear,POW4,3.788827435275065,0.0599035199210185,0.0055898145464182,25,0.3,25,44,362,2.0,2.0,2.0,2.0
1448,177,8,14,BernoulliNB,LC-PFN,3.714565932750702,0.035181488841772,0.0016574917826801,25,0.3,25,29,363,2.0,2.0,2.0,2.0
1449,177,8,14,BernoulliNB,MMF4,4.499032106827749,0.0433126489393214,0.0021551346390677,25,0.3,25,29,363,3.0,3.0,3.0,3.0
1450,177,8,14,BernoulliNB,WBL4,2.846348935381911,0.0267788000569419,0.0007796514029275,25,0.3,25,29,363,1.0,1.0,1.0,1.0
1451,177,8,14,BernoulliNB,POW4,4.880031947807654,0.047252204801863,0.0026061886065,25,0.3,25,29,363,4.0,4.0,4.0,4.0
1452,180,31,15,MultinomialNB,LC-PFN,0.5001595709472895,0.0080909393727779,9.276919445255773e-05,27,0.3,27,64,364,2.0,2.0,2.0,2.0
1453,180,31,15,MultinomialNB,MMF4,1.0741430425159555,0.0170559634370284,0.0003226924460944,27,0.3,27,64,364,3.0,3.0,3.0,3.0
1454,180,31,15,MultinomialNB,WBL4,1.367759594187918,0.0216492362163302,0.0005065642854112,27,0.3,27,64,364,4.0,4.0,4.0,4.0
1455,180,31,15,MultinomialNB,POW4,0.1413205159505849,0.0022659408844783,6.0787142205399744e-06,27,0.3,27,64,364,1.0,1.0,1.0,1.0
1456,181,216,1,SVC_poly,LC-PFN,2.5793492794036865,0.039341926574707,0.0018880680436268,28,0.3,28,67,365,1.0,1.0,1.0,1.0
1457,181,216,1,SVC_poly,MMF4,5.579891275680617,0.0822909479486775,0.008329120957641,28,0.3,28,67,365,4.0,4.0,3.0,3.6666666666666665
1458,181,216,1,SVC_poly,WBL4,5.56258244168454,0.0820581518257417,0.0083676468798586,28,0.3,28,67,365,3.0,3.0,4.0,3.3333333333333335
1459,181,216,1,SVC_poly,POW4,4.395805935970806,0.0657360206112304,0.005449637302663,28,0.3,28,67,365,2.0,2.0,2.0,2.0
1460,182,16,2,SVC_rbf,LC-PFN,1.0662046261131763,0.0194144751876592,0.0003997747262474,25,0.3,25,40,366,4.0,4.0,4.0,4.0
1461,182,16,2,SVC_rbf,MMF4,0.2030485614340963,0.0036734404882145,2.6142984362377456e-05,25,0.3,25,40,366,3.0,3.0,3.0,3.0
1462,182,16,2,SVC_rbf,WBL4,0.0646549468935701,0.0011637188992133,2.6540630341478954e-06,25,0.3,25,40,366,2.0,2.0,2.0,2.0
1463,182,16,2,SVC_rbf,POW4,0.0639807403171656,0.0011515990631388,2.60039447133779e-06,25,0.3,25,40,366,1.0,1.0,1.0,1.0
1464,176,81,6,LogisticRegression,LC-PFN,1.959831453859806,0.020955890417099,0.0005458837840706,25,0.3,25,30,367,4.0,3.0,4.0,3.6666666666666665
1465,176,81,6,LogisticRegression,MMF4,1.9515063165975357,0.0211270526525121,0.0005372454704859,25,0.3,25,30,367,3.0,4.0,3.0,3.3333333333333335
1466,176,81,6,LogisticRegression,WBL4,1.4788763791448567,0.0161006802712205,0.0003231073274698,25,0.3,25,30,367,1.0,1.0,1.0,1.0
1467,176,81,6,LogisticRegression,POW4,1.4788763925957942,0.0161006804150053,0.0003231073320736,25,0.3,25,30,367,2.0,2.0,2.0,2.0
1468,186,244,4,Decision Tree,LC-PFN,0.3951447550207376,0.0070032910443842,6.81498131598346e-05,25,0.3,25,40,368,1.0,1.0,1.0,1.0
1469,186,244,4,Decision Tree,MMF4,1.2221530331488295,0.02148610132786,0.0006619931028495,25,0.3,25,40,368,3.0,3.0,3.0,3.0
1470,186,244,4,Decision Tree,WBL4,1.2664410027165018,0.0222508936117325,0.0007022325203088,25,0.3,25,40,368,4.0,4.0,4.0,4.0
1471,186,244,4,Decision Tree,POW4,1.1936699199624974,0.0209939212205352,0.0006393934629157,25,0.3,25,40,368,2.0,2.0,2.0,2.0
1472,187,83,2,SVC_rbf,LC-PFN,0.3509451169520616,0.0061087296344339,4.220249320496805e-05,25,0.3,25,21,369,2.0,2.0,2.0,2.0
1473,187,83,2,SVC_rbf,MMF4,0.4550068853880036,0.0079199610550127,9.973678418406204e-05,25,0.3,25,21,369,3.0,3.0,3.0,3.0
1474,187,83,2,SVC_rbf,WBL4,0.7144933715270647,0.0123864308599124,0.0002280822311859,25,0.3,25,21,369,4.0,4.0,4.0,4.0
1475,187,83,2,SVC_rbf,POW4,0.1731986124880038,0.0030202419873949,1.744614657101126e-05,25,0.3,25,21,369,1.0,1.0,1.0,1.0
1476,183,245,1,SVC_poly,LC-PFN,1.1346891522407532,0.0181514620780944,0.0011289885733276,30,0.3,30,73,370,2.0,2.0,4.0,2.6666666666666665
1477,183,245,1,SVC_poly,MMF4,1.152110707084269,0.0183797309706494,0.0006310855586773,30,0.3,30,73,370,3.0,3.0,2.0,2.6666666666666665
1478,183,245,1,SVC_poly,WBL4,1.186080670885051,0.0189273958276835,0.0006335224952692,30,0.3,30,73,370,4.0,4.0,3.0,3.6666666666666665
1479,183,245,1,SVC_poly,POW4,1.1329946635570312,0.0180712076843797,0.0006308678744787,30,0.3,30,73,370,1.0,1.0,1.0,1.0
1480,188,203,9,RidgeClassifier,LC-PFN,2.8453920036554337,0.0386803746223449,0.0018696677871048,25,0.3,25,36,371,1.0,1.0,1.0,1.0
1481,188,203,9,RidgeClassifier,MMF4,4.614083414769077,0.0615397747381273,0.0050310222714169,25,0.3,25,36,371,3.0,3.0,3.0,3.0
1482,188,203,9,RidgeClassifier,WBL4,4.70146181113019,0.0626371733225558,0.0051887690213206,25,0.3,25,36,371,4.0,4.0,4.0,4.0
1483,188,203,9,RidgeClassifier,POW4,3.9272178968393487,0.0528458258654415,0.0038960436652455,25,0.3,25,36,371,2.0,2.0,2.0,2.0
1484,190,103,21,ens.RandomForest,LC-PFN,0.1176129328086972,0.0022915275767445,7.862976417527534e-06,25,0.3,25,22,372,1.0,1.0,1.0,1.0
1485,190,103,21,ens.RandomForest,MMF4,0.4951429814145141,0.0096070923864779,0.0001017184511234,25,0.3,25,22,372,3.0,3.0,3.0,3.0
1486,190,103,21,ens.RandomForest,WBL4,0.5401648181692014,0.0104754897432528,0.0001196262482483,25,0.3,25,22,372,4.0,4.0,4.0,4.0
1487,190,103,21,ens.RandomForest,POW4,0.1904883905544064,0.0037095803398207,1.8103662316609816e-05,25,0.3,25,22,372,2.0,2.0,2.0,2.0
1488,191,58,15,MultinomialNB,LC-PFN,3.5739343613386154,0.0463455542922019,0.0021740060765296,25,0.3,25,49,373,2.0,2.0,2.0,2.0
1489,191,58,15,MultinomialNB,MMF4,13.221279292443969,0.1607541110127081,0.0299285064458532,25,0.3,25,49,373,3.0,3.0,3.0,3.0
1490,191,58,15,MultinomialNB,WBL4,14.38405317597409,0.172884478362203,0.0342930642398776,25,0.3,25,49,373,4.0,4.0,4.0,4.0
1491,191,58,15,MultinomialNB,POW4,0.7968064573222154,0.0105196273587987,0.0001337871310188,25,0.3,25,49,373,1.0,1.0,1.0,1.0
1492,184,163,1,SVC_poly,LC-PFN,0.6048818118870258,0.0112198498100042,0.0001692247460596,25,0.3,25,26,374,2.0,2.0,2.0,2.0
1493,184,163,1,SVC_poly,MMF4,0.6896920647354661,0.0128194425872621,0.000251842698352,25,0.3,25,26,374,3.0,3.0,3.0,3.0
1494,184,163,1,SVC_poly,WBL4,1.3538246406602954,0.0249369159355831,0.0009633576211037,25,0.3,25,26,374,4.0,4.0,4.0,4.0
1495,184,163,1,SVC_poly,POW4,0.5155927133494829,0.0095692203721037,9.74734752653312e-05,25,0.3,25,26,374,1.0,1.0,1.0,1.0
1496,196,178,18,KNN,LC-PFN,5.216493085026741,0.045140728354454,0.0022637511137872,25,0.3,25,42,375,4.0,4.0,4.0,4.0
1497,196,178,18,KNN,MMF4,2.878549827569541,0.0298327918922001,0.0012281615905003,25,0.3,25,42,375,2.0,2.0,2.0,2.0
1498,196,178,18,KNN,WBL4,3.2662869794188887,0.0341855037495084,0.0016556325174474,25,0.3,25,42,375,3.0,3.0,3.0,3.0
1499,196,178,18,KNN,POW4,1.0701720611046808,0.0105269042959476,0.0001475992308648,25,0.3,25,42,375,1.0,1.0,1.0,1.0
1500,192,145,13,QDA,LC-PFN,2.564452402293682,0.0470001697540283,0.0031004885677248,25,0.3,25,22,376,3.0,3.0,3.0,3.0
1501,192,145,13,QDA,MMF4,1.7417689931189873,0.0314904521818732,0.0018889603197196,25,0.3,25,22,376,2.0,2.0,2.0,2.0
1502,192,145,13,QDA,WBL4,1.6491861073788532,0.0297612833954658,0.0017830457248824,25,0.3,25,22,376,1.0,1.0,1.0,1.0
1503,192,145,13,QDA,POW4,4.121735792904316,0.0771375421292313,0.0073270325758346,25,0.3,25,22,376,4.0,4.0,4.0,4.0
1504,36,72,13,QDA,LC-PFN,6.561639904975891,0.0876726731657981,0.0117030059918761,25,0.3,25,51,377,2.0,2.0,2.0,2.0
1505,36,72,13,QDA,MMF4,5.524112857141802,0.0709737871816469,0.0057567005583911,25,0.3,25,51,377,1.0,1.0,1.0,1.0
1506,36,72,13,QDA,WBL4,20.48783943354739,0.3313737517977914,0.1204283119787864,25,0.3,25,51,377,4.0,4.0,4.0,4.0
1507,36,72,13,QDA,POW4,9.087394483128064,0.1265061482278049,0.0245356564031289,25,0.3,25,51,377,3.0,3.0,3.0,3.0
1508,195,20,1,SVC_poly,LC-PFN,0.6595633458346128,0.0101640056818723,0.0001342390023637,25,0.3,25,18,378,2.0,2.0,2.0,2.0
1509,195,20,1,SVC_poly,MMF4,0.880202899018488,0.013639066840388,0.0002700029999044,25,0.3,25,18,378,3.0,3.0,3.0,3.0
1510,195,20,1,SVC_poly,WBL4,0.959139788377247,0.0148811205320297,0.0003225302005999,25,0.3,25,18,378,4.0,4.0,4.0,4.0
1511,195,20,1,SVC_poly,POW4,0.5476683168120533,0.0084392231935381,9.989143643150358e-05,25,0.3,25,18,378,1.0,1.0,1.0,1.0
1512,198,236,4,Decision Tree,LC-PFN,0.966881588101387,0.0167697742581367,0.0003035745467059,25,0.3,25,30,379,1.0,1.0,1.0,1.0
1513,198,236,4,Decision Tree,MMF4,2.183835085350448,0.0375769519014536,0.001715846850386,25,0.3,25,30,379,3.0,2.0,3.0,2.6666666666666665
1514,198,236,4,Decision Tree,WBL4,2.843417137698855,0.0485517509741889,0.0027998903756153,25,0.3,25,30,379,4.0,4.0,4.0,4.0
1515,198,236,4,Decision Tree,POW4,2.1356973868311147,0.0384289205618748,0.0016279267693535,25,0.3,25,30,379,2.0,3.0,2.0,2.3333333333333335
1516,197,132,19,NearestCentroid,LC-PFN,0.9093131870031356,0.0160662773996591,0.0003241045342292,25,0.3,25,48,380,4.0,4.0,4.0,4.0
1517,197,132,19,NearestCentroid,MMF4,0.0940087956708734,0.0016402206636906,3.234926577886505e-06,25,0.3,25,48,380,2.0,2.0,2.0,2.0
1518,197,132,19,NearestCentroid,WBL4,0.1328996902363369,0.0023177306024178,6.123181258369708e-06,25,0.3,25,48,380,3.0,3.0,3.0,3.0
1519,197,132,19,NearestCentroid,POW4,0.0314746776044148,0.0005492827040174,5.248870823586742e-07,25,0.3,25,48,380,1.0,1.0,1.0,1.0
1520,193,143,14,BernoulliNB,LC-PFN,1.2608394026756289,0.019550135359168,0.0004690020577982,25,0.3,25,13,381,3.0,3.0,3.0,3.0
1521,193,143,14,BernoulliNB,MMF4,1.180586733819727,0.0182795123660678,0.000368287756412,25,0.3,25,13,381,2.0,2.0,2.0,2.0
1522,193,143,14,BernoulliNB,WBL4,1.093456547179965,0.0169138879695057,0.0003197321465521,25,0.3,25,13,381,1.0,1.0,1.0,1.0
1523,193,143,14,BernoulliNB,POW4,2.253271777056404,0.0353356428412121,0.0014270183465731,25,0.3,25,13,381,4.0,4.0,4.0,4.0
1524,194,237,10,SGDClassifier,LC-PFN,0.5733487196266651,0.0106390416622161,0.0001367770601063,25,0.3,25,14,382,1.0,1.0,1.0,1.0
1525,194,237,10,SGDClassifier,MMF4,1.10069024027062,0.020327706201213,0.0005551312063818,25,0.3,25,14,382,3.0,3.0,3.0,3.0
1526,194,237,10,SGDClassifier,WBL4,1.3356740518287833,0.0245924198252353,0.000783134674847,25,0.3,25,14,382,4.0,4.0,4.0,4.0
1527,194,237,10,SGDClassifier,POW4,0.8891958748077159,0.0164634490168462,0.0003570614374056,25,0.3,25,14,382,2.0,2.0,2.0,2.0
1528,199,209,12,LDA,LC-PFN,3.937733173370361,0.0532593801617622,0.0033964456524699,25,0.3,25,14,383,1.0,1.0,1.0,1.0
1529,199,209,12,LDA,MMF4,8.357472563132351,0.1077538882557902,0.0128347883333972,25,0.3,25,14,383,3.0,3.0,3.0,3.0
1530,199,209,12,LDA,WBL4,8.396076504339426,0.1082092379641629,0.0129331271866327,25,0.3,25,14,383,4.0,4.0,4.0,4.0
1531,199,209,12,LDA,POW4,7.565627075407745,0.0983376547976988,0.0108315368385288,25,0.3,25,14,383,2.0,2.0,2.0,2.0
1532,17,42,3,SVC_sigmoid,LC-PFN,29.93000447750092,0.3291922807693481,0.1172976940870285,25,0.3,25,44,384,3.0,3.0,3.0,3.0
1533,17,42,3,SVC_sigmoid,MMF4,33.77641010717189,0.3752606840214421,0.1624989546151624,25,0.3,25,44,384,4.0,4.0,4.0,4.0
1534,17,42,3,SVC_sigmoid,WBL4,7.440638602341385,0.1172523366124452,0.0200839908716462,25,0.3,25,44,384,1.0,1.0,1.0,1.0
1535,17,42,3,SVC_sigmoid,POW4,25.40515344499709,0.3005307398226335,0.1035966900836906,25,0.3,25,44,384,2.0,2.0,2.0,2.0
1536,85,226,12,LDA,LC-PFN,9.69223976135254,0.0562889613211154,0.0057025938294827,29,0.3,29,70,385,1.0,1.0,1.0,1.0
1537,85,226,12,LDA,MMF4,24.618713785275794,0.1785736331453985,0.0467727552072693,29,0.3,29,70,385,3.0,3.0,3.0,3.0
1538,85,226,12,LDA,WBL4,26.234278681460196,0.188044605171252,0.0530042438233513,29,0.3,29,70,385,4.0,4.0,4.0,4.0
1539,85,226,12,LDA,POW4,17.674183843554083,0.1395467161394282,0.024445240507888,29,0.3,29,70,385,2.0,2.0,2.0,2.0
1540,157,252,14,BernoulliNB,LC-PFN,19.44931298494339,0.1436555683612823,0.0212085582315921,25,0.3,25,45,386,2.0,2.0,2.0,2.0
1541,157,252,14,BernoulliNB,MMF4,22.406771150868774,0.1676282207426536,0.0339681832448294,25,0.3,25,45,386,3.0,3.0,3.0,3.0
1542,157,252,14,BernoulliNB,WBL4,22.885210760316856,0.1704191242593198,0.0349205938053089,25,0.3,25,45,386,4.0,4.0,4.0,4.0
1543,157,252,14,BernoulliNB,POW4,2.763523625179833,0.026682309109976,0.0009514891119757,25,0.3,25,45,386,1.0,1.0,1.0,1.0
1544,108,252,18,KNN,LC-PFN,31.489798426628116,0.2368277162313461,0.0638286545872688,25,0.3,25,45,387,4.0,4.0,3.0,3.6666666666666665
1545,108,252,18,KNN,MMF4,25.404502902661697,0.2072349651445935,0.0578347594779067,25,0.3,25,45,387,2.0,2.0,2.0,2.0
1546,108,252,18,KNN,WBL4,27.78087440279025,0.2211858730412024,0.0642696965570024,25,0.3,25,45,387,3.0,3.0,4.0,3.3333333333333335
1547,108,252,18,KNN,POW4,6.723343967775473,0.0642423688143312,0.00509306258699,25,0.3,25,45,387,1.0,1.0,1.0,1.0
1548,185,59,1,SVC_poly,LC-PFN,26.461681723594666,0.0978952273726463,0.0105228889733552,25,0.3,25,21,388,4.0,4.0,4.0,4.0
1549,185,59,1,SVC_poly,MMF4,9.731554712309444,0.0429855294424109,0.0028980285708366,25,0.3,25,21,388,2.0,2.0,2.0,2.0
1550,185,59,1,SVC_poly,WBL4,10.917845888667806,0.047461806788602,0.0033846208150409,25,0.3,25,21,388,3.0,3.0,3.0,3.0
1551,185,59,1,SVC_poly,POW4,0.8096751365106722,0.0035247242404777,1.964396164989836e-05,25,0.3,25,21,388,1.0,1.0,1.0,1.0
1552,5,226,9,RidgeClassifier,LC-PFN,51.95760726928711,0.3064697384834289,0.1073520183563232,49,0.5,49,50,389,3.0,3.0,3.0,3.0
1553,5,226,9,RidgeClassifier,MMF4,69.88399391269922,0.367166183062571,0.1543173201365503,49,0.5,49,50,389,4.0,4.0,4.0,4.0
1554,5,226,9,RidgeClassifier,WBL4,49.40631220232957,0.2972451820365757,0.1019013591072037,49,0.5,49,50,389,2.0,2.0,2.0,2.0
1555,5,226,9,RidgeClassifier,POW4,46.83719884058987,0.2875295059089339,0.0962075928079299,49,0.5,49,50,389,1.0,1.0,1.0,1.0
1556,0,260,5,ExtraTree,LC-PFN,0.7746950257569551,0.009721796028316,0.0001173863274743,45,0.5,45,46,390,3.0,3.0,4.0,3.3333333333333335
1557,0,260,5,ExtraTree,MMF4,0.7981330824274203,0.0099296368299979,0.0001056953330454,45,0.5,45,46,390,4.0,4.0,3.0,3.6666666666666665
1558,0,260,5,ExtraTree,WBL4,0.3055957919626532,0.0038364525053222,2.128269239716664e-05,45,0.5,45,46,390,2.0,2.0,1.0,1.6666666666666667
1559,0,260,5,ExtraTree,POW4,0.3055957919495736,0.0038364525051573,2.128269240341672e-05,45,0.5,45,46,390,1.0,1.0,2.0,1.3333333333333333
1560,8,206,19,NearestCentroid,LC-PFN,1.014193333685398,0.0187260173261165,0.0003723314148373,37,0.5,37,37,391,4.0,4.0,4.0,4.0
1561,8,206,19,NearestCentroid,MMF4,0.2046089209474773,0.0037295185384688,1.5044092442979126e-05,37,0.5,37,37,391,1.0,1.0,1.0,1.0
1562,8,206,19,NearestCentroid,WBL4,0.3285113917039157,0.0059800075936757,3.827709698524529e-05,37,0.5,37,37,391,3.0,3.0,3.0,3.0
1563,8,206,19,NearestCentroid,POW4,0.3148009310237468,0.0057693294576831,3.5829684186022154e-05,37,0.5,37,37,391,2.0,2.0,2.0,2.0
1564,10,162,22,ens.GradientBoosting,LC-PFN,0.9476890787482262,0.0186652336269617,0.0003517563454806,25,0.5,25,26,392,4.0,4.0,4.0,4.0
1565,10,162,22,ens.GradientBoosting,MMF4,0.4780649508485956,0.0094607635860004,9.297430840374135e-05,25,0.5,25,26,392,3.0,3.0,3.0,3.0
1566,10,162,22,ens.GradientBoosting,WBL4,0.4312389324280385,0.0085382825559562,7.668182280283375e-05,25,0.5,25,26,392,2.0,2.0,2.0,2.0
1567,10,162,22,ens.GradientBoosting,POW4,0.0909543635771693,0.0018049947567641,5.613104653198543e-06,25,0.5,25,26,392,1.0,1.0,1.0,1.0
1568,1,14,18,KNN,LC-PFN,0.4800805822014808,0.0092872763052582,0.0001127171271946,33,0.5,33,33,393,1.0,1.0,1.0,1.0
1569,1,14,18,KNN,MMF4,1.099283751026206,0.0211713608764494,0.0005336232757179,33,0.5,33,33,393,2.0,2.0,2.0,2.0
1570,1,14,18,KNN,WBL4,1.991858032055171,0.0379672515558912,0.0016373127463661,33,0.5,33,33,393,3.0,3.0,3.0,3.0
1571,1,14,18,KNN,POW4,2.239414338106249,0.042125730027431,0.0019653622478325,33,0.5,33,33,393,4.0,4.0,4.0,4.0
1572,2,157,20,ens.ExtraTrees,LC-PFN,0.4819993861019611,0.0093276519328355,0.000111021057819,25,0.5,25,26,394,2.0,2.0,2.0,2.0
1573,2,157,20,ens.ExtraTrees,MMF4,0.5534242327160276,0.0106332270909886,0.0001417058511547,25,0.5,25,26,394,3.0,3.0,3.0,3.0
1574,2,157,20,ens.ExtraTrees,WBL4,0.6320488994243881,0.0121321908819247,0.0001778152237299,25,0.5,25,26,394,4.0,4.0,4.0,4.0
1575,2,157,20,ens.ExtraTrees,POW4,0.3055955203558356,0.0059225114359734,3.88032629073367e-05,25,0.5,25,26,394,1.0,1.0,1.0,1.0
1576,11,139,2,SVC_rbf,LC-PFN,0.5682751070708036,0.0100529007613658,0.0001328952930634,25,0.5,25,25,395,4.0,4.0,4.0,4.0
1577,11,139,2,SVC_rbf,MMF4,0.1100097010518036,0.0019298332497133,4.053960201990616e-06,25,0.5,25,25,395,3.0,3.0,3.0,3.0
1578,11,139,2,SVC_rbf,WBL4,0.0933032560955658,0.0016370554504805,3.028292204650848e-06,25,0.5,25,25,395,1.0,1.0,1.0,1.0
1579,11,139,2,SVC_rbf,POW4,0.1047255776991206,0.001837245951049,3.662955816428309e-06,25,0.5,25,25,395,2.0,2.0,2.0,2.0
1580,3,183,19,NearestCentroid,LC-PFN,16.9742152094841,0.0525357276201248,0.0028992209117859,53,0.5,53,53,396,4.0,4.0,4.0,4.0
1581,3,183,19,NearestCentroid,MMF4,11.939389469462885,0.038760360768539,0.0016698833067037,53,0.5,53,53,396,3.0,3.0,3.0,3.0
1582,3,183,19,NearestCentroid,WBL4,7.825160947063775,0.0265255450186605,0.0008589811658285,53,0.5,53,53,396,1.0,1.0,1.0,1.0
1583,3,183,19,NearestCentroid,POW4,7.825161037001472,0.0265255452967955,0.0008589811815944,53,0.5,53,53,396,2.0,2.0,2.0,2.0
1584,14,2,6,LogisticRegression,LC-PFN,0.525604235008359,0.0091478824615478,0.0001247351465281,25,0.5,25,15,397,3.0,3.0,3.0,3.0
1585,14,2,6,LogisticRegression,MMF4,0.1544741644769311,0.0026719956481373,1.1088666911503825e-05,25,0.5,25,15,397,2.0,2.0,2.0,2.0
1586,14,2,6,LogisticRegression,WBL4,0.1408430547736901,0.0024357354434754,9.188912129963867e-06,25,0.5,25,15,397,1.0,1.0,1.0,1.0
1587,14,2,6,LogisticRegression,POW4,1.0811946575764413,0.0189004742947983,0.0003748431559272,25,0.5,25,15,397,4.0,4.0,4.0,4.0
1588,7,77,10,SGDClassifier,LC-PFN,0.9902910329401492,0.0119049716740846,0.0002029149909503,25,0.5,25,21,398,1.0,1.0,1.0,1.0
1589,7,77,10,SGDClassifier,MMF4,1.2932368213249117,0.0156052425779292,0.0003591031911552,25,0.5,25,21,398,3.0,3.0,3.0,3.0
1590,7,77,10,SGDClassifier,WBL4,8.505990008420032,0.1128934474003261,0.0146506444355915,25,0.5,25,21,398,4.0,4.0,4.0,4.0
1591,7,77,10,SGDClassifier,POW4,1.1654906963213565,0.0140264461887341,0.0002975085090892,25,0.5,25,21,398,2.0,2.0,2.0,2.0
1592,13,248,11,MLP,LC-PFN,0.3076349152252078,0.0050083519890904,3.703617403516546e-05,29,0.5,29,30,399,2.0,2.0,2.0,2.0
1593,13,248,11,MLP,MMF4,1.2737332946356006,0.0208260206749796,0.0005427321409138,29,0.5,29,30,399,4.0,4.0,4.0,4.0
1594,13,248,11,MLP,WBL4,0.9268067714348628,0.0152372485656526,0.0003287259835658,29,0.5,29,30,399,3.0,3.0,3.0,3.0
1595,13,248,11,MLP,POW4,0.2363950170021168,0.0038845354915439,2.0877574055305824e-05,29,0.5,29,30,399,1.0,1.0,1.0,1.0
1596,4,162,17,GaussianNB,LC-PFN,1.018266286700964,0.0200704652816057,0.0004037608159705,25,0.5,25,26,400,4.0,4.0,4.0,4.0
1597,4,162,17,GaussianNB,MMF4,0.2956990969936263,0.0058707598095697,3.547003721002543e-05,25,0.5,25,26,400,2.0,2.0,2.0,2.0
1598,4,162,17,GaussianNB,WBL4,0.3818142538909007,0.007573810985197,5.853618326680008e-05,25,0.5,25,26,400,3.0,3.0,3.0,3.0
1599,4,162,17,GaussianNB,POW4,0.0939322366359067,0.0018657357412068,6.667904906308489e-06,25,0.5,25,26,400,1.0,1.0,1.0,1.0
1600,15,150,2,SVC_rbf,LC-PFN,0.1467416994273662,0.0024774770718067,9.889569810184184e-06,25,0.5,25,6,401,4.0,4.0,4.0,4.0
1601,15,150,2,SVC_rbf,MMF4,2.0930809755883218e-07,3.542137028134107e-09,1.2653213935308072e-17,25,0.5,25,6,401,1.0,1.0,1.0,1.0
1602,15,150,2,SVC_rbf,WBL4,0.0016356503142454,2.7680694471621248e-05,7.757404308598258e-10,25,0.5,25,6,401,3.0,3.0,3.0,3.0
1603,15,150,2,SVC_rbf,POW4,6.245754043795155e-06,1.0569738297568541e-07,1.1592175089491387e-14,25,0.5,25,6,401,2.0,2.0,2.0,2.0
1604,17,42,3,SVC_sigmoid,LC-PFN,8.796422183513641,0.1359567940235138,0.0217931922525167,34,0.5,34,35,402,2.0,2.0,2.0,2.0
1605,17,42,3,SVC_sigmoid,MMF4,7.537093022864302,0.1215595226084566,0.0213901068980477,34,0.5,34,35,402,1.0,1.0,1.0,1.0
1606,17,42,3,SVC_sigmoid,WBL4,16.930683180918464,0.2440622506479818,0.0775551682048684,34,0.5,34,35,402,3.0,3.0,4.0,3.3333333333333335
1607,17,42,3,SVC_sigmoid,POW4,19.88206351525513,0.2699961261296263,0.0775126968233184,34,0.5,34,35,402,4.0,4.0,3.0,3.6666666666666665
1608,9,248,19,NearestCentroid,LC-PFN,0.2821337198838591,0.0045052370987832,2.3144026272348128e-05,29,0.5,29,30,403,2.0,2.0,2.0,2.0
1609,9,248,19,NearestCentroid,MMF4,1.0479135842693388,0.0165969583956174,0.0003086396192144,29,0.5,29,30,403,3.0,3.0,3.0,3.0
1610,9,248,19,NearestCentroid,WBL4,1.2260773625858428,0.0193806689168898,0.0004144404388853,29,0.5,29,30,403,4.0,4.0,4.0,4.0
1611,9,248,19,NearestCentroid,POW4,0.1080159959997873,0.001723493366242,4.2383894266659e-06,29,0.5,29,30,403,1.0,1.0,1.0,1.0
1612,16,188,2,SVC_rbf,LC-PFN,1.4360187575221062,0.0232744608074426,0.0006115602445788,32,0.5,32,33,404,1.0,1.0,1.0,1.0
1613,16,188,2,SVC_rbf,MMF4,2.299900440707086,0.0369293770884949,0.0015922509796645,32,0.5,32,33,404,3.0,3.0,3.0,3.0
1614,16,188,2,SVC_rbf,WBL4,2.406683433357521,0.0385972819720112,0.0017258778964999,32,0.5,32,33,404,4.0,4.0,4.0,4.0
1615,16,188,2,SVC_rbf,POW4,2.207523062585946,0.0354836457121061,0.0014821750162439,32,0.5,32,33,404,2.0,2.0,2.0,2.0
1616,12,236,7,PassiveAggressive,LC-PFN,1.1267284862697124,0.0142519818618893,0.000357934331987,27,0.5,27,28,405,1.0,1.0,1.0,1.0
1617,12,236,7,PassiveAggressive,MMF4,1.8152502071101029,0.0229676074299383,0.0008178724427531,27,0.5,27,28,405,3.0,3.0,3.0,3.0
1618,12,236,7,PassiveAggressive,WBL4,2.110820129336861,0.0266090916986486,0.00107230309584,27,0.5,27,28,405,4.0,4.0,4.0,4.0
1619,12,236,7,PassiveAggressive,POW4,1.272201791522819,0.0160905373613974,0.0004403730851867,27,0.5,27,28,405,2.0,2.0,2.0,2.0
1620,22,165,1,SVC_poly,LC-PFN,0.9652191773056984,0.0186231974512338,0.000346891087247,66,0.5,66,66,406,3.0,3.0,3.0,3.0
1621,22,165,1,SVC_poly,MMF4,1.516224513277088,0.0294972358135098,0.0010229037964574,66,0.5,66,66,406,4.0,4.0,4.0,4.0
1622,22,165,1,SVC_poly,WBL4,0.0006391002155321,1.2211848872436336e-05,1.491292528832246e-10,66,0.5,66,66,406,1.0,1.0,1.0,1.0
1623,22,165,1,SVC_poly,POW4,0.0319926916185447,0.0006115119909592,3.739476160124234e-07,66,0.5,66,66,406,2.0,2.0,2.0,2.0
1624,18,48,7,PassiveAggressive,LC-PFN,1.0722922161221504,0.0166583862155675,0.0004053154552821,50,0.5,50,50,407,4.0,4.0,4.0,4.0
1625,18,48,7,PassiveAggressive,MMF4,0.8523163280119026,0.0131812190262862,0.000272140822573,50,0.5,50,50,407,3.0,3.0,3.0,3.0
1626,18,48,7,PassiveAggressive,WBL4,0.5838222797263171,0.008991456018883,0.0001479023713447,50,0.5,50,50,407,1.0,1.0,1.0,1.0
1627,18,48,7,PassiveAggressive,POW4,0.7727153911983415,0.0119343452596829,0.0002341688028096,50,0.5,50,50,407,2.0,2.0,2.0,2.0
1628,21,128,8,Perceptron,LC-PFN,0.5133769940584898,0.0100711649283766,0.0001113683902076,27,0.5,27,27,408,4.0,4.0,4.0,4.0
1629,21,128,8,Perceptron,MMF4,0.2536328911584334,0.0049901119421748,3.0904563575608864e-05,27,0.5,27,27,408,1.0,1.0,1.0,1.0
1630,21,128,8,Perceptron,WBL4,0.2896029137981572,0.0056954709009133,3.9046372152202086e-05,27,0.5,27,27,408,2.0,2.0,2.0,2.0
1631,21,128,8,Perceptron,POW4,0.5069506737838813,0.0099458173225632,0.0001090950159147,27,0.5,27,27,408,3.0,3.0,3.0,3.0
1632,25,258,14,BernoulliNB,LC-PFN,0.7931441068649292,0.0108874384313821,0.0001538408396299,64,0.5,64,64,409,4.0,4.0,4.0,4.0
1633,25,258,14,BernoulliNB,MMF4,0.1267205265448311,0.0017245502037925,3.082330493477954e-06,64,0.5,64,64,409,2.0,2.0,2.0,2.0
1634,25,258,14,BernoulliNB,WBL4,0.0420865160155982,0.0005722402342149,3.77364911222421e-07,64,0.5,64,64,409,1.0,1.0,1.0,1.0
1635,25,258,14,BernoulliNB,POW4,0.1876936635186605,0.0025559341540707,6.6843353423600205e-06,64,0.5,64,64,409,3.0,3.0,3.0,3.0
1636,23,157,14,BernoulliNB,LC-PFN,1.3609927147626877,0.0254221688956022,0.0006659765494987,25,0.5,25,26,410,4.0,4.0,4.0,4.0
1637,23,157,14,BernoulliNB,MMF4,1.6471126915322715e-06,3.033531225788293e-08,1.145804210556616e-15,25,0.5,25,26,410,2.0,2.0,2.0,2.0
1638,23,157,14,BernoulliNB,WBL4,4.9083723199416805e-09,9.039879955707876e-11,8.1719429613609e-21,25,0.5,25,26,410,1.0,1.0,1.0,1.0
1639,23,157,14,BernoulliNB,POW4,1.76502335345962e-05,3.250691178159092e-07,1.2624237460906094e-13,25,0.5,25,26,410,3.0,3.0,3.0,3.0
1640,29,193,7,PassiveAggressive,LC-PFN,12.369700521230698,0.0282763205468654,0.0008000546367838,56,0.5,56,56,411,4.0,4.0,4.0,4.0
1641,29,193,7,PassiveAggressive,MMF4,0.2508861348179493,0.0005026269627429,4.281292119692376e-07,56,0.5,56,56,411,3.0,3.0,3.0,3.0
1642,29,193,7,PassiveAggressive,WBL4,0.2295109521259728,0.0004598775518299,3.731409595736346e-07,56,0.5,56,56,411,2.0,2.0,2.0,2.0
1643,29,193,7,PassiveAggressive,POW4,0.2295109517220318,0.0004598775510204,3.73140959183677e-07,56,0.5,56,56,411,1.0,1.0,1.0,1.0
1644,26,194,6,LogisticRegression,LC-PFN,21.088652312755585,0.0858828723430633,0.0073943291790783,52,0.5,52,53,412,4.0,4.0,4.0,4.0
1645,26,194,6,LogisticRegression,MMF4,1.9480070621185084,0.0094918470376712,0.0001073006101841,52,0.5,52,53,412,2.0,2.0,2.0,2.0
1646,26,194,6,LogisticRegression,WBL4,2.618611724883412,0.0126627084908466,0.0001849444307292,52,0.5,52,53,412,3.0,3.0,3.0,3.0
1647,26,194,6,LogisticRegression,POW4,1.2220671418933218,0.0060040240403479,4.44996530437729e-05,52,0.5,52,53,412,1.0,1.0,1.0,1.0
1648,27,136,17,GaussianNB,LC-PFN,0.3833500202745199,0.0075101819820702,5.927268284722231e-05,38,0.5,38,39,413,3.0,3.0,3.0,3.0
1649,27,136,17,GaussianNB,MMF4,0.1591652577267122,0.003133216324929,1.3664099150340578e-05,38,0.5,38,39,413,2.0,2.0,2.0,2.0
1650,27,136,17,GaussianNB,WBL4,0.0699197976820312,0.0013748377835837,2.8803877863049725e-06,38,0.5,38,39,413,1.0,1.0,1.0,1.0
1651,27,136,17,GaussianNB,POW4,0.5941557064170851,0.0117576474798609,0.0001638309838615,38,0.5,38,39,413,4.0,4.0,4.0,4.0
1652,19,60,6,LogisticRegression,LC-PFN,1.244998164474964,0.0245937705039978,0.0006048546638339,25,0.5,25,2,414,4.0,4.0,4.0,4.0
1653,19,60,6,LogisticRegression,MMF4,0.0432674222155429,0.0008649717236886,7.531111203842168e-07,25,0.5,25,2,414,2.0,2.0,2.0,2.0
1654,19,60,6,LogisticRegression,WBL4,0.0398095362224604,0.0007958733837665,6.344279952326569e-07,25,0.5,25,2,414,1.0,1.0,1.0,1.0
1655,19,60,6,LogisticRegression,POW4,0.6306218298270719,0.0125333982511505,0.0001570860717219,25,0.5,25,2,414,3.0,3.0,3.0,3.0
1656,34,254,1,SVC_poly,LC-PFN,3.9539258927106857,0.0384265109896659,0.0015299071092158,46,0.5,46,47,415,4.0,4.0,4.0,4.0
1657,34,254,1,SVC_poly,MMF4,1.6466629290545245,0.0181751604010625,0.0005372901281907,46,0.5,46,47,415,3.0,3.0,3.0,3.0
1658,34,254,1,SVC_poly,WBL4,1.574850134853488,0.0173838430810687,0.0005022502243706,46,0.5,46,47,415,2.0,2.0,2.0,2.0
1659,34,254,1,SVC_poly,POW4,0.4293461860962056,0.0042483386078183,2.389946294997752e-05,46,0.5,46,47,415,1.0,1.0,1.0,1.0
1660,30,20,11,MLP,LC-PFN,1.0990814305841925,0.0150685012340545,0.0003689188160933,25,0.5,25,18,416,4.0,4.0,4.0,4.0
1661,30,20,11,MLP,MMF4,0.5618576169441369,0.0076050443086369,0.0001233087224446,25,0.5,25,18,416,2.0,2.0,2.0,2.0
1662,30,20,11,MLP,WBL4,0.5977219660149743,0.0080941870905411,0.0001158003605142,25,0.5,25,18,416,3.0,3.0,1.0,2.3333333333333335
1663,30,20,11,MLP,POW4,0.5548333559292341,0.0075089893787847,0.0001280846804375,25,0.5,25,18,416,1.0,1.0,3.0,1.6666666666666667
1664,36,72,13,QDA,LC-PFN,9.403793513774872,0.1278016865253448,0.0206639319658279,38,0.5,38,38,417,3.0,3.0,3.0,3.0
1665,36,72,13,QDA,MMF4,6.067342691386337,0.0786359612855661,0.0080793909103204,38,0.5,38,38,417,2.0,2.0,2.0,2.0
1666,36,72,13,QDA,WBL4,5.755390477169739,0.0742609710796053,0.0071258462015663,38,0.5,38,38,417,1.0,1.0,1.0,1.0
1667,36,72,13,QDA,POW4,13.228984976408912,0.1901649329075466,0.0453803218093318,38,0.5,38,38,417,4.0,4.0,4.0,4.0
1668,28,103,7,PassiveAggressive,LC-PFN,0.6923911161720753,0.0128989657387137,0.0002742982469499,25,0.5,25,22,418,1.0,1.0,1.0,1.0
1669,28,103,7,PassiveAggressive,MMF4,2.3555069795487174,0.0433902458262157,0.0020251844509726,25,0.5,25,22,418,3.0,3.0,3.0,3.0
1670,28,103,7,PassiveAggressive,WBL4,3.0323208466283136,0.0554750986936378,0.0032903576840732,25,0.5,25,22,418,4.0,4.0,4.0,4.0
1671,28,103,7,PassiveAggressive,POW4,0.9102808696656756,0.0168693660538148,0.0004633106449657,25,0.5,25,22,418,2.0,2.0,2.0,2.0
1672,31,44,15,MultinomialNB,LC-PFN,0.7573804352432489,0.0118784205988049,0.0001448557450203,25,0.5,25,6,419,4.0,4.0,4.0,4.0
1673,31,44,15,MultinomialNB,MMF4,0.2224359845904667,0.0035103357574748,1.6798047180048443e-05,25,0.5,25,6,419,1.0,1.0,1.0,1.0
1674,31,44,15,MultinomialNB,WBL4,0.3440815905426167,0.0054218905480576,3.51061105442291e-05,25,0.5,25,6,419,3.0,3.0,3.0,3.0
1675,31,44,15,MultinomialNB,POW4,0.2426220324103253,0.0038278908000837,1.928351989750377e-05,25,0.5,25,6,419,2.0,2.0,2.0,2.0
1676,32,253,16,ComplementNB,LC-PFN,14.31903839111328,0.0712695494294166,0.0052742366679012,36,0.5,36,36,420,4.0,4.0,4.0,4.0
1677,32,253,16,ComplementNB,MMF4,3.5115306759692904,0.019677357347418,0.000436483599925,36,0.5,36,36,420,2.0,2.0,2.0,2.0
1678,32,253,16,ComplementNB,WBL4,4.564349627438287,0.0252902380329657,0.0007174760689388,36,0.5,36,36,420,3.0,3.0,3.0,3.0
1679,32,253,16,ComplementNB,POW4,0.4240663014481146,0.0024929258657201,1.0436857279699348e-05,36,0.5,36,36,420,1.0,1.0,1.0,1.0
1680,24,191,3,SVC_sigmoid,LC-PFN,5.547769740223885,0.0321767926216125,0.0021828070748597,25,0.5,25,3,421,1.0,1.0,3.0,1.6666666666666667
1681,24,191,3,SVC_sigmoid,MMF4,6.232353483586075,0.0366900182337033,0.0013552847163207,25,0.5,25,3,421,2.0,2.0,1.0,1.6666666666666667
1682,24,191,3,SVC_sigmoid,WBL4,12.19402381367746,0.0786388988524611,0.0076042613816982,25,0.5,25,3,421,4.0,4.0,4.0,4.0
1683,24,191,3,SVC_sigmoid,POW4,7.081643108235605,0.0420559221229296,0.0020857425615763,25,0.5,25,3,421,3.0,3.0,2.0,2.6666666666666665
1684,38,179,9,RidgeClassifier,LC-PFN,0.4141712561249733,0.0080182366073131,8.959833940025419e-05,38,0.5,38,38,422,2.0,2.0,2.0,2.0
1685,38,179,9,RidgeClassifier,MMF4,0.2772678770358539,0.0053714862851413,2.9289059570820533e-05,38,0.5,38,38,422,1.0,1.0,1.0,1.0
1686,38,179,9,RidgeClassifier,WBL4,0.9077722640845808,0.0174018904878207,0.0003342714177632,38,0.5,38,38,422,3.0,3.0,3.0,3.0
1687,38,179,9,RidgeClassifier,POW4,1.2973048415690809,0.0244422157858302,0.0009552755974407,38,0.5,38,38,422,4.0,4.0,4.0,4.0
1688,33,5,3,SVC_sigmoid,LC-PFN,25.46219229698181,0.0940446481108665,0.0113176116719841,27,0.5,27,27,423,1.0,1.0,1.0,1.0
1689,33,5,3,SVC_sigmoid,MMF4,29.88093851007748,0.1057560226189424,0.0137142762683698,27,0.5,27,27,423,4.0,4.0,4.0,4.0
1690,33,5,3,SVC_sigmoid,WBL4,29.506510197141527,0.1047983537785251,0.0135126349027772,27,0.5,27,27,423,2.0,2.0,2.0,2.0
1691,33,5,3,SVC_sigmoid,POW4,29.506510282428582,0.1047983539973513,0.0135126349487066,27,0.5,27,27,423,3.0,3.0,3.0,3.0
1692,39,47,18,KNN,LC-PFN,2.903024293482304,0.0326642021536827,0.0010988225694745,64,0.5,64,64,424,4.0,4.0,4.0,4.0
1693,39,47,18,KNN,MMF4,1.5254994596084692,0.0176242452430063,0.0004803138387767,64,0.5,64,64,424,2.0,2.0,2.0,2.0
1694,39,47,18,KNN,WBL4,1.768887419173988,0.0203641730607578,0.0006481543722001,64,0.5,64,64,424,3.0,3.0,3.0,3.0
1695,39,47,18,KNN,POW4,1.084568468098595,0.012610349692555,0.0002437630607783,64,0.5,64,64,424,1.0,1.0,1.0,1.0
1696,37,130,11,MLP,LC-PFN,1.3878204859793186,0.0224259719252586,0.0007048703846521,34,0.5,34,35,425,1.0,1.0,1.0,1.0
1697,37,130,11,MLP,MMF4,4.483210458565733,0.0700346297335012,0.0065958412057434,34,0.5,34,35,425,4.0,4.0,4.0,4.0
1698,37,130,11,MLP,WBL4,1.4905314294407106,0.0241211895362674,0.0008980512784615,34,0.5,34,35,425,3.0,3.0,3.0,3.0
1699,37,130,11,MLP,POW4,1.4905313334029109,0.0241211879853828,0.0008980511948581,34,0.5,34,35,425,2.0,2.0,2.0,2.0
1700,40,111,19,NearestCentroid,LC-PFN,0.9291650727391244,0.0117601156234741,0.0001469669077778,25,0.5,25,21,426,2.0,2.0,2.0,2.0
1701,40,111,19,NearestCentroid,MMF4,0.9668449693937848,0.012358185587254,0.0002510251723316,25,0.5,25,21,426,3.0,3.0,3.0,3.0
1702,40,111,19,NearestCentroid,WBL4,1.4415703638455315,0.01829247649715,0.00048537545115,25,0.5,25,21,426,4.0,4.0,4.0,4.0
1703,40,111,19,NearestCentroid,POW4,0.4937542674471414,0.0063540367452534,7.268607148168986e-05,25,0.5,25,21,426,1.0,1.0,1.0,1.0
1704,41,110,15,MultinomialNB,LC-PFN,0.6201455369591713,0.0095157846808433,0.0001174435165012,27,0.5,27,27,427,4.0,4.0,4.0,4.0
1705,41,110,15,MultinomialNB,MMF4,1.622320034448066e-07,2.469531603901645e-09,6.228206928631676e-18,27,0.5,27,27,427,1.0,1.0,1.0,1.0
1706,41,110,15,MultinomialNB,WBL4,0.0011294338685598,1.7192704110544796e-05,3.208551863666949e-10,27,0.5,27,27,427,3.0,3.0,3.0,3.0
1707,41,110,15,MultinomialNB,POW4,2.720557796593902e-07,4.141293550883905e-09,2.4460198416560407e-17,27,0.5,27,27,427,2.0,2.0,2.0,2.0
1708,20,130,1,SVC_poly,LC-PFN,0.8504041470587254,0.0153557723388075,0.000252622179687,34,0.5,34,35,428,4.0,4.0,4.0,4.0
1709,20,130,1,SVC_poly,MMF4,0.3965401780201952,0.0071537549059813,0.0001055852256005,34,0.5,34,35,428,3.0,3.0,3.0,3.0
1710,20,130,1,SVC_poly,WBL4,0.2229956684035741,0.0040046172761603,2.6127676194446576e-05,34,0.5,34,35,428,2.0,2.0,2.0,2.0
1711,20,130,1,SVC_poly,POW4,0.1280682802494703,0.0022972107751493,1.01926400193757e-05,34,0.5,34,35,428,1.0,1.0,1.0,1.0
1712,44,243,22,ens.GradientBoosting,LC-PFN,0.4808478057384491,0.0070843589492142,6.51468726573512e-05,33,0.5,33,33,429,1.0,1.0,1.0,1.0
1713,44,243,22,ens.GradientBoosting,MMF4,1.661686722939858,0.0239486699714693,0.0008177586115754,33,0.5,33,33,429,2.0,2.0,2.0,2.0
1714,44,243,22,ens.GradientBoosting,WBL4,2.43228382509945,0.0347038029141355,0.0014978592512444,33,0.5,33,33,429,3.0,3.0,3.0,3.0
1715,44,243,22,ens.GradientBoosting,POW4,3.161806918269704,0.0479418734537583,0.0025602734156499,33,0.5,33,33,429,4.0,4.0,4.0,4.0
1716,35,98,6,LogisticRegression,LC-PFN,0.715670408681035,0.0122896507382392,0.0002073713985737,34,0.5,34,34,430,3.0,3.0,3.0,3.0
1717,35,98,6,LogisticRegression,MMF4,0.3616164296630775,0.0061247844802186,4.177083705980564e-05,34,0.5,34,34,430,1.0,1.0,1.0,1.0
1718,35,98,6,LogisticRegression,WBL4,0.5538061592668778,0.0093605440066064,9.29092759428022e-05,34,0.5,34,34,430,2.0,2.0,2.0,2.0
1719,35,98,6,LogisticRegression,POW4,3.22745520666596,0.0571509771174869,0.0040303614633514,34,0.5,34,34,430,4.0,4.0,4.0,4.0
1720,47,141,8,Perceptron,LC-PFN,5.577005445957184,0.0648221224546432,0.005369353108108,36,0.5,36,37,431,3.0,3.0,3.0,3.0
1721,47,141,8,Perceptron,MMF4,7.358910129941753,0.0842687416137692,0.0083399121332995,36,0.5,36,37,431,4.0,4.0,4.0,4.0
1722,47,141,8,Perceptron,WBL4,4.027823040376439,0.0477307858739667,0.0031555372955226,36,0.5,36,37,431,2.0,2.0,2.0,2.0
1723,47,141,8,Perceptron,POW4,3.597298929840484,0.042781326956997,0.0027253435266796,36,0.5,36,37,431,1.0,1.0,1.0,1.0
1724,42,127,5,ExtraTree,LC-PFN,1.3017237186431885,0.0248439479619264,0.0006318718660622,34,0.5,34,34,432,4.0,4.0,4.0,4.0
1725,42,127,5,ExtraTree,MMF4,0.6591650122190558,0.0123680807534844,0.0001806693016792,34,0.5,34,34,432,2.0,2.0,2.0,2.0
1726,42,127,5,ExtraTree,WBL4,0.8590076198171246,0.0160802291780418,0.0003014037789365,34,0.5,34,34,432,3.0,3.0,3.0,3.0
1727,42,127,5,ExtraTree,POW4,0.4897866217730442,0.0092084142227843,0.0001018542395236,34,0.5,34,34,432,1.0,1.0,1.0,1.0
1728,49,34,14,BernoulliNB,LC-PFN,0.8192236535251141,0.0114708086475729,0.0001974396873265,33,0.5,33,34,433,4.0,4.0,4.0,4.0
1729,49,34,14,BernoulliNB,MMF4,0.4365329142600694,0.0060089475534711,3.996629848866533e-05,33,0.5,33,34,433,2.0,2.0,2.0,2.0
1730,49,34,14,BernoulliNB,WBL4,0.5203790049075457,0.0071565330602388,5.573969484841423e-05,33,0.5,33,34,433,3.0,3.0,3.0,3.0
1731,49,34,14,BernoulliNB,POW4,0.3336674655932883,0.0046242316607861,2.288091665423163e-05,33,0.5,33,34,433,1.0,1.0,1.0,1.0
1732,50,238,16,ComplementNB,LC-PFN,4.582895711064339,0.0586784370243549,0.0041401428170502,47,0.5,47,48,434,4.0,4.0,4.0,4.0
1733,50,238,16,ComplementNB,MMF4,1.2403079549976737,0.0151789956446272,0.0002712529227265,47,0.5,47,48,434,2.0,2.0,2.0,2.0
1734,50,238,16,ComplementNB,WBL4,1.052057396313982,0.0128409610135744,0.0002110028711493,47,0.5,47,48,434,1.0,1.0,1.0,1.0
1735,50,238,16,ComplementNB,POW4,2.475732283262108,0.0308162674776082,0.0011069150499634,47,0.5,47,48,434,3.0,3.0,3.0,3.0
1736,45,251,10,SGDClassifier,LC-PFN,2.3632653057575226,0.0392079688608646,0.0020903116092085,36,0.5,36,36,435,4.0,4.0,4.0,4.0
1737,45,251,10,SGDClassifier,MMF4,1.22835841790007,0.0208435809096945,0.00073797437387,36,0.5,36,36,435,3.0,3.0,3.0,3.0
1738,45,251,10,SGDClassifier,WBL4,0.862853463255968,0.0147709797546653,0.0004312573697132,36,0.5,36,36,435,2.0,2.0,2.0,2.0
1739,45,251,10,SGDClassifier,POW4,0.4049477744804402,0.006883047712522,7.442251449203779e-05,36,0.5,36,36,435,1.0,1.0,1.0,1.0
1740,51,2,9,RidgeClassifier,LC-PFN,0.3305232618004083,0.0057208100333809,5.839068762725219e-05,25,0.5,25,15,436,3.0,3.0,3.0,3.0
1741,51,2,9,RidgeClassifier,MMF4,0.1249844725283551,0.0021567741684101,1.0231963440255e-05,25,0.5,25,15,436,2.0,2.0,2.0,2.0
1742,51,2,9,RidgeClassifier,WBL4,0.1233380396006913,0.0021280763084828,7.1397519739463314e-06,25,0.5,25,15,436,1.0,1.0,1.0,1.0
1743,51,2,9,RidgeClassifier,POW4,0.6726301182373985,0.011689398325695,0.0001543359022098,25,0.5,25,15,436,4.0,4.0,4.0,4.0
1744,46,10,6,LogisticRegression,LC-PFN,0.7440283428877592,0.0117179909721016,0.0001827243395382,27,0.5,27,27,437,1.0,1.0,1.0,1.0
1745,46,10,6,LogisticRegression,MMF4,3.936175721151342,0.0595583629590228,0.004212111487709,27,0.5,27,27,437,3.0,3.0,3.0,3.0
1746,46,10,6,LogisticRegression,WBL4,4.358545374120257,0.0656393112856438,0.0051245452131282,27,0.5,27,27,437,4.0,4.0,4.0,4.0
1747,46,10,6,LogisticRegression,POW4,1.4811390328402383,0.0231401011760448,0.0007342015670317,27,0.5,27,27,437,2.0,2.0,2.0,2.0
1748,52,252,1,SVC_poly,LC-PFN,30.40255010128021,0.1934207528829574,0.049147393554449,35,0.5,35,35,438,4.0,4.0,4.0,4.0
1749,52,252,1,SVC_poly,MMF4,15.2578117434304,0.118810172200994,0.0272022495266645,35,0.5,35,35,438,3.0,3.0,3.0,3.0
1750,52,252,1,SVC_poly,WBL4,15.175829749233351,0.1183378987449077,0.0270768698714013,35,0.5,35,35,438,2.0,2.0,2.0,2.0
1751,52,252,1,SVC_poly,POW4,14.8321800248068,0.1162192874625029,0.0261557060119448,35,0.5,35,35,438,1.0,1.0,1.0,1.0
1752,54,227,6,LogisticRegression,LC-PFN,29.718902707099915,0.1591929495334625,0.0265036765486001,46,0.5,46,47,439,4.0,4.0,4.0,4.0
1753,54,227,6,LogisticRegression,MMF4,15.927779084409918,0.0975388406356089,0.0118317351394066,46,0.5,46,47,439,2.0,2.0,2.0,2.0
1754,54,227,6,LogisticRegression,WBL4,16.271990373314374,0.0992861122648782,0.012182085264978,46,0.5,46,47,439,3.0,3.0,3.0,3.0
1755,54,227,6,LogisticRegression,POW4,14.014790572539676,0.0876064564352943,0.0098308664677531,46,0.5,46,47,439,1.0,1.0,1.0,1.0
1756,53,163,2,SVC_rbf,LC-PFN,1.7953889444470406,0.0332684554159641,0.0012487464118748,25,0.5,25,26,440,2.0,2.0,2.0,2.0
1757,53,163,2,SVC_rbf,MMF4,1.086315579396978,0.0208976902622032,0.0005889416269487,25,0.5,25,26,440,1.0,1.0,1.0,1.0
1758,53,163,2,SVC_rbf,WBL4,2.011018130222841,0.0387661950597227,0.00169638456124,25,0.5,25,26,440,3.0,3.0,4.0,3.3333333333333335
1759,53,163,2,SVC_rbf,POW4,2.1444797622154903,0.0393117978478364,0.0016011552525424,25,0.5,25,26,440,4.0,4.0,3.0,3.6666666666666665
1760,55,137,15,MultinomialNB,LC-PFN,0.4277381580322981,0.0067838747054338,6.500268500531092e-05,30,0.5,30,30,441,1.0,1.0,1.0,1.0
1761,55,137,15,MultinomialNB,MMF4,1.0056233104225747,0.0160145979407686,0.00031081280481,30,0.5,30,30,441,2.0,2.0,2.0,2.0
1762,55,137,15,MultinomialNB,WBL4,2.0071690153747475,0.0315868107529222,0.0011874121345709,30,0.5,30,30,441,3.0,3.0,3.0,3.0
1763,55,137,15,MultinomialNB,POW4,2.6044612632857347,0.0432218510969944,0.0021982295740003,30,0.5,30,30,441,4.0,4.0,4.0,4.0
1764,60,251,0,SVC_linear,LC-PFN,3.5649538040161133,0.0595603846013546,0.0048396210186183,36,0.5,36,36,442,4.0,4.0,4.0,4.0
1765,60,251,0,SVC_linear,MMF4,3.012609407865544,0.0507116911359138,0.0035821267164474,36,0.5,36,36,442,3.0,3.0,3.0,3.0
1766,60,251,0,SVC_linear,WBL4,2.8871771310500205,0.0487255815524189,0.0034043488939809,36,0.5,36,36,442,2.0,2.0,2.0,2.0
1767,60,251,0,SVC_linear,POW4,1.7499599233425551,0.0299560630536731,0.0012619794470312,36,0.5,36,36,442,1.0,1.0,1.0,1.0
1768,59,141,11,MLP,LC-PFN,1.6697634011507034,0.0245722457766532,0.0010552790481597,36,0.5,36,37,443,1.0,1.0,1.0,1.0
1769,59,141,11,MLP,MMF4,9.65176190366186,0.1602518688806184,0.0321981955218007,36,0.5,36,37,443,3.0,3.0,3.0,3.0
1770,59,141,11,MLP,WBL4,11.366358761049302,0.1923376371722091,0.0446020526368081,36,0.5,36,37,443,4.0,4.0,4.0,4.0
1771,59,141,11,MLP,POW4,3.549831301269263,0.0546148984875072,0.0049087979648514,36,0.5,36,37,443,2.0,2.0,2.0,2.0
1772,43,66,12,LDA,LC-PFN,7.081951946020126,0.0795904994010925,0.006593192461878,25,0.5,25,21,444,4.0,4.0,4.0,4.0
1773,43,66,12,LDA,MMF4,6.54196408645977,0.0741021380512141,0.006240771319061,25,0.5,25,21,444,3.0,3.0,3.0,3.0
1774,43,66,12,LDA,WBL4,5.978577803685506,0.0681320634532262,0.0053916224811631,25,0.5,25,21,444,1.0,1.0,1.0,1.0
1775,43,66,12,LDA,POW4,5.97857785775405,0.0681320640290866,0.0053916225566302,25,0.5,25,21,444,2.0,2.0,2.0,2.0
1776,48,71,12,LDA,LC-PFN,1.3941530138254166,0.0267253722995519,0.0007203199202194,31,0.5,31,31,445,4.0,4.0,4.0,4.0
1777,48,71,12,LDA,MMF4,0.2534161798372821,0.0047963092986655,2.8705437970688403e-05,31,0.5,31,31,445,3.0,3.0,3.0,3.0
1778,48,71,12,LDA,WBL4,0.2375644727076364,0.0044805786284281,2.656037355176752e-05,31,0.5,31,31,445,1.0,1.0,1.0,1.0
1779,48,71,12,LDA,POW4,0.2481304656755188,0.0046951277315259,2.67988724653006e-05,31,0.5,31,31,445,2.0,2.0,2.0,2.0
1780,57,97,6,LogisticRegression,LC-PFN,0.844867154955864,0.0128929307684302,0.0002325238310731,39,0.5,39,39,446,4.0,4.0,4.0,4.0
1781,57,97,6,LogisticRegression,MMF4,0.3392204306818766,0.0050972175466011,2.7255946937532492e-05,39,0.5,39,39,446,1.0,1.0,1.0,1.0
1782,57,97,6,LogisticRegression,WBL4,0.5093903597235381,0.007640774017531,5.997973623008151e-05,39,0.5,39,39,446,2.0,2.0,2.0,2.0
1783,57,97,6,LogisticRegression,POW4,0.6989493960239292,0.0106188255389658,0.0001227368943985,39,0.5,39,39,446,3.0,3.0,3.0,3.0
1784,58,221,0,SVC_linear,LC-PFN,0.172556156758219,0.0025644546840339,1.051797971740598e-05,25,0.5,25,22,447,1.0,1.0,1.0,1.0
1785,58,221,0,SVC_linear,MMF4,1.1117438110208029,0.0163238381683299,0.0003238624982935,25,0.5,25,22,447,3.0,3.0,3.0,3.0
1786,58,221,0,SVC_linear,WBL4,1.2392804548737302,0.0181689482506168,0.0004007623234217,25,0.5,25,22,447,4.0,4.0,4.0,4.0
1787,58,221,0,SVC_linear,POW4,0.4491463607388842,0.0066551778916022,6.469275351787335e-05,25,0.5,25,22,447,2.0,2.0,2.0,2.0
1788,66,96,4,Decision Tree,LC-PFN,2.2896796464920044,0.0347172319889068,0.0014655897393822,25,0.5,25,21,448,2.0,2.0,2.0,2.0
1789,66,96,4,Decision Tree,MMF4,2.764356829968377,0.0417826623561225,0.0024268725186561,25,0.5,25,21,448,3.0,3.0,3.0,3.0
1790,66,96,4,Decision Tree,WBL4,3.4019342850454533,0.0509931358682176,0.0034862614453676,25,0.5,25,21,448,4.0,4.0,4.0,4.0
1791,66,96,4,Decision Tree,POW4,1.5407500542595889,0.0236720460405508,0.0008135755942187,25,0.5,25,21,448,1.0,1.0,1.0,1.0
1792,62,39,6,LogisticRegression,LC-PFN,4.179332405328751,0.0485244542360305,0.0026773081626743,51,0.5,51,52,449,4.0,4.0,4.0,4.0
1793,62,39,6,LogisticRegression,MMF4,3.331091126321753,0.0392080899726294,0.002275736140874,51,0.5,51,52,449,3.0,3.0,3.0,3.0
1794,62,39,6,LogisticRegression,WBL4,2.332182105173408,0.0278202895919256,0.0010435629788355,51,0.5,51,52,449,1.0,1.0,1.0,1.0
1795,62,39,6,LogisticRegression,POW4,2.332182109264906,0.0278202896396111,0.0010435629840755,51,0.5,51,52,449,2.0,2.0,2.0,2.0
1796,56,235,0,SVC_linear,LC-PFN,1.8211351707577703,0.0319855101406574,0.0013504459057003,32,0.5,32,32,450,4.0,4.0,4.0,4.0
1797,56,235,0,SVC_linear,MMF4,1.6271668423745955,0.0285091672097362,0.0011079083401245,32,0.5,32,32,450,1.0,1.0,1.0,1.0
1798,56,235,0,SVC_linear,WBL4,1.6846236614642511,0.0295304836393976,0.0012599751003906,32,0.5,32,32,450,3.0,3.0,3.0,3.0
1799,56,235,0,SVC_linear,POW4,1.677980289328676,0.0294122191058649,0.0012423296022171,32,0.5,32,32,450,2.0,2.0,2.0,2.0
1800,65,68,8,Perceptron,LC-PFN,1.185006368905306,0.0194777641445398,0.0006162568461149,38,0.5,38,39,451,1.0,1.0,1.0,1.0
1801,65,68,8,Perceptron,MMF4,1.3082190278485584,0.0214037861305868,0.000643803878724,38,0.5,38,39,451,2.0,2.0,2.0,2.0
1802,65,68,8,Perceptron,WBL4,1.7711937191816698,0.0288619735838697,0.0011555858481594,38,0.5,38,39,451,4.0,4.0,4.0,4.0
1803,65,68,8,Perceptron,POW4,1.5637912708181514,0.0257895859722523,0.0009869262045225,38,0.5,38,39,451,3.0,3.0,3.0,3.0
1804,64,72,8,Perceptron,LC-PFN,3.415275365114212,0.0365640930831432,0.0018840167904272,38,0.5,38,38,452,4.0,4.0,1.0,3.0
1805,64,72,8,Perceptron,MMF4,2.875329465723914,0.0313342311056746,0.0020160006618314,38,0.5,38,38,452,1.0,1.0,2.0,1.3333333333333333
1806,64,72,8,Perceptron,WBL4,2.89230531368706,0.0315090906926621,0.0020354478871207,38,0.5,38,38,452,2.0,2.0,3.0,2.3333333333333335
1807,64,72,8,Perceptron,POW4,3.0326430014290278,0.0329507430518415,0.0021955369434169,38,0.5,38,38,452,3.0,3.0,4.0,3.3333333333333335
1808,61,135,18,KNN,LC-PFN,0.800866074860096,0.0154365254566073,0.0002726273087318,38,0.5,38,39,453,4.0,4.0,4.0,4.0
1809,61,135,18,KNN,MMF4,0.2495150076898713,0.0047822844608679,3.663365344811763e-05,38,0.5,38,39,453,2.0,2.0,2.0,2.0
1810,61,135,18,KNN,WBL4,0.4979592774742246,0.0095083127765066,0.0001273807572782,38,0.5,38,39,453,3.0,3.0,3.0,3.0
1811,61,135,18,KNN,POW4,0.1347499176979781,0.0025947260629772,9.341744558437032e-06,38,0.5,38,39,453,1.0,1.0,1.0,1.0
1812,63,183,6,LogisticRegression,LC-PFN,4.04946431517601,0.0297576766461133,0.0013547157868742,53,0.5,53,53,454,4.0,4.0,4.0,4.0
1813,63,183,6,LogisticRegression,MMF4,0.212254690217594,0.0016620504656165,3.1695408632425263e-06,53,0.5,53,53,454,1.0,1.0,1.0,1.0
1814,63,183,6,LogisticRegression,WBL4,1.1110522602570656,0.0086147200751946,7.916887349371812e-05,53,0.5,53,53,454,2.0,2.0,2.0,2.0
1815,63,183,6,LogisticRegression,POW4,2.0741429249569245,0.0166502471371499,0.0003027598013462,53,0.5,53,53,454,3.0,3.0,3.0,3.0
1816,71,88,19,NearestCentroid,LC-PFN,0.3078276291489601,0.0050289784558117,3.394417217350565e-05,35,0.5,35,35,455,3.0,3.0,3.0,3.0
1817,71,88,19,NearestCentroid,MMF4,0.2527026836883161,0.0041467948258148,2.2205721719978297e-05,35,0.5,35,35,455,2.0,2.0,2.0,2.0
1818,71,88,19,NearestCentroid,WBL4,0.1528074146791063,0.0024921623653184,7.73434858136429e-06,35,0.5,35,35,455,1.0,1.0,1.0,1.0
1819,71,88,19,NearestCentroid,POW4,0.3172025321913743,0.005211879656698,3.5845526903172663e-05,35,0.5,35,35,455,4.0,4.0,4.0,4.0
1820,68,209,11,MLP,LC-PFN,1.136987842619419,0.0114794736728072,0.0002139548305422,25,0.5,25,14,456,1.0,1.0,1.0,1.0
1821,68,209,11,MLP,MMF4,1.713492388702586,0.0172023285915794,0.0004328145716318,25,0.5,25,14,456,4.0,4.0,4.0,4.0
1822,68,209,11,MLP,WBL4,1.2780232090540564,0.0129119495732054,0.0002494352614558,25,0.5,25,14,456,2.0,2.0,2.0,2.0
1823,68,209,11,MLP,POW4,1.278023598138764,0.0129119534356955,0.0002494354249623,25,0.5,25,14,456,3.0,3.0,3.0,3.0
1824,73,168,8,Perceptron,LC-PFN,1.2305748648941517,0.0243123173713684,0.0005910895997658,64,0.5,64,64,457,4.0,4.0,4.0,4.0
1825,73,168,8,Perceptron,MMF4,2.4126381063634637e-08,4.825276202907736e-10,1.963838219070186e-18,64,0.5,64,64,457,2.0,2.0,2.0,2.0
1826,73,168,8,Perceptron,WBL4,1.2712053631958204e-12,2.5424107263916085e-14,6.463852301671106e-28,64,0.5,64,64,457,1.0,1.0,1.0,1.0
1827,73,168,8,Perceptron,POW4,0.0001671140563963,3.3422600252373813e-06,4.2205022697106026e-11,64,0.5,64,64,457,3.0,3.0,3.0,3.0
1828,70,134,0,SVC_linear,LC-PFN,1.354080252349377,0.0245161317288875,0.000992814428173,32,0.5,32,33,458,1.0,1.0,3.0,1.6666666666666667
1829,70,134,0,SVC_linear,MMF4,1.7340357752578046,0.0310048711970975,0.0012416170577594,32,0.5,32,33,458,4.0,4.0,4.0,4.0
1830,70,134,0,SVC_linear,WBL4,1.4028897090235162,0.0251439662936667,0.0009062963480155,32,0.5,32,33,458,3.0,3.0,2.0,2.6666666666666665
1831,70,134,0,SVC_linear,POW4,1.4028897080870193,0.0251439662770075,0.0009062963472811,32,0.5,32,33,458,2.0,2.0,1.0,1.6666666666666667
1832,67,11,9,RidgeClassifier,LC-PFN,3.964005038142204,0.0379311926662921,0.001661641173996,25,0.5,25,25,459,3.0,2.0,2.0,2.3333333333333335
1833,67,11,9,RidgeClassifier,MMF4,3.911221517861037,0.0382164241515725,0.0016684316753754,25,0.5,25,25,459,2.0,3.0,3.0,2.6666666666666665
1834,67,11,9,RidgeClassifier,WBL4,4.252438971078685,0.0413967193033016,0.0019436636552533,25,0.5,25,25,459,4.0,4.0,4.0,4.0
1835,67,11,9,RidgeClassifier,POW4,0.7591638105191618,0.0076363531822965,7.525611545362004e-05,25,0.5,25,25,459,1.0,1.0,1.0,1.0
1836,74,133,21,ens.RandomForest,LC-PFN,1.2167520821094513,0.0230699870735406,0.0007745128241367,27,0.5,27,27,460,3.0,3.0,3.0,3.0
1837,74,133,21,ens.RandomForest,MMF4,0.5988542780531435,0.0113117143541702,0.0001480187157445,27,0.5,27,27,460,2.0,2.0,2.0,2.0
1838,74,133,21,ens.RandomForest,WBL4,0.4897636344057536,0.0092639775604581,0.0001022423933391,27,0.5,27,27,460,1.0,1.0,1.0,1.0
1839,74,133,21,ens.RandomForest,POW4,1.483668672634462,0.0279781831265683,0.0009194322482438,27,0.5,27,27,460,4.0,4.0,4.0,4.0
1840,69,203,7,PassiveAggressive,LC-PFN,0.6805325392633677,0.0096172885969281,0.0001374036655761,30,0.5,30,31,461,4.0,4.0,4.0,4.0
1841,69,203,7,PassiveAggressive,MMF4,0.5101142398311046,0.0070362405021989,5.959941977312759e-05,30,0.5,30,31,461,2.0,2.0,2.0,2.0
1842,69,203,7,PassiveAggressive,WBL4,0.6461657437462749,0.0089350574091334,9.511252222367848e-05,30,0.5,30,31,461,3.0,3.0,3.0,3.0
1843,69,203,7,PassiveAggressive,POW4,0.4531038908457665,0.0062395251575136,4.87796652475796e-05,30,0.5,30,31,461,1.0,1.0,1.0,1.0
1844,78,141,6,LogisticRegression,LC-PFN,0.9208206087350844,0.0148060172796249,0.0002986816398333,36,0.5,36,37,462,2.0,2.0,2.0,2.0
1845,78,141,6,LogisticRegression,MMF4,0.9804429403220508,0.0157617328996575,0.0003039159490571,36,0.5,36,37,462,3.0,3.0,3.0,3.0
1846,78,141,6,LogisticRegression,WBL4,0.6081868358257077,0.0097296322558522,0.0001223763533084,36,0.5,36,37,462,1.0,1.0,1.0,1.0
1847,78,141,6,LogisticRegression,POW4,1.0223461948731087,0.016444429484129,0.0003303743422103,36,0.5,36,37,462,4.0,4.0,4.0,4.0
1848,77,221,4,Decision Tree,LC-PFN,0.3136274870485067,0.0045070243068039,3.3673193684080616e-05,25,0.5,25,22,463,2.0,2.0,2.0,2.0
1849,77,221,4,Decision Tree,MMF4,0.6745993502746837,0.0097034629770915,0.0001286811709188,25,0.5,25,22,463,3.0,3.0,3.0,3.0
1850,77,221,4,Decision Tree,WBL4,0.8288030361245778,0.0118972194237492,0.0001832855582948,25,0.5,25,22,463,4.0,4.0,4.0,4.0
1851,77,221,4,Decision Tree,POW4,0.2791486052303812,0.0040316216838576,2.12733154039011e-05,25,0.5,25,22,463,1.0,1.0,1.0,1.0
1852,76,91,9,RidgeClassifier,LC-PFN,0.3127485048025846,0.0052710697054862,3.69081535609439e-05,40,0.5,40,41,464,4.0,4.0,4.0,4.0
1853,76,91,9,RidgeClassifier,MMF4,0.1781437044056685,0.0029916142528586,1.025601910967861e-05,40,0.5,40,41,464,2.0,2.0,2.0,2.0
1854,76,91,9,RidgeClassifier,WBL4,0.3119573821323286,0.005230840637242,3.0073326771558957e-05,40,0.5,40,41,464,3.0,3.0,3.0,3.0
1855,76,91,9,RidgeClassifier,POW4,0.052286581871159,0.0008790308034669,9.872449320037394e-07,40,0.5,40,41,464,1.0,1.0,1.0,1.0
1856,75,89,7,PassiveAggressive,LC-PFN,1.4902964234352112,0.0227766763418912,0.0006951015093363,36,0.5,36,36,465,4.0,4.0,4.0,4.0
1857,75,89,7,PassiveAggressive,MMF4,1.0845988011140684,0.016580797345045,0.0003914917264648,36,0.5,36,36,465,1.0,1.0,1.0,1.0
1858,75,89,7,PassiveAggressive,WBL4,1.1218548405621591,0.0171461805754315,0.0004457850825636,36,0.5,36,36,465,2.0,2.0,2.0,2.0
1859,75,89,7,PassiveAggressive,POW4,1.300513840727238,0.0199431340824495,0.0006144738386448,36,0.5,36,36,465,3.0,3.0,3.0,3.0
1860,82,86,19,NearestCentroid,LC-PFN,0.9766754694283007,0.0145060382783412,0.0002802372910082,35,0.5,35,35,466,4.0,4.0,4.0,4.0
1861,82,86,19,NearestCentroid,MMF4,0.2960232416593041,0.004324883329532,2.0115709994925123e-05,35,0.5,35,35,466,2.0,2.0,2.0,2.0
1862,82,86,19,NearestCentroid,WBL4,0.3538725010107549,0.0051669419329536,2.8811721291435236e-05,35,0.5,35,35,466,3.0,3.0,3.0,3.0
1863,82,86,19,NearestCentroid,POW4,0.0535143594710189,0.0007840402806075,9.489581356248364e-07,35,0.5,35,35,466,1.0,1.0,1.0,1.0
1864,81,86,11,MLP,LC-PFN,2.717319130897522,0.0461736731231212,0.0026898626238107,35,0.5,35,35,467,4.0,4.0,4.0,4.0
1865,81,86,11,MLP,MMF4,1.8836183724518023,0.0323655310802134,0.0013758023319531,35,0.5,35,35,467,1.0,1.0,1.0,1.0
1866,81,86,11,MLP,WBL4,2.2174817160876352,0.0379593384797492,0.0019213575142675,35,0.5,35,35,467,3.0,3.0,3.0,3.0
1867,81,86,11,MLP,POW4,1.8960434625705884,0.0325681918901032,0.0013850512392461,35,0.5,35,35,467,2.0,2.0,2.0,2.0
1868,83,138,18,KNN,LC-PFN,2.0406996831297874,0.0367494970560073,0.0016580207739025,30,0.5,30,30,468,4.0,4.0,4.0,4.0
1869,83,138,18,KNN,MMF4,0.4079442496302256,0.00751412565962,7.701357826885357e-05,30,0.5,30,30,468,1.0,1.0,2.0,1.3333333333333333
1870,83,138,18,KNN,WBL4,0.8617147380296925,0.0158317317186707,0.0003889064954712,30,0.5,30,30,468,3.0,3.0,3.0,3.0
1871,83,138,18,KNN,POW4,0.4126665640815996,0.0075842524399701,7.32235581551132e-05,30,0.5,30,30,468,2.0,2.0,1.0,1.6666666666666667
1872,79,143,1,SVC_poly,LC-PFN,0.1685261726379394,0.002708655083552,1.237612286786316e-05,25,0.5,25,13,469,1.0,1.0,1.0,1.0
1873,79,143,1,SVC_poly,MMF4,0.3369566514030487,0.0054354391843152,3.201265115599982e-05,25,0.5,25,13,469,2.0,2.0,2.0,2.0
1874,79,143,1,SVC_poly,WBL4,0.5030081655014988,0.0081283142387195,6.853814534565368e-05,25,0.5,25,13,469,4.0,4.0,4.0,4.0
1875,79,143,1,SVC_poly,POW4,0.5030081423089279,0.0081283138619754,6.853813921370637e-05,25,0.5,25,13,469,3.0,3.0,3.0,3.0
1876,85,226,12,LDA,LC-PFN,55.717670917510986,0.3555677533149719,0.1402478069067001,49,0.5,49,50,470,4.0,4.0,4.0,4.0
1877,85,226,12,LDA,MMF4,37.88863065999012,0.2783103481825179,0.0916203299106333,49,0.5,49,50,470,3.0,3.0,3.0,3.0
1878,85,226,12,LDA,WBL4,37.88294644980518,0.278281943346777,0.0916039126387935,49,0.5,49,50,470,2.0,2.0,2.0,2.0
1879,85,226,12,LDA,POW4,35.26494716501267,0.2647587802021359,0.0835339440802977,49,0.5,49,50,470,1.0,1.0,1.0,1.0
1880,95,178,3,SVC_sigmoid,LC-PFN,4.063372313976288,0.0312158185988664,0.0013146513374522,33,0.5,33,34,471,4.0,4.0,4.0,4.0
1881,95,178,3,SVC_sigmoid,MMF4,1.3800068276272786,0.0110495496972952,0.0001951000615798,33,0.5,33,34,471,2.0,2.0,2.0,2.0
1882,95,178,3,SVC_sigmoid,WBL4,1.2371799426543624,0.0098819671289597,0.0001698644087395,33,0.5,33,34,471,1.0,1.0,1.0,1.0
1883,95,178,3,SVC_sigmoid,POW4,2.284908291178792,0.0185275680747468,0.0004265178691297,33,0.5,33,34,471,3.0,3.0,3.0,3.0
1884,89,74,5,ExtraTree,LC-PFN,1.4375941827893255,0.0203765369951725,0.0004623754066415,29,0.5,29,30,472,1.0,1.0,1.0,1.0
1885,89,74,5,ExtraTree,MMF4,2.385962283232048,0.0335538361783829,0.0013953832002295,29,0.5,29,30,472,3.0,3.0,3.0,3.0
1886,89,74,5,ExtraTree,WBL4,2.4479593692057726,0.03440061983911,0.0014716640115876,29,0.5,29,30,472,4.0,4.0,4.0,4.0
1887,89,74,5,ExtraTree,POW4,2.1879626795450653,0.0308435513719263,0.0011939747180988,29,0.5,29,30,472,2.0,2.0,2.0,2.0
1888,88,162,21,ens.RandomForest,LC-PFN,0.9534155949950218,0.0187814459204673,0.0003572028363123,25,0.5,25,26,473,3.0,3.0,3.0,3.0
1889,88,162,21,ens.RandomForest,MMF4,0.3110772413456303,0.0061689181907565,4.24474393887444e-05,25,0.5,25,26,473,1.0,1.0,1.0,1.0
1890,88,162,21,ens.RandomForest,WBL4,0.4135207712899449,0.0081912660591586,7.22522359670078e-05,25,0.5,25,26,473,2.0,2.0,2.0,2.0
1891,88,162,21,ens.RandomForest,POW4,1.2976458610963832,0.0254747116209956,0.0006541164344946,25,0.5,25,26,473,4.0,4.0,4.0,4.0
1892,93,240,21,ens.RandomForest,LC-PFN,0.4767670296132564,0.0067817349918186,6.110551476012915e-05,32,0.5,32,33,474,1.0,1.0,1.0,1.0
1893,93,240,21,ens.RandomForest,MMF4,1.2054950438971863,0.0168204280603218,0.0003314310824981,32,0.5,32,33,474,3.0,3.0,3.0,3.0
1894,93,240,21,ens.RandomForest,WBL4,1.6283419116750162,0.0226111063106116,0.0005937768888991,32,0.5,32,33,474,4.0,4.0,4.0,4.0
1895,93,240,21,ens.RandomForest,POW4,1.0335504604889685,0.0144501028898347,0.0002464016689763,32,0.5,32,33,474,2.0,2.0,2.0,2.0
1896,91,104,10,SGDClassifier,LC-PFN,0.9881871752440928,0.0161713026463985,0.0002718493633437,44,0.5,44,45,475,2.0,2.0,2.0,2.0
1897,91,104,10,SGDClassifier,MMF4,1.4052115491884587,0.0229355606727155,0.0005837391622656,44,0.5,44,45,475,3.0,3.0,3.0,3.0
1898,91,104,10,SGDClassifier,WBL4,1.7234804853778964,0.0280335958847997,0.0008546095022828,44,0.5,44,45,475,4.0,4.0,4.0,4.0
1899,91,104,10,SGDClassifier,POW4,0.8642731869889092,0.0141922018805295,0.0002321153395271,44,0.5,44,45,475,1.0,1.0,1.0,1.0
1900,96,224,21,ens.RandomForest,LC-PFN,0.8651827462017536,0.0170274171978235,0.0002901606203522,32,0.5,32,33,476,4.0,4.0,4.0,4.0
1901,96,224,21,ens.RandomForest,MMF4,0.0169657086764604,0.0003368006075872,1.7276529839845366e-07,32,0.5,32,33,476,2.0,2.0,2.0,2.0
1902,96,224,21,ens.RandomForest,WBL4,0.0162868665521889,0.0003233126957534,1.5171490834741069e-07,32,0.5,32,33,476,1.0,1.0,1.0,1.0
1903,96,224,21,ens.RandomForest,POW4,0.2157916206744022,0.0042745501541586,1.8524940301259064e-05,32,0.5,32,33,476,3.0,3.0,3.0,3.0
1904,87,52,8,Perceptron,LC-PFN,2.330307289958,0.0364888943731784,0.0015182101633399,25,0.5,25,25,477,2.0,2.0,2.0,2.0
1905,87,52,8,Perceptron,MMF4,2.983382758865914,0.0466549430051754,0.0028409808072315,25,0.5,25,25,477,3.0,3.0,3.0,3.0
1906,87,52,8,Perceptron,WBL4,4.324292193110833,0.0665162686664591,0.0056928669707142,25,0.5,25,25,477,4.0,4.0,4.0,4.0
1907,87,52,8,Perceptron,POW4,0.6624059360217963,0.0107932282998984,0.0001773943271225,25,0.5,25,25,477,1.0,1.0,1.0,1.0
1908,98,131,3,SVC_sigmoid,LC-PFN,1.7061583697795868,0.0324927903711795,0.0010588240111246,35,0.5,35,36,478,4.0,4.0,4.0,4.0
1909,98,131,3,SVC_sigmoid,MMF4,7.749745755668978e-05,1.450605887505353e-06,6.970789542729664e-11,35,0.5,35,36,478,3.0,3.0,1.0,2.3333333333333335
1910,98,131,3,SVC_sigmoid,WBL4,7.457732078444338e-05,1.3959450381924772e-06,7.014390512794034e-11,35,0.5,35,36,478,1.0,1.0,2.0,1.3333333333333333
1911,98,131,3,SVC_sigmoid,POW4,7.534195889122162e-05,1.4102579878019465e-06,7.020083681856332e-11,35,0.5,35,36,478,2.0,2.0,3.0,2.3333333333333335
1912,92,74,13,QDA,LC-PFN,0.3339152317494154,0.0055633722804486,3.959142850362696e-05,29,0.5,29,30,479,1.0,1.0,1.0,1.0
1913,92,74,13,QDA,MMF4,0.8471659579710177,0.014096044560711,0.0002197283325427,29,0.5,29,30,479,2.0,2.0,2.0,2.0
1914,92,74,13,QDA,WBL4,1.05850733086317,0.0175724817428133,0.0003309957016211,29,0.5,29,30,479,3.0,3.0,3.0,3.0
1915,92,74,13,QDA,POW4,3.356876250785501,0.0583620934930074,0.0035384065961176,29,0.5,29,30,479,4.0,4.0,4.0,4.0
1916,80,112,17,GaussianNB,LC-PFN,0.8335407823324203,0.0116621302440762,0.0001875692396424,35,0.5,35,36,480,4.0,4.0,4.0,4.0
1917,80,112,17,GaussianNB,MMF4,0.0027178790134708,3.759858113147607e-05,1.4136533031002692e-09,35,0.5,35,36,480,1.0,1.0,1.0,1.0
1918,80,112,17,GaussianNB,WBL4,0.1815728964824587,0.0025163429570789,6.331981877641098e-06,35,0.5,35,36,480,3.0,3.0,3.0,3.0
1919,80,112,17,GaussianNB,POW4,0.1815728157009871,0.0025163418355258,6.331976233217718e-06,35,0.5,35,36,480,2.0,2.0,2.0,2.0
1920,90,248,1,SVC_poly,LC-PFN,2.4449050426483154,0.04195012524724,0.0020740006584674,29,0.5,29,30,481,2.0,2.0,2.0,2.0
1921,90,248,1,SVC_poly,MMF4,3.985384783354162,0.0672605488089548,0.0056813876451626,29,0.5,29,30,481,3.0,3.0,3.0,3.0
1922,90,248,1,SVC_poly,WBL4,4.500371549839604,0.0754911090886877,0.0070203472567762,29,0.5,29,30,481,4.0,4.0,4.0,4.0
1923,90,248,1,SVC_poly,POW4,0.4413426956629875,0.0077416176928272,8.965244502568715e-05,29,0.5,29,30,481,1.0,1.0,1.0,1.0
1924,94,214,20,ens.ExtraTrees,LC-PFN,0.4552749451249838,0.0087507767602801,0.0001101198140531,32,0.5,32,33,482,1.0,1.0,1.0,1.0
1925,94,214,20,ens.ExtraTrees,MMF4,1.67524944569377,0.0318087953584129,0.0011731022347883,32,0.5,32,33,482,3.0,3.0,3.0,3.0
1926,94,214,20,ens.ExtraTrees,WBL4,2.2453542739089825,0.0423620665719026,0.0020770620983582,32,0.5,32,33,482,4.0,4.0,4.0,4.0
1927,94,214,20,ens.ExtraTrees,POW4,1.1982368696527297,0.0225653583321272,0.0005643037728989,32,0.5,32,33,482,2.0,2.0,2.0,2.0
1928,97,87,0,SVC_linear,LC-PFN,0.9617583826184272,0.0125851407647132,0.0001940680667757,25,0.5,25,21,483,1.0,1.0,1.0,1.0
1929,97,87,0,SVC_linear,MMF4,2.168609093108251,0.0289603083529742,0.0011639711516181,25,0.5,25,21,483,3.0,3.0,3.0,3.0
1930,97,87,0,SVC_linear,WBL4,8.111716098581157,0.1205811664442977,0.023460336335147,25,0.5,25,21,483,4.0,4.0,4.0,4.0
1931,97,87,0,SVC_linear,POW4,2.04311730005537,0.0272857399671666,0.0010943690148645,25,0.5,25,21,483,2.0,2.0,2.0,2.0
1932,84,200,10,SGDClassifier,LC-PFN,2.6983069255948067,0.0366142354905605,0.0022041604388505,45,0.5,45,46,484,4.0,4.0,4.0,4.0
1933,84,200,10,SGDClassifier,MMF4,2.544724538754151,0.0345748809463145,0.0021397067451276,45,0.5,45,46,484,2.0,2.0,2.0,2.0
1934,84,200,10,SGDClassifier,WBL4,2.548428125407329,0.03462491513345,0.0021418402199146,45,0.5,45,46,484,3.0,3.0,3.0,3.0
1935,84,200,10,SGDClassifier,POW4,2.519283731998974,0.0342309268511454,0.0021077939010196,45,0.5,45,46,484,1.0,1.0,1.0,1.0
1936,99,146,22,ens.GradientBoosting,LC-PFN,0.8948524482548237,0.0176148954778909,0.000310810864903,25,0.5,25,23,485,4.0,4.0,4.0,4.0
1937,99,146,22,ens.GradientBoosting,MMF4,0.045963615564984,0.000912746456538,1.261446061088455e-06,25,0.5,25,23,485,1.0,1.0,1.0,1.0
1938,99,146,22,ens.GradientBoosting,WBL4,0.0954894482064416,0.0018950020858601,4.277275453516637e-06,25,0.5,25,23,485,2.0,2.0,2.0,2.0
1939,99,146,22,ens.GradientBoosting,POW4,0.3302408818798426,0.006537497735987,4.342511919613826e-05,25,0.5,25,23,485,3.0,3.0,3.0,3.0
1940,100,122,6,LogisticRegression,LC-PFN,0.0563641544431448,0.0010994136100634,1.4571299971066765e-06,40,0.5,40,40,486,1.0,1.0,1.0,1.0
1941,100,122,6,LogisticRegression,MMF4,0.150653058328984,0.00294680776396,1.1053795769563402e-05,40,0.5,40,40,486,3.0,3.0,3.0,3.0
1942,100,122,6,LogisticRegression,WBL4,0.1313059372880348,0.0025672634889358,7.918858228974735e-06,40,0.5,40,40,486,2.0,2.0,2.0,2.0
1943,100,122,6,LogisticRegression,POW4,0.1854333795683063,0.0036292162884695,1.7366445315363634e-05,40,0.5,40,40,486,4.0,4.0,4.0,4.0
1944,72,81,8,Perceptron,LC-PFN,1.5266367234289646,0.0153839355334639,0.0003263640101067,27,0.5,27,28,487,4.0,4.0,4.0,4.0
1945,72,81,8,Perceptron,MMF4,0.785382112940398,0.0079760654876556,0.0001129099763942,27,0.5,27,28,487,1.0,1.0,1.0,1.0
1946,72,81,8,Perceptron,WBL4,0.8398107230821088,0.0085320245759896,0.0001219598497787,27,0.5,27,28,487,3.0,3.0,3.0,3.0
1947,72,81,8,Perceptron,POW4,0.8398098763747555,0.0085320159094936,0.0001219596988325,27,0.5,27,28,487,2.0,2.0,2.0,2.0
1948,102,60,16,ComplementNB,LC-PFN,1.7267286777496338,0.0211264789104461,0.0005059075774624,25,0.5,25,2,488,1.0,1.0,1.0,1.0
1949,102,60,16,ComplementNB,MMF4,2.994640344016533,0.0371442528618404,0.0014243491432394,25,0.5,25,2,488,3.0,3.0,3.0,3.0
1950,102,60,16,ComplementNB,WBL4,2.835005307882639,0.0351044038015737,0.0012767636107083,25,0.5,25,2,488,2.0,2.0,2.0,2.0
1951,102,60,16,ComplementNB,POW4,4.3587117880824895,0.0548573709927109,0.0030887568248161,25,0.5,25,2,488,4.0,4.0,4.0,4.0
1952,104,225,8,Perceptron,LC-PFN,0.930037721991539,0.0179496258497238,0.0003323980490677,30,0.5,30,31,489,4.0,4.0,4.0,4.0
1953,104,225,8,Perceptron,MMF4,0.1874298807901749,0.0035841872795131,1.802426550178524e-05,30,0.5,30,31,489,2.0,2.0,2.0,2.0
1954,104,225,8,Perceptron,WBL4,0.2653159427313392,0.0050685385690377,3.514066801207352e-05,30,0.5,30,31,489,3.0,3.0,3.0,3.0
1955,104,225,8,Perceptron,POW4,0.1557233622162241,0.0029812840174834,1.2094945858623914e-05,30,0.5,30,31,489,1.0,1.0,1.0,1.0
1956,107,239,4,Decision Tree,LC-PFN,1.2006154283881187,0.0186300911009311,0.0004281175497453,45,0.5,45,45,490,4.0,4.0,4.0,4.0
1957,107,239,4,Decision Tree,MMF4,0.5181615182904528,0.0083551392792927,0.0002003370595558,45,0.5,45,45,490,2.0,2.0,2.0,2.0
1958,107,239,4,Decision Tree,WBL4,0.5602962264870748,0.009030018078138,0.0002142027286645,45,0.5,45,45,490,3.0,3.0,3.0,3.0
1959,107,239,4,Decision Tree,POW4,0.436336445879712,0.0070178675043664,0.0001632538716823,45,0.5,45,45,490,1.0,1.0,1.0,1.0
1960,86,154,19,NearestCentroid,LC-PFN,1.935635507106781,0.0194302182644605,0.0005586106562986,43,0.5,43,43,491,4.0,4.0,4.0,4.0
1961,86,154,19,NearestCentroid,MMF4,0.6800127424588449,0.0068830209363538,7.596832621337191e-05,43,0.5,43,43,491,1.0,1.0,1.0,1.0
1962,86,154,19,NearestCentroid,WBL4,0.6915914447449054,0.0070006922881479,7.904552559449544e-05,43,0.5,43,43,491,3.0,3.0,3.0,3.0
1963,86,154,19,NearestCentroid,POW4,0.6915913576985743,0.0070006914025285,7.904549853575359e-05,43,0.5,43,43,491,2.0,2.0,2.0,2.0
1964,111,256,17,GaussianNB,LC-PFN,1.9595196470618248,0.0188150983303785,0.0004808563680853,49,0.5,49,49,492,3.0,1.0,4.0,2.6666666666666665
1965,111,256,17,GaussianNB,MMF4,1.879324450009698,0.0189208007452805,0.0003628823412337,49,0.5,49,49,492,2.0,3.0,2.0,2.3333333333333335
1966,111,256,17,GaussianNB,WBL4,1.8785443229134344,0.0189127940614095,0.0003625794196857,49,0.5,49,49,492,1.0,2.0,1.0,1.3333333333333333
1967,111,256,17,GaussianNB,POW4,2.06760808029562,0.0208569430716469,0.0004397152604385,49,0.5,49,49,492,4.0,4.0,3.0,3.6666666666666665
1968,108,252,18,KNN,LC-PFN,12.851615250110626,0.1194432526826858,0.0145790269598364,35,0.5,35,35,493,3.0,3.0,3.0,3.0
1969,108,252,18,KNN,MMF4,9.470824369421596,0.0972004273146167,0.0126089090065332,35,0.5,35,35,493,2.0,2.0,2.0,2.0
1970,108,252,18,KNN,WBL4,13.730135901913052,0.1344872619662907,0.0242283989419872,35,0.5,35,35,493,4.0,4.0,4.0,4.0
1971,108,252,18,KNN,POW4,5.887413897157025,0.059664771903938,0.0038634407053151,35,0.5,35,35,493,1.0,1.0,1.0,1.0
1972,101,118,19,NearestCentroid,LC-PFN,0.6155551411211491,0.0082508660852909,9.094847337109968e-05,27,0.5,27,27,494,4.0,4.0,4.0,4.0
1973,101,118,19,NearestCentroid,MMF4,0.428793784728426,0.0057305690343095,3.456249026041198e-05,27,0.5,27,27,494,3.0,3.0,3.0,3.0
1974,101,118,19,NearestCentroid,WBL4,0.4262920057576794,0.0056969568067894,3.4142314104485334e-05,27,0.5,27,27,494,2.0,2.0,2.0,2.0
1975,101,118,19,NearestCentroid,POW4,0.2957899602753939,0.0039468238057005,1.6448744240063985e-05,27,0.5,27,27,494,1.0,1.0,1.0,1.0
1976,105,158,22,ens.GradientBoosting,LC-PFN,0.3132789162918925,0.0060889101587235,4.814399653696455e-05,25,0.5,25,26,495,2.0,2.0,2.0,2.0
1977,105,158,22,ens.GradientBoosting,MMF4,0.6343169322753117,0.0122650442667535,0.0001867235045364,25,0.5,25,26,495,4.0,4.0,4.0,4.0
1978,105,158,22,ens.GradientBoosting,WBL4,0.6243404863485904,0.0120737512503108,0.0001846490741218,25,0.5,25,26,495,3.0,3.0,3.0,3.0
1979,105,158,22,ens.GradientBoosting,POW4,0.1890334180669371,0.0036776605250905,2.158877986691271e-05,25,0.5,25,26,495,1.0,1.0,1.0,1.0
1980,103,54,20,ens.ExtraTrees,LC-PFN,1.797756925225258,0.0296437349170446,0.0009797349339351,29,0.5,29,30,496,2.0,2.0,2.0,2.0
1981,103,54,20,ens.ExtraTrees,MMF4,2.788736446228671,0.0458172812507424,0.002668768915344,29,0.5,29,30,496,3.0,3.0,3.0,3.0
1982,103,54,20,ens.ExtraTrees,WBL4,4.5987476583438776,0.073926970005283,0.0067634817234494,29,0.5,29,30,496,4.0,4.0,4.0,4.0
1983,103,54,20,ens.ExtraTrees,POW4,0.5783787764523041,0.0096307070487955,0.0001123825078799,29,0.5,29,30,496,1.0,1.0,1.0,1.0
1984,109,228,1,SVC_poly,LC-PFN,3.5723116248846054,0.0521288961172103,0.0036484615411609,25,0.5,25,22,497,1.0,1.0,1.0,1.0
1985,109,228,1,SVC_poly,MMF4,5.637835692917521,0.0807498271964139,0.0099793414800235,25,0.5,25,22,497,3.0,3.0,3.0,3.0
1986,109,228,1,SVC_poly,WBL4,9.043127109349882,0.1237295614084196,0.0214057355966599,25,0.5,25,22,497,4.0,4.0,4.0,4.0
1987,109,228,1,SVC_poly,POW4,4.714626974836708,0.0667744258011652,0.0051442578321533,25,0.5,25,22,497,2.0,2.0,2.0,2.0
1988,106,8,22,ens.GradientBoosting,LC-PFN,0.780680263414979,0.0107172131538391,0.0001750222436385,27,0.5,27,27,498,1.0,1.0,1.0,1.0
1989,106,8,22,ens.GradientBoosting,MMF4,2.533637303110292,0.034387168683959,0.0014212807888989,27,0.5,27,27,498,3.0,3.0,3.0,3.0
1990,106,8,22,ens.GradientBoosting,WBL4,2.742420336103048,0.0371360931855251,0.0016773448620983,27,0.5,27,27,498,4.0,4.0,4.0,4.0
1991,106,8,22,ens.GradientBoosting,POW4,1.1779684902486776,0.0162282341431894,0.0003328479780501,27,0.5,27,27,498,2.0,2.0,2.0,2.0
1992,116,181,19,NearestCentroid,LC-PFN,2.0159346982836723,0.0194802060723304,0.0005466080619953,25,0.5,25,23,499,4.0,4.0,4.0,4.0
1993,116,181,19,NearestCentroid,MMF4,0.8330580220998461,0.0082320229917889,9.008597979858164e-05,25,0.5,25,23,499,3.0,3.0,3.0,3.0
1994,116,181,19,NearestCentroid,WBL4,0.4834445400246296,0.0047955325316707,3.267614989613647e-05,25,0.5,25,23,499,2.0,2.0,2.0,2.0
1995,116,181,19,NearestCentroid,POW4,0.4834445371861151,0.0047955325034711,3.2676149756155105e-05,25,0.5,25,23,499,1.0,1.0,1.0,1.0
1996,110,192,9,RidgeClassifier,LC-PFN,3.25893983244896,0.0459800623357296,0.0025919543113559,25,0.5,25,26,500,1.0,1.0,1.0,1.0
1997,110,192,9,RidgeClassifier,MMF4,4.4235067423629,0.0627031981128855,0.0052734169395433,25,0.5,25,26,500,3.0,3.0,3.0,3.0
1998,110,192,9,RidgeClassifier,WBL4,4.753120275336679,0.067269303010053,0.006414993290179,25,0.5,25,26,500,4.0,4.0,4.0,4.0
1999,110,192,9,RidgeClassifier,POW4,3.744521638965916,0.0526586192176522,0.0034184003861058,25,0.5,25,26,500,2.0,2.0,2.0,2.0
2000,113,186,6,LogisticRegression,LC-PFN,1.2395501136779783,0.0235457103699445,0.0005564789753407,28,0.5,28,29,501,4.0,4.0,4.0,4.0
2001,113,186,6,LogisticRegression,MMF4,0.7635538697831412,0.0142224312729269,0.0002170650981003,28,0.5,28,29,501,1.0,1.0,1.0,1.0
2002,113,186,6,LogisticRegression,WBL4,0.8612131347061713,0.016024904298728,0.0002726421604659,28,0.5,28,29,501,2.0,2.0,2.0,2.0
2003,113,186,6,LogisticRegression,POW4,0.8932628772017146,0.017017748994337,0.0004243684591345,28,0.5,28,29,501,3.0,3.0,3.0,3.0
2004,115,92,17,GaussianNB,LC-PFN,7.01642706990242,0.1067942753434181,0.0138024035841226,40,0.5,40,41,502,1.0,1.0,1.0,1.0
2005,115,92,17,GaussianNB,MMF4,7.82822424332206,0.1181102535147554,0.01695730319654,40,0.5,40,41,502,3.0,3.0,3.0,3.0
2006,115,92,17,GaussianNB,WBL4,8.167344723979769,0.1227711641996486,0.0183051211566161,40,0.5,40,41,502,4.0,4.0,4.0,4.0
2007,115,92,17,GaussianNB,POW4,7.786877726357458,0.1175395005019137,0.0167945486713434,40,0.5,40,41,502,2.0,2.0,2.0,2.0
2008,112,36,5,ExtraTree,LC-PFN,0.4701529629528522,0.0084504233673214,9.251178562408312e-05,25,0.5,25,24,503,1.0,1.0,1.0,1.0
2009,112,36,5,ExtraTree,MMF4,0.7268285306168811,0.0129558368119547,0.0002334413594333,25,0.5,25,24,503,2.0,2.0,2.0,2.0
2010,112,36,5,ExtraTree,WBL4,0.7613042482257286,0.0135639894577197,0.0002509290813703,25,0.5,25,24,503,3.0,3.0,3.0,3.0
2011,112,36,5,ExtraTree,POW4,1.1436002896591169,0.0208274668218743,0.0005636965217022,25,0.5,25,24,503,4.0,4.0,4.0,4.0
2012,117,19,6,LogisticRegression,LC-PFN,0.2003097673878073,0.0036409199237823,1.6786701962701045e-05,27,0.5,27,28,504,1.0,1.0,1.0,1.0
2013,117,19,6,LogisticRegression,MMF4,2.131219236642307,0.0380452765711259,0.0015843595300331,27,0.5,27,28,504,3.0,3.0,3.0,3.0
2014,117,19,6,LogisticRegression,WBL4,2.444278650085117,0.0434887596650943,0.0020525895134723,27,0.5,27,28,504,4.0,4.0,4.0,4.0
2015,117,19,6,LogisticRegression,POW4,1.4003561751860143,0.0260719573101268,0.0008305849523552,27,0.5,27,28,504,2.0,2.0,2.0,2.0
2016,114,111,20,ens.ExtraTrees,LC-PFN,2.700762450695038,0.0433929860591888,0.002334932796657,25,0.5,25,21,505,4.0,4.0,4.0,4.0
2017,114,111,20,ens.ExtraTrees,MMF4,1.3911194412482593,0.0226075523739613,0.0006279178237114,25,0.5,25,21,505,2.0,2.0,2.0,2.0
2018,114,111,20,ens.ExtraTrees,WBL4,1.2415084641562093,0.0201836983077311,0.0005026354099568,25,0.5,25,21,505,1.0,1.0,1.0,1.0
2019,114,111,20,ens.ExtraTrees,POW4,1.6448911696423894,0.0266847110689648,0.0008689620538347,25,0.5,25,21,505,3.0,3.0,3.0,3.0
2020,121,122,16,ComplementNB,LC-PFN,0.7346972823143005,0.0120447296649217,0.0001623838761588,40,0.5,40,40,506,2.0,2.0,2.0,2.0
2021,121,122,16,ComplementNB,MMF4,0.379291552068814,0.0061665079351919,4.290805583354699e-05,40,0.5,40,40,506,1.0,1.0,1.0,1.0
2022,121,122,16,ComplementNB,WBL4,1.0910548426996811,0.0179694444414268,0.0003488093668669,40,0.5,40,40,506,4.0,4.0,4.0,4.0
2023,121,122,16,ComplementNB,POW4,1.0910548387498502,0.0179694443755984,0.000348809364501,40,0.5,40,40,506,3.0,3.0,3.0,3.0
2024,127,170,20,ens.ExtraTrees,LC-PFN,0.9351341985166072,0.0150685608386993,0.0002516515960451,25,0.5,25,2,507,4.0,4.0,4.0,4.0
2025,127,170,20,ens.ExtraTrees,MMF4,0.6260999323672576,0.0101260640688455,0.0001401250847404,25,0.5,25,2,507,3.0,3.0,3.0,3.0
2026,127,170,20,ens.ExtraTrees,WBL4,0.3420000558199919,0.0055555555555551,4.026864230261848e-05,25,0.5,25,2,507,2.0,2.0,1.0,1.6666666666666667
2027,127,170,20,ens.ExtraTrees,POW4,0.3420000557148995,0.0055555555538721,4.026865073031343e-05,25,0.5,25,2,507,1.0,1.0,2.0,1.3333333333333333
2028,120,57,0,SVC_linear,LC-PFN,3.030254691839218,0.0470074266195297,0.0023886046838015,25,0.5,25,26,508,2.0,2.0,2.0,2.0
2029,120,57,0,SVC_linear,MMF4,4.658366097502483,0.0715652885186381,0.0062828637947442,25,0.5,25,26,508,3.0,3.0,3.0,3.0
2030,120,57,0,SVC_linear,WBL4,6.240651169497676,0.0941798964664094,0.010844678186013,25,0.5,25,26,508,4.0,4.0,4.0,4.0
2031,120,57,0,SVC_linear,POW4,0.3438746482201354,0.0052922185747014,3.8418818833005866e-05,25,0.5,25,26,508,1.0,1.0,1.0,1.0
2032,132,165,19,NearestCentroid,LC-PFN,1.888158731162548,0.0254704281687736,0.0006716181524097,66,0.5,66,67,509,1.0,1.0,1.0,1.0
2033,132,165,19,NearestCentroid,MMF4,8.315150545380806,0.1059434738245153,0.0115176974618731,66,0.5,66,67,509,4.0,4.0,4.0,4.0
2034,132,165,19,NearestCentroid,WBL4,8.204641250523927,0.1046439237123754,0.0112218454475464,66,0.5,66,67,509,3.0,3.0,3.0,3.0
2035,132,165,19,NearestCentroid,POW4,6.387908561487768,0.0827927417238671,0.0069145991997725,66,0.5,66,67,509,2.0,2.0,2.0,2.0
2036,125,56,11,MLP,LC-PFN,1.519540045410395,0.0257526244968175,0.0007588730659335,29,0.5,29,30,510,2.0,2.0,2.0,2.0
2037,125,56,11,MLP,MMF4,3.9135666612958775,0.0647599320439171,0.0051542521841714,29,0.5,29,30,510,3.0,3.0,3.0,3.0
2038,125,56,11,MLP,WBL4,4.802714044313365,0.0786661439357915,0.0075202473197563,29,0.5,29,30,510,4.0,4.0,4.0,4.0
2039,125,56,11,MLP,POW4,0.3208801220306852,0.0054632377622267,4.164216788329736e-05,29,0.5,29,30,510,1.0,1.0,1.0,1.0
2040,129,148,16,ComplementNB,LC-PFN,0.4989669192582369,0.00786554813385,6.380085687851533e-05,25,0.5,25,3,511,4.0,4.0,4.0,4.0
2041,129,148,16,ComplementNB,MMF4,0.2438244606830406,0.0038542842252142,1.8666155081838143e-05,25,0.5,25,3,511,3.0,3.0,3.0,3.0
2042,129,148,16,ComplementNB,WBL4,0.1866262223688326,0.0029600000000039,1.1428266666688854e-05,25,0.5,25,3,511,2.0,2.0,2.0,2.0
2043,129,148,16,ComplementNB,POW4,0.1866261764741203,0.0029599992703113,1.1428262343624248e-05,25,0.5,25,3,511,1.0,1.0,1.0,1.0
2044,124,179,20,ens.ExtraTrees,LC-PFN,0.7611760403960943,0.0148878833279013,0.0002676595177035,38,0.5,38,38,512,3.0,3.0,3.0,3.0
2045,124,179,20,ens.ExtraTrees,MMF4,0.3332421311286207,0.0064679936270763,5.2803286088736186e-05,38,0.5,38,38,512,2.0,2.0,2.0,2.0
2046,124,179,20,ens.ExtraTrees,WBL4,0.2512934383580578,0.0049294404464258,2.584361639159799e-05,38,0.5,38,38,512,1.0,1.0,1.0,1.0
2047,124,179,20,ens.ExtraTrees,POW4,1.6105269162261908,0.0309404641985507,0.001033220996065,38,0.5,38,38,512,4.0,4.0,4.0,4.0
2048,131,219,6,LogisticRegression,LC-PFN,1.025184616446495,0.0145508665591478,0.000329049420543,29,0.5,29,30,513,1.0,1.0,1.0,1.0
2049,131,219,6,LogisticRegression,MMF4,2.972021355438077,0.0407402582908324,0.0019394678435328,29,0.5,29,30,513,3.0,3.0,2.0,2.6666666666666665
2050,131,219,6,LogisticRegression,WBL4,5.205533712832851,0.0696348701250389,0.005706801820107,29,0.5,29,30,513,4.0,4.0,4.0,4.0
2051,131,219,6,LogisticRegression,POW4,2.3649123768370046,0.0354059500252249,0.0021068926804465,29,0.5,29,30,513,2.0,2.0,3.0,2.3333333333333335
2052,123,156,4,Decision Tree,LC-PFN,0.2535370178520679,0.0046265539713203,3.467956412350759e-05,25,0.5,25,26,514,1.0,1.0,1.0,1.0
2053,123,156,4,Decision Tree,MMF4,1.7652333971188892,0.0319417384104651,0.0012074475589261,25,0.5,25,26,514,3.0,3.0,3.0,3.0
2054,123,156,4,Decision Tree,WBL4,1.7872279921600391,0.0323315321412054,0.0012382189178249,25,0.5,25,26,514,4.0,4.0,4.0,4.0
2055,123,156,4,Decision Tree,POW4,0.3172153824872212,0.0058290756558052,4.692967981560671e-05,25,0.5,25,26,514,2.0,2.0,2.0,2.0
2056,128,124,21,ens.RandomForest,LC-PFN,0.2180464100092649,0.0038122758269309,1.7549014955875464e-05,32,0.5,32,32,515,1.0,1.0,1.0,1.0
2057,128,124,21,ens.RandomForest,MMF4,0.8197302079250152,0.0142627568323728,0.0002509743863624,32,0.5,32,32,515,2.0,2.0,2.0,2.0
2058,128,124,21,ens.RandomForest,WBL4,1.3587974586373484,0.0234909682194296,0.0006384076885945,32,0.5,32,32,515,4.0,3.0,3.0,3.3333333333333335
2059,128,124,21,ens.RandomForest,POW4,1.337182521280901,0.0238261101133029,0.0006434360462085,32,0.5,32,32,515,3.0,4.0,4.0,3.6666666666666665
2060,130,18,2,SVC_rbf,LC-PFN,0.6937964353710413,0.013528081588447,0.0002247152442578,36,0.5,36,37,516,1.0,1.0,1.0,1.0
2061,130,18,2,SVC_rbf,MMF4,2.259092386781894,0.0432851113946839,0.0020520893173695,36,0.5,36,37,516,3.0,3.0,3.0,3.0
2062,130,18,2,SVC_rbf,WBL4,2.922836256811696,0.0556099796607756,0.0033422279758092,36,0.5,36,37,516,4.0,4.0,4.0,4.0
2063,130,18,2,SVC_rbf,POW4,1.835436215876592,0.0349869408465244,0.0013263988113809,36,0.5,36,37,516,2.0,2.0,2.0,2.0
2064,119,73,3,SVC_sigmoid,LC-PFN,5.375367030501366,0.0746687948703765,0.0070015541277825,35,0.5,35,35,517,4.0,4.0,4.0,4.0
2065,119,73,3,SVC_sigmoid,MMF4,5.0098721757006,0.0692257231837444,0.005759053583705,35,0.5,35,35,517,1.0,1.0,1.0,1.0
2066,119,73,3,SVC_sigmoid,WBL4,5.010357894645921,0.0692328610442675,0.0057599870751405,35,0.5,35,35,517,2.0,2.0,2.0,2.0
2067,119,73,3,SVC_sigmoid,POW4,5.156323792813579,0.0713823563066781,0.00608126083048,35,0.5,35,35,517,3.0,3.0,3.0,3.0
2068,133,7,7,PassiveAggressive,LC-PFN,0.2451548585668206,0.0045061330311,2.7435155061539263e-05,27,0.5,27,27,518,1.0,1.0,1.0,1.0
2069,133,7,7,PassiveAggressive,MMF4,1.8935574822369807,0.0341294488002799,0.0013527137400619,27,0.5,27,27,518,3.0,3.0,3.0,3.0
2070,133,7,7,PassiveAggressive,WBL4,2.2958312589771674,0.0411932757077019,0.001965488045651,27,0.5,27,27,518,4.0,4.0,4.0,4.0
2071,133,7,7,PassiveAggressive,POW4,0.7327255189972344,0.0136589130264048,0.0002472626588492,27,0.5,27,27,518,2.0,2.0,2.0,2.0
2072,122,22,8,Perceptron,LC-PFN,7.4299655854702,0.0815897732973098,0.0071523403748869,31,0.5,31,32,519,4.0,4.0,4.0,4.0
2073,122,22,8,Perceptron,MMF4,6.798798048667712,0.0755714021717425,0.0069144792150136,31,0.5,31,32,519,3.0,3.0,3.0,3.0
2074,122,22,8,Perceptron,WBL4,6.535256440249891,0.0728696640866115,0.0065884533718703,31,0.5,31,32,519,2.0,2.0,2.0,2.0
2075,122,22,8,Perceptron,POW4,6.164516248377332,0.0689510327246567,0.0056279534277911,31,0.5,31,32,519,1.0,1.0,1.0,1.0
2076,136,92,19,NearestCentroid,LC-PFN,1.4759786427021029,0.0143292034044861,0.0003463300527073,40,0.5,40,41,520,4.0,4.0,4.0,4.0
2077,136,92,19,NearestCentroid,MMF4,0.2807867775364058,0.0027838467053362,8.303877913340752e-06,40,0.5,40,41,520,1.0,1.0,1.0,1.0
2078,136,92,19,NearestCentroid,WBL4,0.7518778511819905,0.0074916773886391,5.748826281770693e-05,40,0.5,40,41,520,3.0,3.0,3.0,3.0
2079,136,92,19,NearestCentroid,POW4,0.7518778506595681,0.0074916773833933,5.748826273851576e-05,40,0.5,40,41,520,2.0,2.0,2.0,2.0
2080,134,181,11,MLP,LC-PFN,1.4576547779142857,0.0170451253652572,0.0005850251764059,25,0.5,25,23,521,1.0,1.0,1.0,1.0
2081,134,181,11,MLP,MMF4,5.913719816237833,0.0758608401865876,0.0080879793757367,25,0.5,25,23,521,3.0,3.0,3.0,3.0
2082,134,181,11,MLP,WBL4,6.605644033393373,0.0859925351426746,0.0106622931235506,25,0.5,25,23,521,4.0,4.0,4.0,4.0
2083,134,181,11,MLP,POW4,4.221893354944636,0.0524686730033,0.0037954058685639,25,0.5,25,23,521,2.0,2.0,2.0,2.0
2084,135,236,17,GaussianNB,LC-PFN,1.2999624013900757,0.0190562345087528,0.000590453215409,27,0.5,27,28,522,3.0,3.0,3.0,3.0
2085,135,236,17,GaussianNB,MMF4,0.6993070493672103,0.0101244277336699,0.0001186572825129,27,0.5,27,28,522,2.0,2.0,2.0,2.0
2086,135,236,17,GaussianNB,WBL4,0.164416830399017,0.0023634783383665,7.620039753744374e-06,27,0.5,27,28,522,1.0,1.0,1.0,1.0
2087,135,236,17,GaussianNB,POW4,5.247500751261562,0.0800479886600544,0.0070982077622132,27,0.5,27,28,522,4.0,4.0,4.0,4.0
2088,143,262,22,ens.GradientBoosting,LC-PFN,1.1656511574983597,0.0168783422559499,0.0003853222879115,64,0.5,64,64,523,3.0,3.0,3.0,3.0
2089,143,262,22,ens.GradientBoosting,MMF4,0.4762034617024895,0.0068217051802973,5.693668441898627e-05,64,0.5,64,64,523,2.0,2.0,2.0,2.0
2090,143,262,22,ens.GradientBoosting,WBL4,0.4401162088201689,0.0062354067548873,4.6408181710459634e-05,64,0.5,64,64,523,1.0,1.0,1.0,1.0
2091,143,262,22,ens.GradientBoosting,POW4,1.2928836810235351,0.0187197276787043,0.000441027029279,64,0.5,64,64,523,4.0,4.0,4.0,4.0
2092,137,116,0,SVC_linear,LC-PFN,0.7737057749181986,0.015230213291943,0.0002638047444634,27,0.5,27,28,524,4.0,4.0,4.0,4.0
2093,137,116,0,SVC_linear,MMF4,0.2521808379267383,0.0049908411031506,3.4838164674776434e-05,27,0.5,27,28,524,1.0,1.0,1.0,1.0
2094,137,116,0,SVC_linear,WBL4,0.2690140883037969,0.0053237062553407,3.768522863043309e-05,27,0.5,27,28,524,2.0,2.0,2.0,2.0
2095,137,116,0,SVC_linear,POW4,0.2961207108165768,0.0058719609460583,6.115728733205624e-05,27,0.5,27,28,524,3.0,3.0,3.0,3.0
2096,139,208,19,NearestCentroid,LC-PFN,14.432162046432495,0.1001820862293243,0.0101175447925925,50,0.5,50,50,525,4.0,4.0,4.0,4.0
2097,139,208,19,NearestCentroid,MMF4,9.353654992466936,0.0686203285178845,0.0053116459114429,50,0.5,50,50,525,3.0,3.0,3.0,3.0
2098,139,208,19,NearestCentroid,WBL4,8.331111045942244,0.0617739199974401,0.0044184929007683,50,0.5,50,50,525,1.0,1.0,1.0,1.0
2099,139,208,19,NearestCentroid,POW4,8.331111046611833,0.0617739200019692,0.0044184929013632,50,0.5,50,50,525,2.0,2.0,2.0,2.0
2100,140,98,1,SVC_poly,LC-PFN,0.2516163513064384,0.0042857020162045,2.353135096200276e-05,34,0.5,34,34,526,1.0,1.0,1.0,1.0
2101,140,98,1,SVC_poly,MMF4,0.8658489504175748,0.0149566353636006,0.0003119904850219,34,0.5,34,34,526,4.0,4.0,4.0,4.0
2102,140,98,1,SVC_poly,WBL4,0.8134832621783692,0.0140384913795891,0.0002706636304997,34,0.5,34,34,526,3.0,3.0,2.0,2.6666666666666665
2103,140,98,1,SVC_poly,POW4,0.8093152660882478,0.0139701812224387,0.0002737165065659,34,0.5,34,34,526,2.0,2.0,3.0,2.3333333333333335
2104,145,122,17,GaussianNB,LC-PFN,0.186750350985676,0.0036329224240034,1.6811798559501767e-05,40,0.5,40,40,527,1.0,1.0,1.0,1.0
2105,145,122,17,GaussianNB,MMF4,0.4118669785191967,0.0080387009521339,6.744653256814595e-05,40,0.5,40,40,527,2.0,2.0,2.0,2.0
2106,145,122,17,GaussianNB,WBL4,0.7189777778501429,0.0138716666666716,0.000196860813889,40,0.5,40,40,527,4.0,4.0,4.0,4.0
2107,145,122,17,GaussianNB,POW4,0.4494349363474518,0.0087990348578369,0.0001109804544485,40,0.5,40,40,527,3.0,3.0,3.0,3.0
2108,138,24,16,ComplementNB,LC-PFN,0.3348219441249966,0.0042676599696278,3.34550604748074e-05,25,0.5,25,20,528,1.0,1.0,1.0,1.0
2109,138,24,16,ComplementNB,MMF4,0.4725688173497806,0.0060282309235374,5.279965564214648e-05,25,0.5,25,20,528,2.0,2.0,3.0,2.3333333333333335
2110,138,24,16,ComplementNB,WBL4,0.4812746707760023,0.0061403747179659,4.630986316016277e-05,25,0.5,25,20,528,3.0,3.0,2.0,2.6666666666666665
2111,138,24,16,ComplementNB,POW4,0.5400107868112722,0.0068956727702387,7.760014025202865e-05,25,0.5,25,20,528,4.0,4.0,4.0,4.0
2112,148,238,21,ens.RandomForest,LC-PFN,1.2996303848922253,0.0219222363084554,0.0005469841416925,47,0.5,47,48,529,2.0,2.0,2.0,2.0
2113,148,238,21,ens.RandomForest,MMF4,2.5207864414557304,0.0419871223475103,0.0021550583934316,47,0.5,47,48,529,3.0,3.0,3.0,3.0
2114,148,238,21,ens.RandomForest,WBL4,3.4159526846423685,0.0563085284609393,0.0037018911907073,47,0.5,47,48,529,4.0,4.0,4.0,4.0
2115,148,238,21,ens.RandomForest,POW4,1.2085817563325725,0.0207619099545839,0.0004370127088742,47,0.5,47,48,529,1.0,1.0,1.0,1.0
2116,144,114,5,ExtraTree,LC-PFN,0.8038725703954697,0.0143268890678882,0.0002637031720951,25,0.5,25,22,530,1.0,1.0,1.0,1.0
2117,144,114,5,ExtraTree,MMF4,1.8857818954900976,0.0331856508502164,0.0012892467339081,25,0.5,25,22,530,3.0,3.0,3.0,3.0
2118,144,114,5,ExtraTree,WBL4,1.900396395032221,0.0334372355802801,0.0013060080977926,25,0.5,25,22,530,4.0,4.0,4.0,4.0
2119,144,114,5,ExtraTree,POW4,1.3642373552837546,0.0241586623696136,0.0007430652586158,25,0.5,25,22,530,2.0,2.0,2.0,2.0
2120,147,163,16,ComplementNB,LC-PFN,0.9103956632316113,0.0175749696791172,0.0003098722663708,25,0.5,25,26,531,4.0,4.0,4.0,4.0
2121,147,163,16,ComplementNB,MMF4,0.046312417976663,0.0008855711752913,1.3844345035702958e-06,25,0.5,25,26,531,2.0,2.0,2.0,2.0
2122,147,163,16,ComplementNB,WBL4,0.1261559494494594,0.0024103463078385,6.148244210081432e-06,25,0.5,25,26,531,3.0,3.0,3.0,3.0
2123,147,163,16,ComplementNB,POW4,0.0391707298534601,0.0007493352348423,9.277131023453514e-07,25,0.5,25,26,531,1.0,1.0,1.0,1.0
2124,155,224,12,LDA,LC-PFN,0.8295463398098946,0.0163202155381441,0.0002667600347194,32,0.5,32,33,532,4.0,4.0,4.0,4.0
2125,155,224,12,LDA,MMF4,0.0411829839703339,0.0008170589169492,9.101652587730747e-07,32,0.5,32,33,532,1.0,1.0,1.0,1.0
2126,155,224,12,LDA,WBL4,0.6420247739282011,0.0126545685614995,0.0001606002283755,32,0.5,32,33,532,2.0,2.0,2.0,2.0
2127,155,224,12,LDA,POW4,0.6420249099116603,0.0126545712246313,0.0001606002926389,32,0.5,32,33,532,3.0,3.0,3.0,3.0
2128,151,111,1,SVC_poly,LC-PFN,2.6856569573283195,0.033784981817007,0.0011712780687958,25,0.5,25,21,533,3.0,3.0,3.0,3.0
2129,151,111,1,SVC_poly,MMF4,1.816606938708636,0.0246820209910472,0.0011209594033799,25,0.5,25,21,533,2.0,2.0,2.0,2.0
2130,151,111,1,SVC_poly,WBL4,5.591956628770835,0.0818281346119886,0.0118047638092734,25,0.5,25,21,533,4.0,4.0,4.0,4.0
2131,151,111,1,SVC_poly,POW4,0.9362959248373536,0.0117683463793025,0.0001784512516258,25,0.5,25,21,533,1.0,1.0,1.0,1.0
2132,152,43,22,ens.GradientBoosting,LC-PFN,7.684587687253952,0.110171191394329,0.0145251313224434,25,0.5,25,21,534,4.0,4.0,4.0,4.0
2133,152,43,22,ens.GradientBoosting,MMF4,1.8488594853968965,0.0284081620650869,0.0010743835286324,25,0.5,25,21,534,1.0,1.0,1.0,1.0
2134,152,43,22,ens.GradientBoosting,WBL4,3.2003033394656524,0.0491660215821957,0.0036505406288456,25,0.5,25,21,534,2.0,2.0,2.0,2.0
2135,152,43,22,ens.GradientBoosting,POW4,7.5407962820587455,0.1077530264245297,0.0133781702684593,25,0.5,25,21,534,3.0,3.0,3.0,3.0
2136,146,4,6,LogisticRegression,LC-PFN,0.4841711837798357,0.0068567693233489,6.344750727294013e-05,25,0.5,25,6,535,3.0,3.0,3.0,3.0
2137,146,4,6,LogisticRegression,MMF4,0.3565529843222736,0.0050643316116728,3.870172893181942e-05,25,0.5,25,6,535,2.0,2.0,2.0,2.0
2138,146,4,6,LogisticRegression,WBL4,0.3493776770951387,0.0049619347066558,3.639268869167467e-05,25,0.5,25,6,535,1.0,1.0,1.0,1.0
2139,146,4,6,LogisticRegression,POW4,0.5307804941969644,0.0075581616050329,8.270734005695515e-05,25,0.5,25,6,535,4.0,4.0,4.0,4.0
2140,149,184,16,ComplementNB,LC-PFN,2.5496263056993484,0.03183414041996,0.0014707198133692,28,0.5,28,29,536,1.0,1.0,1.0,1.0
2141,149,184,16,ComplementNB,MMF4,5.398176926292126,0.0701995495699031,0.0069036713467578,28,0.5,28,29,536,3.0,3.0,3.0,3.0
2142,149,184,16,ComplementNB,WBL4,5.908820978775496,0.0775835384544286,0.00862680768544,28,0.5,28,29,536,4.0,4.0,4.0,4.0
2143,149,184,16,ComplementNB,POW4,4.039894616231722,0.0513495583040784,0.0035248335594565,28,0.5,28,29,536,2.0,2.0,2.0,2.0
2144,142,71,14,BernoulliNB,LC-PFN,0.7392076309770346,0.0113467732444405,0.0001784822234185,31,0.5,31,31,537,4.0,4.0,4.0,4.0
2145,142,71,14,BernoulliNB,MMF4,0.1578397326689803,0.0023948205538887,6.4048460513039226e-06,31,0.5,31,31,537,2.0,2.0,2.0,2.0
2146,142,71,14,BernoulliNB,WBL4,0.2225594056893991,0.0033745656249406,1.2092110517618478e-05,31,0.5,31,31,537,3.0,3.0,3.0,3.0
2147,142,71,14,BernoulliNB,POW4,0.1369759274343542,0.0020844259458657,5.914233305940857e-06,31,0.5,31,31,537,1.0,1.0,1.0,1.0
2148,141,259,19,NearestCentroid,LC-PFN,0.9634030051529408,0.010862180031836,0.0001527613640064,35,0.5,35,36,538,4.0,4.0,4.0,4.0
2149,141,259,19,NearestCentroid,MMF4,0.3997070887008103,0.0045241792975469,3.055001407610539e-05,35,0.5,35,36,538,1.0,1.0,1.0,1.0
2150,141,259,19,NearestCentroid,WBL4,0.4568190764416374,0.0051663674761271,3.872971330999934e-05,35,0.5,35,36,538,3.0,3.0,3.0,3.0
2151,141,259,19,NearestCentroid,POW4,0.4018772208244996,0.0045485997571334,3.084749240595639e-05,35,0.5,35,36,538,2.0,2.0,2.0,2.0
2152,154,219,11,MLP,LC-PFN,1.532159373164177,0.0211220029741525,0.000607575639151,29,0.5,29,30,539,2.0,2.0,2.0,2.0
2153,154,219,11,MLP,MMF4,1.146283068041504,0.0152991795461303,0.0002681439468847,29,0.5,29,30,539,1.0,1.0,1.0,1.0
2154,154,219,11,MLP,WBL4,3.145269229936656,0.041922801792608,0.0020414127489703,29,0.5,29,30,539,4.0,4.0,4.0,4.0
2155,154,219,11,MLP,POW4,2.447882351077458,0.0350178665050446,0.0018464532196397,29,0.5,29,30,539,3.0,3.0,3.0,3.0
2156,157,252,14,BernoulliNB,LC-PFN,3.058405965566635,0.0250479951500892,0.001033240230754,35,0.5,35,35,540,1.0,1.0,1.0,1.0
2157,157,252,14,BernoulliNB,MMF4,3.076268329164062,0.0302201498653088,0.0016393982314593,35,0.5,35,35,540,2.0,2.0,2.0,2.0
2158,157,252,14,BernoulliNB,WBL4,6.466368323136082,0.0606376156590313,0.0063882391976315,35,0.5,35,35,540,4.0,4.0,4.0,4.0
2159,157,252,14,BernoulliNB,POW4,4.097555572485894,0.0424131023549652,0.0021989355421444,35,0.5,35,35,540,3.0,3.0,3.0,3.0
2160,161,54,19,NearestCentroid,LC-PFN,1.8016878515481949,0.0252856817096471,0.0010014752624556,29,0.5,29,30,541,2.0,2.0,2.0,2.0
2161,161,54,19,NearestCentroid,MMF4,1.472983149029459,0.019736792417562,0.0004494791020548,29,0.5,29,30,541,1.0,1.0,1.0,1.0
2162,161,54,19,NearestCentroid,WBL4,3.267599495618868,0.042925576891583,0.0020778755617463,29,0.5,29,30,541,3.0,3.0,3.0,3.0
2163,161,54,19,NearestCentroid,POW4,5.489244632672404,0.0805536872298765,0.0083661020286475,29,0.5,29,30,541,4.0,4.0,4.0,4.0
2164,153,22,9,RidgeClassifier,LC-PFN,0.658594211563468,0.0117725897580385,0.0001890755665954,31,0.5,31,32,542,2.0,2.0,2.0,2.0
2165,153,22,9,RidgeClassifier,MMF4,0.8763152421616455,0.0156956680196403,0.0003135615225446,31,0.5,31,32,542,3.0,3.0,3.0,3.0
2166,153,22,9,RidgeClassifier,WBL4,0.2314130582374823,0.0041017628404056,1.9780729960453526e-05,31,0.5,31,32,542,1.0,1.0,1.0,1.0
2167,153,22,9,RidgeClassifier,POW4,0.948590326501212,0.0170115947523442,0.0003752287422011,31,0.5,31,32,542,4.0,4.0,4.0,4.0
2168,156,62,13,QDA,LC-PFN,15.865842998027802,0.0494609028100967,0.0025062416680157,25,0.5,25,18,543,4.0,4.0,4.0,4.0
2169,156,62,13,QDA,MMF4,1.6697917442567198,0.0060027724164706,5.362510985250612e-05,25,0.5,25,18,543,1.0,1.0,1.0,1.0
2170,156,62,13,QDA,WBL4,1.7195887432492638,0.0061878103672414,6.364562522820831e-05,25,0.5,25,18,543,2.0,2.0,2.0,2.0
2171,156,62,13,QDA,POW4,2.449575866535504,0.0089118686651612,0.0001183902087303,25,0.5,25,18,543,3.0,3.0,3.0,3.0
2172,166,88,8,Perceptron,LC-PFN,1.0174174793064594,0.0138708148151636,0.0003612486761994,35,0.5,35,35,544,4.0,4.0,4.0,4.0
2173,166,88,8,Perceptron,MMF4,0.9073525759708314,0.012327059858146,0.000233675158525,35,0.5,35,35,544,2.0,2.0,2.0,2.0
2174,166,88,8,Perceptron,WBL4,0.908618962931554,0.0123441469269964,0.000234914692928,35,0.5,35,35,544,3.0,3.0,3.0,3.0
2175,166,88,8,Perceptron,POW4,0.8950450885297981,0.012160665179574,0.000213627105686,35,0.5,35,35,544,1.0,1.0,1.0,1.0
2176,158,120,9,RidgeClassifier,LC-PFN,1.1123324744403362,0.0219483003020286,0.0004827427037525,27,0.5,27,27,545,4.0,4.0,4.0,4.0
2177,158,120,9,RidgeClassifier,MMF4,0.1677275940828956,0.0033412245888064,1.2046343238289112e-05,27,0.5,27,27,545,1.0,1.0,1.0,1.0
2178,158,120,9,RidgeClassifier,WBL4,0.2248027489974356,0.0044754670794183,2.109634344266576e-05,27,0.5,27,27,545,2.0,2.0,2.0,2.0
2179,158,120,9,RidgeClassifier,POW4,0.8088493127434562,0.0160082311716525,0.0002573349816195,27,0.5,27,27,545,3.0,3.0,3.0,3.0
2180,163,235,4,Decision Tree,LC-PFN,0.2837681211531162,0.0055053085088729,5.3111929446458817e-05,32,0.5,32,32,546,1.0,1.0,1.0,1.0
2181,163,235,4,Decision Tree,MMF4,0.8344555961323491,0.0160896490286026,0.0003016360401153,32,0.5,32,32,546,3.0,3.0,3.0,3.0
2182,163,235,4,Decision Tree,WBL4,0.8635501727666438,0.0166450654541203,0.0003207957001813,32,0.5,32,32,546,4.0,4.0,4.0,4.0
2183,163,235,4,Decision Tree,POW4,0.4232565182605836,0.0082771246149831,8.010381785393624e-05,32,0.5,32,32,546,2.0,2.0,2.0,2.0
2184,164,240,6,LogisticRegression,LC-PFN,0.8937771432101727,0.011850313283503,0.0002446662692818,32,0.5,32,33,547,4.0,4.0,4.0,4.0
2185,164,240,6,LogisticRegression,MMF4,0.5844866021871589,0.0077364410883258,0.0001272451315154,32,0.5,32,33,547,2.0,2.0,1.0,1.6666666666666667
2186,164,240,6,LogisticRegression,WBL4,0.5808134659410055,0.0076881988250946,0.0001328261416358,32,0.5,32,33,547,1.0,1.0,2.0,1.3333333333333333
2187,164,240,6,LogisticRegression,POW4,0.7761597875615753,0.0102721908996325,0.0001517522780218,32,0.5,32,33,547,3.0,3.0,3.0,3.0
2188,162,33,5,ExtraTree,LC-PFN,6.060358136892319,0.0479351319372653,0.0025563470553606,25,0.5,25,25,548,4.0,4.0,4.0,4.0
2189,162,33,5,ExtraTree,MMF4,4.62667286740781,0.0382497800216628,0.0018057446551852,25,0.5,25,25,548,2.0,2.0,2.0,2.0
2190,162,33,5,ExtraTree,WBL4,5.148616714566539,0.0423092341799971,0.002154771448819,25,0.5,25,25,548,3.0,3.0,3.0,3.0
2191,162,33,5,ExtraTree,POW4,2.7127716883987727,0.0229704969457404,0.0007119621125012,25,0.5,25,25,548,1.0,1.0,1.0,1.0
2192,160,75,8,Perceptron,LC-PFN,1.337574329227209,0.0156912580132484,0.0004179299867246,25,0.5,25,21,549,1.0,1.0,1.0,1.0
2193,160,75,8,Perceptron,MMF4,2.692014457752343,0.0322761292430785,0.0015145241000997,25,0.5,25,21,549,3.0,3.0,3.0,3.0
2194,160,75,8,Perceptron,WBL4,2.761874284294764,0.0331597391462972,0.0016080091082456,25,0.5,25,21,549,4.0,4.0,4.0,4.0
2195,160,75,8,Perceptron,POW4,2.133503271052343,0.0253174090432631,0.0009123144342032,25,0.5,25,21,549,2.0,2.0,2.0,2.0
2196,169,222,4,Decision Tree,LC-PFN,0.675097992643714,0.0120699573308229,0.0001669133780524,32,0.5,32,32,550,2.0,2.0,2.0,2.0
2197,169,222,4,Decision Tree,MMF4,3.251489631305738,0.060943990476674,0.0043687696881631,32,0.5,32,32,550,4.0,4.0,4.0,4.0
2198,169,222,4,Decision Tree,WBL4,0.4368618315498528,0.007817914861402,7.987992732201544e-05,32,0.5,32,32,550,1.0,1.0,1.0,1.0
2199,169,222,4,Decision Tree,POW4,0.7102027444233572,0.0128470357299713,0.0002165611777221,32,0.5,32,32,550,3.0,3.0,3.0,3.0
2200,168,129,22,ens.GradientBoosting,LC-PFN,0.8039356209337711,0.0158189292997121,0.0002677138254512,30,0.5,30,31,551,3.0,3.0,3.0,3.0
2201,168,129,22,ens.GradientBoosting,MMF4,0.2483668207059868,0.0049134387590975,2.5404584854304305e-05,30,0.5,30,31,551,2.0,2.0,2.0,2.0
2202,168,129,22,ens.GradientBoosting,WBL4,0.2163436177397895,0.004280173217879,1.9484423968487605e-05,30,0.5,30,31,551,1.0,1.0,1.0,1.0
2203,168,129,22,ens.GradientBoosting,POW4,1.1564004151974798,0.0226709691066956,0.0005326975672368,30,0.5,30,31,551,4.0,4.0,4.0,4.0
2204,118,215,3,SVC_sigmoid,LC-PFN,2.0769139751791954,0.0304518118500709,0.0012266734847798,26,0.5,26,26,552,2.0,2.0,2.0,2.0
2205,118,215,3,SVC_sigmoid,MMF4,2.572785468225386,0.0375010506988907,0.001865317405295,26,0.5,26,26,552,4.0,4.0,4.0,4.0
2206,118,215,3,SVC_sigmoid,WBL4,1.212282028976906,0.0180279231594997,0.0005407309382534,26,0.5,26,26,552,1.0,1.0,1.0,1.0
2207,118,215,3,SVC_sigmoid,POW4,2.479602661706924,0.036180984087273,0.0017297533657091,26,0.5,26,26,552,3.0,3.0,3.0,3.0
2208,172,147,11,MLP,LC-PFN,17.42326021194458,0.0536754317581653,0.0029060442466288,25,0.5,25,3,553,4.0,4.0,4.0,4.0
2209,172,147,11,MLP,MMF4,4.341562708334078,0.0150873337704038,0.0002910364310001,25,0.5,25,3,553,3.0,1.0,3.0,2.3333333333333335
2210,172,147,11,MLP,WBL4,4.314382546894198,0.0162133333349615,0.0002904277333856,25,0.5,25,3,553,2.0,3.0,2.0,2.3333333333333335
2211,172,147,11,MLP,POW4,4.3143824843424,0.016213333088138,0.0002904277252983,25,0.5,25,3,553,1.0,2.0,1.0,1.3333333333333333
2212,170,228,13,QDA,LC-PFN,11.941921710968018,0.1271693110466003,0.0390435792505741,25,0.5,25,20,554,4.0,4.0,1.0,3.0
2213,170,228,13,QDA,MMF4,9.330208659643702,0.1096146438107786,0.0430763031199222,25,0.5,25,20,554,2.0,2.0,3.0,2.3333333333333335
2214,170,228,13,QDA,WBL4,9.769056501081725,0.1139227026427182,0.0469267740766362,25,0.5,25,20,554,3.0,3.0,4.0,3.3333333333333335
2215,170,228,13,QDA,POW4,9.130121389270888,0.107288924409086,0.0398740697811152,25,0.5,25,20,554,1.0,1.0,2.0,1.3333333333333333
2216,171,99,13,QDA,LC-PFN,3.628838062286377,0.0514467097818851,0.0029403904918581,25,0.5,25,21,555,2.0,2.0,2.0,2.0
2217,171,99,13,QDA,MMF4,5.315289941246007,0.0833567588928508,0.0079716030243475,25,0.5,25,21,555,3.0,3.0,3.0,3.0
2218,171,99,13,QDA,WBL4,6.699299938333926,0.0922052430039957,0.0103040599878024,25,0.5,25,21,555,4.0,4.0,4.0,4.0
2219,171,99,13,QDA,POW4,3.351904842378474,0.0470287412130782,0.0022537003812478,25,0.5,25,21,555,1.0,1.0,1.0,1.0
2220,159,181,20,ens.ExtraTrees,LC-PFN,4.171120375394821,0.0443447567522525,0.002152633620426,25,0.5,25,23,556,4.0,4.0,4.0,4.0
2221,159,181,20,ens.ExtraTrees,MMF4,1.6318062516056004,0.0187423590841076,0.0005059024693819,25,0.5,25,23,556,2.0,2.0,2.0,2.0
2222,159,181,20,ens.ExtraTrees,WBL4,2.846820326170363,0.0310144497183667,0.0015204291550421,25,0.5,25,23,556,3.0,3.0,3.0,3.0
2223,159,181,20,ens.ExtraTrees,POW4,1.2071553592068267,0.0134094301599964,0.0002581229785177,25,0.5,25,23,556,1.0,1.0,1.0,1.0
2224,175,155,19,NearestCentroid,LC-PFN,1.5731796622276306,0.022270455956459,0.0006414807285182,40,0.5,40,40,557,4.0,4.0,4.0,4.0
2225,175,155,19,NearestCentroid,MMF4,0.3390544971458537,0.004722425463261,2.64453118659952e-05,40,0.5,40,40,557,2.0,2.0,2.0,2.0
2226,175,155,19,NearestCentroid,WBL4,0.2512572505962633,0.003495777461872,1.5952026602163725e-05,40,0.5,40,40,557,1.0,1.0,1.0,1.0
2227,175,155,19,NearestCentroid,POW4,1.4959283985024103,0.0210968907278189,0.0004676602499432,40,0.5,40,40,557,3.0,3.0,3.0,3.0
2228,174,159,13,QDA,LC-PFN,4.2653638869524,0.0647200718522071,0.0046657770872116,25,0.5,25,26,558,4.0,4.0,4.0,4.0
2229,174,159,13,QDA,MMF4,2.021930994233339,0.0313912118848802,0.001097016524393,25,0.5,25,26,558,1.0,1.0,1.0,1.0
2230,174,159,13,QDA,WBL4,2.486649373315985,0.0387255161428654,0.0018539164135316,25,0.5,25,26,558,3.0,3.0,3.0,3.0
2231,174,159,13,QDA,POW4,2.172385529915588,0.0331407638388482,0.0013464112603974,25,0.5,25,26,558,2.0,2.0,2.0,2.0
2232,180,31,15,MultinomialNB,LC-PFN,0.3392721060663461,0.0054814182221889,3.959795503760688e-05,45,0.5,45,46,559,2.0,2.0,2.0,2.0
2233,180,31,15,MultinomialNB,MMF4,0.398572840699756,0.0063924490332331,4.313653346555704e-05,45,0.5,45,46,559,3.0,3.0,3.0,3.0
2234,180,31,15,MultinomialNB,WBL4,0.4848864903117743,0.0077697587684768,6.399151806431865e-05,45,0.5,45,46,559,4.0,4.0,4.0,4.0
2235,180,31,15,MultinomialNB,POW4,0.1428973724702891,0.002298196057225,5.807415591581167e-06,45,0.5,45,46,559,1.0,1.0,1.0,1.0
2236,178,130,0,SVC_linear,LC-PFN,2.07255519926548,0.0314471162855625,0.0014844791730865,34,0.5,34,35,560,2.0,2.0,2.0,2.0
2237,178,130,0,SVC_linear,MMF4,3.3451704787374914,0.0500133448483457,0.0032256279842172,34,0.5,34,35,560,3.0,3.0,3.0,3.0
2238,178,130,0,SVC_linear,WBL4,3.352615086693436,0.0501200465434625,0.0032368233171031,34,0.5,34,35,560,4.0,4.0,4.0,4.0
2239,178,130,0,SVC_linear,POW4,1.9495657275510048,0.0296306728435075,0.0012947161749399,34,0.5,34,35,560,1.0,1.0,1.0,1.0
2240,179,3,5,ExtraTree,LC-PFN,2.584365755319596,0.0373864695429801,0.001696987543255,27,0.5,27,27,561,4.0,4.0,4.0,4.0
2241,179,3,5,ExtraTree,MMF4,2.3579332810764053,0.0346021208087623,0.0016963970063782,27,0.5,27,27,561,3.0,3.0,3.0,3.0
2242,179,3,5,ExtraTree,WBL4,1.1823266910767902,0.0176079572337493,0.0004681705476458,27,0.5,27,27,561,2.0,2.0,2.0,2.0
2243,179,3,5,ExtraTree,POW4,0.983366793151244,0.0145609838178075,0.0002993534086581,27,0.5,27,27,561,1.0,1.0,1.0,1.0
2244,177,8,14,BernoulliNB,LC-PFN,2.871863916516304,0.0267045851796865,0.0009516237769275,27,0.5,27,27,562,3.0,3.0,3.0,3.0
2245,177,8,14,BernoulliNB,MMF4,2.327375224156836,0.0217720933081622,0.0005082943803598,27,0.5,27,27,562,2.0,2.0,2.0,2.0
2246,177,8,14,BernoulliNB,WBL4,0.8054377843841727,0.0073900345876851,6.968749564305419e-05,27,0.5,27,27,562,1.0,1.0,1.0,1.0
2247,177,8,14,BernoulliNB,POW4,3.482389451537715,0.0330629454011713,0.0012037774698448,27,0.5,27,27,562,4.0,4.0,4.0,4.0
2248,182,16,2,SVC_rbf,LC-PFN,0.8457326330244541,0.0153637928888201,0.000245087838266,32,0.5,32,33,563,4.0,4.0,4.0,4.0
2249,182,16,2,SVC_rbf,MMF4,0.1495304372862355,0.0027042810829737,1.5864790585940656e-05,32,0.5,32,33,563,3.0,3.0,3.0,3.0
2250,182,16,2,SVC_rbf,WBL4,0.0586827866272884,0.0010565795891139,1.9650063328295234e-06,32,0.5,32,33,563,1.0,1.0,1.0,1.0
2251,182,16,2,SVC_rbf,POW4,0.0766605173044825,0.001379843993028,3.192184133503659e-06,32,0.5,32,33,563,2.0,2.0,2.0,2.0
2252,176,81,6,LogisticRegression,LC-PFN,1.7022015526890757,0.0182455573230981,0.0004549844597931,27,0.5,27,28,564,4.0,4.0,4.0,4.0
2253,176,81,6,LogisticRegression,MMF4,1.67405181644794,0.0182049020120675,0.0003963255245812,27,0.5,27,28,564,3.0,3.0,3.0,3.0
2254,176,81,6,LogisticRegression,WBL4,1.521422482143325,0.0165748802179029,0.0003331181266769,27,0.5,27,28,564,1.0,1.0,1.0,1.0
2255,176,81,6,LogisticRegression,POW4,1.521423286171833,0.0165748888183099,0.0003331184170373,27,0.5,27,28,564,2.0,2.0,2.0,2.0
2256,186,244,4,Decision Tree,LC-PFN,0.3943828865885734,0.0070383441634476,8.328537660418078e-05,32,0.5,32,33,565,1.0,1.0,1.0,1.0
2257,186,244,4,Decision Tree,MMF4,0.98113967490914,0.0173636898706803,0.0004419770935758,32,0.5,32,33,565,2.0,2.0,2.0,2.0
2258,186,244,4,Decision Tree,WBL4,1.050601899771444,0.0185745263422982,0.0005031705927232,32,0.5,32,33,565,4.0,4.0,4.0,4.0
2259,186,244,4,Decision Tree,POW4,0.9850658979552808,0.0174321810553277,0.0004451137992066,32,0.5,32,33,565,3.0,3.0,3.0,3.0
2260,181,216,1,SVC_poly,LC-PFN,1.083983201533556,0.0172297097742557,0.000441447016783,47,0.5,47,48,566,4.0,4.0,4.0,4.0
2261,181,216,1,SVC_poly,MMF4,0.8143126666938388,0.0131682162120536,0.0002068690528121,47,0.5,47,48,566,3.0,3.0,3.0,3.0
2262,181,216,1,SVC_poly,WBL4,0.2757044642081707,0.0043587405609767,2.268510607976461e-05,47,0.5,47,48,566,1.0,1.0,1.0,1.0
2263,181,216,1,SVC_poly,POW4,0.5682585715024602,0.0091992411465322,0.00011004015396,47,0.5,47,48,566,2.0,2.0,2.0,2.0
2264,183,245,1,SVC_poly,LC-PFN,1.5114248730242252,0.0241645760834217,0.0015722300158813,51,0.5,51,52,567,4.0,4.0,4.0,4.0
2265,183,245,1,SVC_poly,MMF4,1.3081738293311391,0.0207908631371454,0.0010319064279396,51,0.5,51,52,567,3.0,3.0,3.0,3.0
2266,183,245,1,SVC_poly,WBL4,1.2911069140825169,0.0205110895110638,0.0009890483733824,51,0.5,51,52,567,1.0,1.0,1.0,1.0
2267,183,245,1,SVC_poly,POW4,1.3080637338205754,0.0207889814705387,0.0010294233803437,51,0.5,51,52,567,2.0,2.0,2.0,2.0
2268,188,203,9,RidgeClassifier,LC-PFN,0.7989092729985714,0.0114211533218622,0.0002682859776541,30,0.5,30,31,568,1.0,1.0,1.0,1.0
2269,188,203,9,RidgeClassifier,MMF4,2.5843487457153422,0.03573459587207,0.0019916191898028,30,0.5,30,31,568,3.0,3.0,3.0,3.0
2270,188,203,9,RidgeClassifier,WBL4,2.876785642622696,0.0396074679794526,0.0024259413298223,30,0.5,30,31,568,4.0,4.0,4.0,4.0
2271,188,203,9,RidgeClassifier,POW4,2.508227854445364,0.0347222206553147,0.0018888990357674,30,0.5,30,31,568,2.0,2.0,2.0,2.0
2272,191,58,15,MultinomialNB,LC-PFN,0.4765505902469158,0.0068018389865756,6.700459198327735e-05,37,0.5,37,37,569,2.0,2.0,2.0,2.0
2273,191,58,15,MultinomialNB,MMF4,0.3530494357996483,0.005188115415266,4.5724379598171e-05,37,0.5,37,37,569,1.0,1.0,1.0,1.0
2274,191,58,15,MultinomialNB,WBL4,0.6275314414883656,0.0091252402664469,0.000141714590197,37,0.5,37,37,569,3.0,3.0,3.0,3.0
2275,191,58,15,MultinomialNB,POW4,1.6170796860022578,0.0242216221515088,0.0008966849431219,37,0.5,37,37,569,4.0,4.0,4.0,4.0
2276,190,103,21,ens.RandomForest,LC-PFN,0.1176129328086972,0.0022915275767445,7.862976417527534e-06,25,0.5,25,22,570,1.0,1.0,1.0,1.0
2277,190,103,21,ens.RandomForest,MMF4,0.4951429814145141,0.0096070923864779,0.0001017184511234,25,0.5,25,22,570,3.0,3.0,3.0,3.0
2278,190,103,21,ens.RandomForest,WBL4,0.5401648181692014,0.0104754897432528,0.0001196262482483,25,0.5,25,22,570,4.0,4.0,4.0,4.0
2279,190,103,21,ens.RandomForest,POW4,0.1904883905544064,0.0037095803398207,1.8103662316609816e-05,25,0.5,25,22,570,2.0,2.0,2.0,2.0
2280,196,178,18,KNN,LC-PFN,4.439334198832512,0.0404196493327617,0.0017719242023304,33,0.5,33,34,571,4.0,4.0,4.0,4.0
2281,196,178,18,KNN,MMF4,1.1191768017847878,0.0114917009314788,0.0002976340297027,33,0.5,33,34,571,2.0,2.0,2.0,2.0
2282,196,178,18,KNN,WBL4,1.7978086926264232,0.0182282215917891,0.0006947084098981,33,0.5,33,34,571,3.0,3.0,3.0,3.0
2283,196,178,18,KNN,POW4,0.5998098071623503,0.0060721840912115,6.0089524417074267e-05,33,0.5,33,34,571,1.0,1.0,1.0,1.0
2284,184,163,1,SVC_poly,LC-PFN,0.6048818118870258,0.0112198498100042,0.0001692247460596,25,0.5,25,26,572,2.0,2.0,2.0,2.0
2285,184,163,1,SVC_poly,MMF4,0.6896920647354661,0.0128194425872621,0.000251842698352,25,0.5,25,26,572,3.0,3.0,3.0,3.0
2286,184,163,1,SVC_poly,WBL4,1.3538246406602954,0.0249369159355831,0.0009633576211037,25,0.5,25,26,572,4.0,4.0,4.0,4.0
2287,184,163,1,SVC_poly,POW4,0.5155927133494829,0.0095692203721037,9.74734752653312e-05,25,0.5,25,26,572,1.0,1.0,1.0,1.0
2288,192,145,13,QDA,LC-PFN,2.564452402293682,0.0470001697540283,0.0031004885677248,25,0.5,25,22,573,3.0,3.0,3.0,3.0
2289,192,145,13,QDA,MMF4,1.7417689931189873,0.0314904521818732,0.0018889603197196,25,0.5,25,22,573,2.0,2.0,2.0,2.0
2290,192,145,13,QDA,WBL4,1.6491861073788532,0.0297612833954658,0.0017830457248824,25,0.5,25,22,573,1.0,1.0,1.0,1.0
2291,192,145,13,QDA,POW4,4.121735792904316,0.0771375421292313,0.0073270325758346,25,0.5,25,22,573,4.0,4.0,4.0,4.0
2292,187,83,2,SVC_rbf,LC-PFN,0.3509451169520616,0.0061087296344339,4.220249320496805e-05,25,0.5,25,21,574,2.0,2.0,2.0,2.0
2293,187,83,2,SVC_rbf,MMF4,0.4550068853880036,0.0079199610550127,9.973678418406204e-05,25,0.5,25,21,574,3.0,3.0,3.0,3.0
2294,187,83,2,SVC_rbf,WBL4,0.7144933715270647,0.0123864308599124,0.0002280822311859,25,0.5,25,21,574,4.0,4.0,4.0,4.0
2295,187,83,2,SVC_rbf,POW4,0.1731986124880038,0.0030202419873949,1.744614657101126e-05,25,0.5,25,21,574,1.0,1.0,1.0,1.0
2296,194,237,10,SGDClassifier,LC-PFN,0.5733487196266651,0.0106390416622161,0.0001367770601063,25,0.5,25,14,575,1.0,1.0,1.0,1.0
2297,194,237,10,SGDClassifier,MMF4,1.10069024027062,0.020327706201213,0.0005551312063818,25,0.5,25,14,575,3.0,3.0,3.0,3.0
2298,194,237,10,SGDClassifier,WBL4,1.3356740518287833,0.0245924198252353,0.000783134674847,25,0.5,25,14,575,4.0,4.0,4.0,4.0
2299,194,237,10,SGDClassifier,POW4,0.8891958748077159,0.0164634490168462,0.0003570614374056,25,0.5,25,14,575,2.0,2.0,2.0,2.0
2300,193,143,14,BernoulliNB,LC-PFN,1.2608394026756289,0.019550135359168,0.0004690020577982,25,0.5,25,13,576,3.0,3.0,3.0,3.0
2301,193,143,14,BernoulliNB,MMF4,1.180586733819727,0.0182795123660678,0.000368287756412,25,0.5,25,13,576,2.0,2.0,2.0,2.0
2302,193,143,14,BernoulliNB,WBL4,1.093456547179965,0.0169138879695057,0.0003197321465521,25,0.5,25,13,576,1.0,1.0,1.0,1.0
2303,193,143,14,BernoulliNB,POW4,2.253271777056404,0.0353356428412121,0.0014270183465731,25,0.5,25,13,576,4.0,4.0,4.0,4.0
2304,198,236,4,Decision Tree,LC-PFN,0.7370997685939074,0.0128822578117251,0.0001882704964373,27,0.5,27,28,577,1.0,1.0,1.0,1.0
2305,198,236,4,Decision Tree,MMF4,2.072774098344695,0.0357858843912476,0.0015237228798073,27,0.5,27,28,577,2.0,2.0,2.0,2.0
2306,198,236,4,Decision Tree,WBL4,2.6856086778316643,0.0460432388560738,0.0024721031344917,27,0.5,27,28,577,4.0,4.0,4.0,4.0
2307,198,236,4,Decision Tree,POW4,2.143513250346213,0.0386374904435704,0.0016191490699829,27,0.5,27,28,577,3.0,3.0,3.0,3.0
2308,197,132,19,NearestCentroid,LC-PFN,0.638823164626956,0.0112490961328148,0.0001566040591569,36,0.5,36,37,578,4.0,4.0,4.0,4.0
2309,197,132,19,NearestCentroid,MMF4,0.1017417357652648,0.0017755145729147,3.335079723245704e-06,36,0.5,36,37,578,2.0,2.0,2.0,2.0
2310,197,132,19,NearestCentroid,WBL4,0.1265135602829554,0.0022072391910847,5.0678903348117855e-06,36,0.5,36,37,578,3.0,3.0,3.0,3.0
2311,197,132,19,NearestCentroid,POW4,0.049295444294825,0.0008607675654891,8.744422085649461e-07,36,0.5,36,37,578,1.0,1.0,1.0,1.0
2312,199,209,12,LDA,LC-PFN,3.937733173370361,0.0532593801617622,0.0033964456524699,25,0.5,25,14,579,1.0,1.0,1.0,1.0
2313,199,209,12,LDA,MMF4,8.357472563132351,0.1077538882557902,0.0128347883333972,25,0.5,25,14,579,3.0,3.0,3.0,3.0
2314,199,209,12,LDA,WBL4,8.396076504339426,0.1082092379641629,0.0129331271866327,25,0.5,25,14,579,4.0,4.0,4.0,4.0
2315,199,209,12,LDA,POW4,7.565627075407745,0.0983376547976988,0.0108315368385288,25,0.5,25,14,579,2.0,2.0,2.0,2.0
2316,195,20,1,SVC_poly,LC-PFN,0.6595633458346128,0.0101640056818723,0.0001342390023637,25,0.5,25,18,580,2.0,2.0,2.0,2.0
2317,195,20,1,SVC_poly,MMF4,0.880202899018488,0.013639066840388,0.0002700029999044,25,0.5,25,18,580,3.0,3.0,3.0,3.0
2318,195,20,1,SVC_poly,WBL4,0.959139788377247,0.0148811205320297,0.0003225302005999,25,0.5,25,18,580,4.0,4.0,4.0,4.0
2319,195,20,1,SVC_poly,POW4,0.5476683168120533,0.0084392231935381,9.989143643150358e-05,25,0.5,25,18,580,1.0,1.0,1.0,1.0
2320,185,59,1,SVC_poly,LC-PFN,26.461681723594666,0.0978952273726463,0.0105228889733552,25,0.5,25,21,581,4.0,4.0,4.0,4.0
2321,185,59,1,SVC_poly,MMF4,9.731554712309444,0.0429855294424109,0.0028980285708366,25,0.5,25,21,581,2.0,2.0,2.0,2.0
2322,185,59,1,SVC_poly,WBL4,10.917845888667806,0.047461806788602,0.0033846208150409,25,0.5,25,21,581,3.0,3.0,3.0,3.0
2323,185,59,1,SVC_poly,POW4,0.8096751365106722,0.0035247242404777,1.964396164989836e-05,25,0.5,25,21,581,1.0,1.0,1.0,1.0
2324,165,190,3,SVC_sigmoid,LC-PFN,7.442891597747803,0.0704532265663147,0.0063250344246625,32,0.5,32,33,582,3.0,3.0,3.0,3.0
2325,165,190,3,SVC_sigmoid,MMF4,5.918083034615091,0.0546877862287065,0.0037257934002321,32,0.5,32,33,582,2.0,2.0,2.0,2.0
2326,165,190,3,SVC_sigmoid,WBL4,3.899432616314011,0.0350015135925534,0.0016441334809436,32,0.5,32,33,582,1.0,1.0,1.0,1.0
2327,165,190,3,SVC_sigmoid,POW4,12.335421043849836,0.1263001277866723,0.0210380798017364,32,0.5,32,33,582,4.0,4.0,4.0,4.0
2328,0,260,5,ExtraTree,LC-PFN,0.4044482950121164,0.0050664329901337,3.731471588253044e-05,63,0.7,63,28,583,3.0,3.0,3.0,3.0
2329,0,260,5,ExtraTree,MMF4,0.5023205981627414,0.0062765642146476,4.107719648376068e-05,63,0.7,63,28,583,4.0,4.0,4.0,4.0
2330,0,260,5,ExtraTree,WBL4,0.1186584754558015,0.00149058350777,2.996062670154068e-06,63,0.7,63,28,583,2.0,2.0,2.0,2.0
2331,0,260,5,ExtraTree,POW4,0.1186580457364992,0.0014905781026773,2.996043230074999e-06,63,0.7,63,28,583,1.0,1.0,1.0,1.0
2332,5,226,9,RidgeClassifier,LC-PFN,5.412233993411064,0.0535539761185646,0.0030234705191105,69,0.7,69,30,584,1.0,1.0,1.0,1.0
2333,5,226,9,RidgeClassifier,MMF4,12.051785448722349,0.1122911400641716,0.0140223656302539,69,0.7,69,30,584,3.0,3.0,3.0,3.0
2334,5,226,9,RidgeClassifier,WBL4,13.034474073671191,0.1202899002611234,0.0159136724060129,69,0.7,69,30,584,4.0,4.0,4.0,4.0
2335,5,226,9,RidgeClassifier,POW4,7.982297577850383,0.0745105311617278,0.0058133241488895,69,0.7,69,30,584,2.0,2.0,2.0,2.0
2336,8,206,19,NearestCentroid,LC-PFN,0.8313782513141632,0.0153279043734073,0.0002428392908768,51,0.7,51,23,585,4.0,4.0,4.0,4.0
2337,8,206,19,NearestCentroid,MMF4,0.0645015474567101,0.0011782805962321,1.5550492393685622e-06,51,0.7,51,23,585,1.0,1.0,1.0,1.0
2338,8,206,19,NearestCentroid,WBL4,0.1224352477650127,0.0022351934636823,5.259726553688337e-06,51,0.7,51,23,585,2.0,2.0,2.0,2.0
2339,8,206,19,NearestCentroid,POW4,0.1771639527225046,0.0032440250622993,1.087671148042669e-05,51,0.7,51,23,585,3.0,3.0,3.0,3.0
2340,12,236,7,PassiveAggressive,LC-PFN,1.5441600233316422,0.0197865199297666,0.0005523102008737,38,0.7,38,17,586,2.0,2.0,2.0,2.0
2341,12,236,7,PassiveAggressive,MMF4,2.008822312442774,0.0256768568828156,0.0008821546499091,38,0.7,38,17,586,3.0,3.0,3.0,3.0
2342,12,236,7,PassiveAggressive,WBL4,2.1986597152099825,0.0280507813876241,0.001058905072806,38,0.7,38,17,586,4.0,4.0,4.0,4.0
2343,12,236,7,PassiveAggressive,POW4,1.3209771911068438,0.0169258318307167,0.0004922672207965,38,0.7,38,17,586,1.0,1.0,1.0,1.0
2344,1,14,18,KNN,LC-PFN,0.2881817286834121,0.0056407274678349,4.233212530380115e-05,46,0.7,46,20,587,1.0,1.0,1.0,1.0
2345,1,14,18,KNN,MMF4,0.8658160344321538,0.0168290889133444,0.0002998425746723,46,0.7,46,20,587,2.0,2.0,2.0,2.0
2346,1,14,18,KNN,WBL4,1.3495030795158884,0.0260987480309656,0.0007102179064237,46,0.7,46,20,587,3.0,3.0,3.0,3.0
2347,1,14,18,KNN,POW4,1.4924266093253968,0.0287443620371047,0.0008702950144674,46,0.7,46,20,587,4.0,4.0,4.0,4.0
2348,2,157,20,ens.ExtraTrees,LC-PFN,0.3269130364060402,0.0063473246991634,4.768047801917419e-05,35,0.7,35,16,588,2.0,2.0,2.0,2.0
2349,2,157,20,ens.ExtraTrees,MMF4,0.3722187466580327,0.0071866943718947,5.916039249504201e-05,35,0.7,35,16,588,3.0,3.0,3.0,3.0
2350,2,157,20,ens.ExtraTrees,WBL4,0.4226611053815661,0.0081559408323474,7.565359285469572e-05,35,0.7,35,16,588,4.0,4.0,4.0,4.0
2351,2,157,20,ens.ExtraTrees,POW4,0.1022605306676014,0.0019810789902104,5.2216115610176336e-06,35,0.7,35,16,588,1.0,1.0,1.0,1.0
2352,14,2,6,LogisticRegression,LC-PFN,0.3139774082228541,0.0054387054406106,3.962331902584992e-05,28,0.7,28,12,589,3.0,3.0,3.0,3.0
2353,14,2,6,LogisticRegression,MMF4,0.1431320387517354,0.002474891719842,9.743293837244576e-06,28,0.7,28,12,589,2.0,2.0,2.0,2.0
2354,14,2,6,LogisticRegression,WBL4,0.1379531345803781,0.0023851861889815,8.87371455789799e-06,28,0.7,28,12,589,1.0,1.0,1.0,1.0
2355,14,2,6,LogisticRegression,POW4,0.8810165307910192,0.0153677087695433,0.0002515011238014,28,0.7,28,12,589,4.0,4.0,4.0,4.0
2356,4,162,17,GaussianNB,LC-PFN,1.0427595116198063,0.0205622389912605,0.0004232456267345,35,0.7,35,16,590,4.0,4.0,4.0,4.0
2357,4,162,17,GaussianNB,MMF4,0.0673623852793435,0.0013414875830977,2.2162926614211137e-06,35,0.7,35,16,590,1.0,1.0,1.0,1.0
2358,4,162,17,GaussianNB,WBL4,0.103634684390393,0.0020629603682528,4.720325929734605e-06,35,0.7,35,16,590,2.0,2.0,2.0,2.0
2359,4,162,17,GaussianNB,POW4,0.8832271669442054,0.0174439878247877,0.0003047572316575,35,0.7,35,16,590,3.0,3.0,3.0,3.0
2360,10,162,22,ens.GradientBoosting,LC-PFN,0.9794811718165874,0.0193020366132259,0.000373471295461,35,0.7,35,16,591,4.0,4.0,4.0,4.0
2361,10,162,22,ens.GradientBoosting,MMF4,0.1561619414935377,0.0031123576016551,9.956297209888491e-06,35,0.7,35,16,591,2.0,2.0,2.0,2.0
2362,10,162,22,ens.GradientBoosting,WBL4,0.0536763126621445,0.0010682454800361,1.5868391385207532e-06,35,0.7,35,16,591,1.0,1.0,1.0,1.0
2363,10,162,22,ens.GradientBoosting,POW4,0.8378850832274478,0.0165349435479846,0.0002743563662784,35,0.7,35,16,591,3.0,3.0,3.0,3.0
2364,3,183,19,NearestCentroid,LC-PFN,20.05922794342041,0.0630169063806533,0.0039775222539901,74,0.7,74,32,592,4.0,4.0,4.0,4.0
2365,3,183,19,NearestCentroid,MMF4,10.867180635412591,0.0369807610247144,0.0013760418678894,74,0.7,74,32,592,3.0,3.0,3.0,3.0
2366,3,183,19,NearestCentroid,WBL4,1.980754211432092,0.0073459135074347,6.241637490034778e-05,74,0.7,74,32,592,1.0,1.0,1.0,1.0
2367,3,183,19,NearestCentroid,POW4,5.681703627305069,0.0237296343139991,0.0008887237757497,74,0.7,74,32,592,2.0,2.0,2.0,2.0
2368,13,248,11,MLP,LC-PFN,0.3093383274972439,0.0051512620411813,3.109644239884801e-05,41,0.7,41,18,593,2.0,2.0,2.0,2.0
2369,13,248,11,MLP,MMF4,0.3415517612884837,0.0056972605253191,3.771329446142876e-05,41,0.7,41,18,593,3.0,3.0,3.0,3.0
2370,13,248,11,MLP,WBL4,0.4013174523657598,0.0066943006535292,5.3843242810100266e-05,41,0.7,41,18,593,4.0,4.0,4.0,4.0
2371,13,248,11,MLP,POW4,0.1121544324964011,0.0018610779855107,5.4851426382956e-06,41,0.7,41,18,593,1.0,1.0,1.0,1.0
2372,7,77,10,SGDClassifier,LC-PFN,1.1023721657693386,0.013270148076117,0.0002807995770126,32,0.7,32,14,594,4.0,4.0,4.0,4.0
2373,7,77,10,SGDClassifier,MMF4,0.91576856582715,0.0110709272866626,0.0001506410709265,32,0.7,32,14,594,1.0,1.0,1.0,1.0
2374,7,77,10,SGDClassifier,WBL4,1.091308542610657,0.0132379760400365,0.0002667917652245,32,0.7,32,14,594,3.0,3.0,3.0,3.0
2375,7,77,10,SGDClassifier,POW4,0.9192896619647766,0.0111135908034145,0.0001522836961782,32,0.7,32,14,594,2.0,2.0,2.0,2.0
2376,9,248,19,NearestCentroid,LC-PFN,0.2855073194950819,0.0045850938186049,2.5136760086752474e-05,41,0.7,41,18,595,2.0,2.0,2.0,2.0
2377,9,248,19,NearestCentroid,MMF4,0.4041781719824889,0.0064688821573172,4.421844101448863e-05,41,0.7,41,18,595,3.0,3.0,3.0,3.0
2378,9,248,19,NearestCentroid,WBL4,0.4794345332508663,0.0076675763979092,6.145586934541112e-05,41,0.7,41,18,595,4.0,4.0,4.0,4.0
2379,9,248,19,NearestCentroid,POW4,0.1135919332774153,0.0018232833626213,5.542010866630471e-06,41,0.7,41,18,595,1.0,1.0,1.0,1.0
2380,17,42,3,SVC_sigmoid,LC-PFN,2.79089380055666,0.0496006868779659,0.0025647096335887,48,0.7,48,21,596,1.0,1.0,1.0,1.0
2381,17,42,3,SVC_sigmoid,MMF4,3.6268377458576486,0.0639196514856628,0.0042040607376438,48,0.7,48,21,596,2.0,2.0,2.0,2.0
2382,17,42,3,SVC_sigmoid,WBL4,7.072403159613162,0.1207852192347297,0.0157432691566672,48,0.7,48,21,596,3.0,3.0,3.0,3.0
2383,17,42,3,SVC_sigmoid,POW4,15.07417821909431,0.2375263856627046,0.0565917902572637,48,0.7,48,21,596,4.0,4.0,4.0,4.0
2384,18,48,7,PassiveAggressive,LC-PFN,0.664273090660572,0.0102816419675946,0.0001659983390709,70,0.7,70,30,597,4.0,4.0,4.0,4.0
2385,18,48,7,PassiveAggressive,MMF4,0.5617449297558366,0.0086872862397917,0.0001163705283585,70,0.7,70,30,597,2.0,2.0,1.0,1.6666666666666667
2386,18,48,7,PassiveAggressive,WBL4,0.5495264187687291,0.0084985700632797,0.0001186905095322,70,0.7,70,30,597,1.0,1.0,2.0,1.3333333333333333
2387,18,48,7,PassiveAggressive,POW4,0.5967098204239354,0.009228861482099,0.0001250091615373,70,0.7,70,30,597,3.0,3.0,3.0,3.0
2388,20,130,1,SVC_poly,LC-PFN,0.606653094291687,0.0109259625896811,0.0001279324496863,48,0.7,48,21,598,4.0,4.0,4.0,4.0
2389,20,130,1,SVC_poly,MMF4,0.1208713186401818,0.002166427041754,6.55374883052328e-06,48,0.7,48,21,598,3.0,3.0,3.0,3.0
2390,20,130,1,SVC_poly,WBL4,0.0749841846702409,0.0013430167774915,2.349575955889807e-06,48,0.7,48,21,598,2.0,2.0,2.0,2.0
2391,20,130,1,SVC_poly,POW4,0.0323374673692718,0.0005788314837474,3.786231190784269e-07,48,0.7,48,21,598,1.0,1.0,1.0,1.0
2392,15,150,2,SVC_rbf,LC-PFN,0.1467416994273662,0.0024774770718067,9.889569810184184e-06,25,0.7,25,6,599,4.0,4.0,4.0,4.0
2393,15,150,2,SVC_rbf,MMF4,2.0930809755883218e-07,3.542137028134107e-09,1.2653213935308072e-17,25,0.7,25,6,599,1.0,1.0,1.0,1.0
2394,15,150,2,SVC_rbf,WBL4,0.0016356503142454,2.7680694471621248e-05,7.757404308598258e-10,25,0.7,25,6,599,3.0,3.0,3.0,3.0
2395,15,150,2,SVC_rbf,POW4,6.245754043795155e-06,1.0569738297568541e-07,1.1592175089491387e-14,25,0.7,25,6,599,2.0,2.0,2.0,2.0
2396,11,139,2,SVC_rbf,LC-PFN,0.5357661750167608,0.009466397576034,0.0001079560825019,35,0.7,35,15,600,4.0,4.0,4.0,4.0
2397,11,139,2,SVC_rbf,MMF4,0.469144668672322,0.0082876758499867,9.160231109809994e-05,35,0.7,35,15,600,3.0,3.0,3.0,3.0
2398,11,139,2,SVC_rbf,WBL4,0.2737119717005652,0.004820005630814,2.6395016663174557e-05,35,0.7,35,15,600,1.0,1.0,1.0,1.0
2399,11,139,2,SVC_rbf,POW4,0.2924518283195735,0.005152648584752,3.28800958856681e-05,35,0.7,35,15,600,2.0,2.0,2.0,2.0
2400,22,165,1,SVC_poly,LC-PFN,0.9261338971555232,0.0178620293736457,0.0003191223950125,92,0.7,92,40,601,4.0,4.0,4.0,4.0
2401,22,165,1,SVC_poly,MMF4,0.7311187354506224,0.0141086714140422,0.0002675905049885,92,0.7,92,40,601,3.0,3.0,3.0,3.0
2402,22,165,1,SVC_poly,WBL4,0.0004169187916047,7.96645105635152e-06,6.346434243324425e-11,92,0.7,92,40,601,1.0,1.0,1.0,1.0
2403,22,165,1,SVC_poly,POW4,0.0207608944577646,0.0003967815466975,1.5743559656060785e-07,92,0.7,92,40,601,2.0,2.0,2.0,2.0
2404,16,188,2,SVC_rbf,LC-PFN,0.5926701240241528,0.0097903758287429,0.000108847147203,45,0.7,45,20,602,4.0,4.0,4.0,4.0
2405,16,188,2,SVC_rbf,MMF4,0.4336228905126246,0.0071828495989725,6.344833062802021e-05,45,0.7,45,20,602,2.0,2.0,2.0,2.0
2406,16,188,2,SVC_rbf,WBL4,0.3057160103898731,0.0050745553818487,3.401110804425974e-05,45,0.7,45,20,602,1.0,1.0,1.0,1.0
2407,16,188,2,SVC_rbf,POW4,0.4583719855069853,0.0075902246517299,7.034881949471964e-05,45,0.7,45,20,602,3.0,3.0,3.0,3.0
2408,27,136,17,GaussianNB,LC-PFN,0.3292921930551529,0.0064471364021301,4.274124876246788e-05,53,0.7,53,24,603,3.0,3.0,3.0,3.0
2409,27,136,17,GaussianNB,MMF4,0.1737174768304552,0.0034174399564956,1.2844685269759792e-05,53,0.7,53,24,603,2.0,2.0,2.0,2.0
2410,27,136,17,GaussianNB,WBL4,0.1277323349720779,0.0025114923701665,7.430568883427205e-06,53,0.7,53,24,603,1.0,1.0,1.0,1.0
2411,27,136,17,GaussianNB,POW4,0.3683772339315602,0.007261875677098,5.463296114371243e-05,53,0.7,53,24,603,4.0,4.0,4.0,4.0
2412,19,60,6,LogisticRegression,LC-PFN,1.244998164474964,0.0245937705039978,0.0006048546638339,25,0.7,25,2,604,4.0,4.0,4.0,4.0
2413,19,60,6,LogisticRegression,MMF4,0.0432674222155429,0.0008649717236886,7.531111203842168e-07,25,0.7,25,2,604,2.0,2.0,2.0,2.0
2414,19,60,6,LogisticRegression,WBL4,0.0398095362224604,0.0007958733837665,6.344279952326569e-07,25,0.7,25,2,604,1.0,1.0,1.0,1.0
2415,19,60,6,LogisticRegression,POW4,0.6306218298270719,0.0125333982511505,0.0001570860717219,25,0.7,25,2,604,3.0,3.0,3.0,3.0
2416,26,194,6,LogisticRegression,LC-PFN,22.076699137687683,0.0904957503080368,0.0081915631890296,73,0.7,73,32,605,4.0,4.0,4.0,4.0
2417,26,194,6,LogisticRegression,MMF4,0.3715315005157553,0.0018581854523035,4.984018347480429e-06,73,0.7,73,32,605,3.0,3.0,3.0,3.0
2418,26,194,6,LogisticRegression,WBL4,0.3641983837600739,0.0018221316392924,4.882567218411594e-06,73,0.7,73,32,605,2.0,2.0,2.0,2.0
2419,26,194,6,LogisticRegression,POW4,0.2738157748610697,0.0013709067173905,2.811479915215332e-06,73,0.7,73,32,605,1.0,1.0,1.0,1.0
2420,23,157,14,BernoulliNB,LC-PFN,1.0229315608739853,0.0190375335514545,0.0003684229741338,35,0.7,35,16,606,4.0,4.0,4.0,4.0
2421,23,157,14,BernoulliNB,MMF4,7.170570290373094e-07,1.3206230067841496e-08,1.974959595106924e-16,35,0.7,35,16,606,1.0,1.0,1.0,1.0
2422,23,157,14,BernoulliNB,WBL4,0.0019596101769695,3.60913932132903e-05,1.3462587715500514e-09,35,0.7,35,16,606,3.0,3.0,3.0,3.0
2423,23,157,14,BernoulliNB,POW4,3.2245086753296894e-06,5.9386636601377336e-08,3.6933568387804505e-15,35,0.7,35,16,606,2.0,2.0,2.0,2.0
2424,28,103,7,PassiveAggressive,LC-PFN,1.1187627911567688,0.0213903822004795,0.0005267751985229,32,0.7,32,15,607,4.0,4.0,4.0,4.0
2425,28,103,7,PassiveAggressive,MMF4,0.6170997937515953,0.0116607106355498,0.0001924880948045,32,0.7,32,15,607,2.0,2.0,2.0,2.0
2426,28,103,7,PassiveAggressive,WBL4,0.9889680034026694,0.0186007089047379,0.0004350965178273,32,0.7,32,15,607,3.0,3.0,3.0,3.0
2427,28,103,7,PassiveAggressive,POW4,0.4695210186134574,0.0088814229352132,0.0001379767692119,32,0.7,32,15,607,1.0,1.0,1.0,1.0
2428,32,253,16,ComplementNB,LC-PFN,15.12296199798584,0.0771344974637031,0.0060282121412456,50,0.7,50,22,608,4.0,4.0,4.0,4.0
2429,32,253,16,ComplementNB,MMF4,0.3338445173674018,0.0019551829130493,5.556722001940725e-06,50,0.7,50,22,608,1.0,1.0,1.0,1.0
2430,32,253,16,ComplementNB,WBL4,0.8151741741200884,0.0047654309281337,2.4936278044659565e-05,50,0.7,50,22,608,3.0,3.0,3.0,3.0
2431,32,253,16,ComplementNB,POW4,0.5717888185614542,0.0033934576595714,1.5719177698934865e-05,50,0.7,50,22,608,2.0,2.0,2.0,2.0
2432,24,191,3,SVC_sigmoid,LC-PFN,5.547769740223885,0.0321767926216125,0.0021828070748597,25,0.7,25,3,609,1.0,1.0,3.0,1.6666666666666667
2433,24,191,3,SVC_sigmoid,MMF4,6.232353483586075,0.0366900182337033,0.0013552847163207,25,0.7,25,3,609,2.0,2.0,1.0,1.6666666666666667
2434,24,191,3,SVC_sigmoid,WBL4,12.19402381367746,0.0786388988524611,0.0076042613816982,25,0.7,25,3,609,4.0,4.0,4.0,4.0
2435,24,191,3,SVC_sigmoid,POW4,7.081643108235605,0.0420559221229296,0.0020857425615763,25,0.7,25,3,609,3.0,3.0,2.0,2.6666666666666665
2436,21,128,8,Perceptron,LC-PFN,0.5828430876135826,0.0114402417093515,0.0001355231506749,37,0.7,37,17,610,4.0,4.0,4.0,4.0
2437,21,128,8,Perceptron,MMF4,0.2959017802085639,0.0058258773574406,3.875848122681997e-05,37,0.7,37,17,610,2.0,2.0,2.0,2.0
2438,21,128,8,Perceptron,WBL4,0.2983011132469121,0.0058729565213748,3.930925254519928e-05,37,0.7,37,17,610,3.0,3.0,3.0,3.0
2439,21,128,8,Perceptron,POW4,0.2057158674349424,0.0040546216333776,2.0802726288115077e-05,37,0.7,37,17,610,1.0,1.0,1.0,1.0
2440,29,193,7,PassiveAggressive,LC-PFN,13.050775229930878,0.030071398243308,0.0009047854691743,78,0.7,78,34,611,4.0,4.0,4.0,4.0
2441,29,193,7,PassiveAggressive,MMF4,0.226903072152852,0.0004547494379862,3.8674305677521387e-07,78,0.7,78,34,611,3.0,3.0,3.0,3.0
2442,29,193,7,PassiveAggressive,WBL4,0.2184853552407945,0.0004379064859714,3.5765171023523205e-07,78,0.7,78,34,611,2.0,2.0,1.0,1.6666666666666667
2443,29,193,7,PassiveAggressive,POW4,0.2184853550666885,0.0004379064856226,3.5765171024498865e-07,78,0.7,78,34,611,1.0,1.0,2.0,1.3333333333333333
2444,25,258,14,BernoulliNB,LC-PFN,0.2386663574725389,0.0032491560559719,1.3496291103365364e-05,89,0.7,89,39,612,4.0,4.0,4.0,4.0
2445,25,258,14,BernoulliNB,MMF4,0.075342127765565,0.001024611481913,1.064867821471368e-06,89,0.7,89,39,612,2.0,2.0,2.0,2.0
2446,25,258,14,BernoulliNB,WBL4,0.0386567650468801,0.0005255125728321,2.907250028232648e-07,89,0.7,89,39,612,1.0,1.0,1.0,1.0
2447,25,258,14,BernoulliNB,POW4,0.1216523673776153,0.0016551791347177,2.7560943398067625e-06,89,0.7,89,39,612,3.0,3.0,3.0,3.0
2448,34,254,1,SVC_poly,LC-PFN,3.583180904388428,0.0372211933135986,0.0014142487198114,65,0.7,65,28,613,4.0,4.0,4.0,4.0
2449,34,254,1,SVC_poly,MMF4,0.7511545983645623,0.008206676220391,7.570338738649295e-05,65,0.7,65,28,613,2.0,2.0,2.0,2.0
2450,34,254,1,SVC_poly,WBL4,0.1759089629415216,0.0018852962352355,4.581105981598837e-06,65,0.7,65,28,613,1.0,1.0,1.0,1.0
2451,34,254,1,SVC_poly,POW4,0.7707063774506685,0.0084593898393355,8.736303106702268e-05,65,0.7,65,28,613,3.0,3.0,3.0,3.0
2452,36,72,13,QDA,LC-PFN,1.5707464888691902,0.018748415634036,0.0004897632170468,53,0.7,53,23,614,1.0,1.0,1.0,1.0
2453,36,72,13,QDA,MMF4,7.331401715706464,0.0933543686818691,0.0088729585861875,53,0.7,53,23,614,3.0,3.0,3.0,3.0
2454,36,72,13,QDA,WBL4,6.896666558645026,0.0874000925641064,0.0077939832459594,53,0.7,53,23,614,2.0,2.0,2.0,2.0
2455,36,72,13,QDA,POW4,8.255756803380649,0.1062161967629406,0.0115103596437677,53,0.7,53,23,614,4.0,4.0,4.0,4.0
2456,30,20,11,MLP,LC-PFN,0.8724787272512913,0.0118685364723205,0.0002581981825642,30,0.7,30,13,615,4.0,4.0,4.0,4.0
2457,30,20,11,MLP,MMF4,0.8136421523390348,0.0110335908237561,0.0002227407928431,30,0.7,30,13,615,2.0,2.0,2.0,2.0
2458,30,20,11,MLP,WBL4,0.7033865177600496,0.0095168462584566,0.0001868524585636,30,0.7,30,13,615,1.0,1.0,1.0,1.0
2459,30,20,11,MLP,POW4,0.8441346836178247,0.0114539503871861,0.0002328566108531,30,0.7,30,13,615,3.0,3.0,3.0,3.0
2460,42,127,5,ExtraTree,LC-PFN,1.310230139642954,0.0251419264823198,0.0006368896574713,47,0.7,47,21,616,4.0,4.0,4.0,4.0
2461,42,127,5,ExtraTree,MMF4,0.4358700768601767,0.0082228197509104,7.235408703844942e-05,47,0.7,47,21,616,2.0,2.0,2.0,2.0
2462,42,127,5,ExtraTree,WBL4,0.601090745665565,0.0113202356650408,0.000134770627674,47,0.7,47,21,616,3.0,3.0,3.0,3.0
2463,42,127,5,ExtraTree,POW4,0.4147260370142994,0.007825655688974,6.579832908331834e-05,47,0.7,47,21,616,1.0,1.0,1.0,1.0
2464,35,98,6,LogisticRegression,LC-PFN,0.2271413337439298,0.0038560715038329,2.0969577235518955e-05,47,0.7,47,21,617,2.0,2.0,3.0,2.3333333333333335
2465,35,98,6,LogisticRegression,MMF4,0.1511798161773509,0.0025696753852667,8.428582391739873e-06,47,0.7,47,21,617,1.0,1.0,1.0,1.0
2466,35,98,6,LogisticRegression,WBL4,0.2300994203770688,0.0039074136039551,1.789462554968408e-05,47,0.7,47,21,617,3.0,3.0,2.0,2.6666666666666665
2467,35,98,6,LogisticRegression,POW4,1.0193195274025633,0.017530206721117,0.0003212378408454,47,0.7,47,21,617,4.0,4.0,4.0,4.0
2468,38,179,9,RidgeClassifier,LC-PFN,0.2593521028757095,0.0050447373650968,2.612451498862356e-05,53,0.7,53,23,618,2.0,2.0,2.0,2.0
2469,38,179,9,RidgeClassifier,MMF4,0.0532418689923152,0.0010329876000478,1.36091559850695e-06,53,0.7,53,23,618,1.0,1.0,1.0,1.0
2470,38,179,9,RidgeClassifier,WBL4,0.5286613258748102,0.0102046923833078,0.0001056368622186,53,0.7,53,23,618,4.0,4.0,3.0,3.6666666666666665
2471,38,179,9,RidgeClassifier,POW4,0.4936528782999571,0.0094998821685485,0.0001427547713034,53,0.7,53,23,618,3.0,3.0,4.0,3.3333333333333335
2472,43,66,12,LDA,LC-PFN,1.8573006615042689,0.0225416589528322,0.0005830270820297,32,0.7,32,14,619,1.0,1.0,2.0,1.3333333333333333
2473,43,66,12,LDA,MMF4,1.8807810775668516,0.0226869037417156,0.0005478425162561,32,0.7,32,14,619,2.0,2.0,1.0,1.6666666666666667
2474,43,66,12,LDA,WBL4,1.9854187633679177,0.0241317602259812,0.0008588533326675,32,0.7,32,14,619,3.0,3.0,4.0,3.3333333333333335
2475,43,66,12,LDA,POW4,2.111431552870421,0.0254103844385179,0.0006769331228308,32,0.7,32,14,619,4.0,4.0,3.0,3.6666666666666665
2476,37,130,11,MLP,LC-PFN,1.2924004346132278,0.0210746526718139,0.0007696539978496,48,0.7,48,21,620,1.0,1.0,1.0,1.0
2477,37,130,11,MLP,MMF4,2.473906171225332,0.0400997246949021,0.0019672299729286,48,0.7,48,21,620,4.0,4.0,4.0,4.0
2478,37,130,11,MLP,WBL4,1.8235401954789476,0.0297294051242,0.0011873350442748,48,0.7,48,21,620,3.0,3.0,3.0,3.0
2479,37,130,11,MLP,POW4,1.8235401949310568,0.0297294051153806,0.0011873350436577,48,0.7,48,21,620,2.0,2.0,2.0,2.0
2480,31,44,15,MultinomialNB,LC-PFN,0.7573804352432489,0.0118784205988049,0.0001448557450203,25,0.7,25,6,621,4.0,4.0,4.0,4.0
2481,31,44,15,MultinomialNB,MMF4,0.2224359845904667,0.0035103357574748,1.6798047180048443e-05,25,0.7,25,6,621,1.0,1.0,1.0,1.0
2482,31,44,15,MultinomialNB,WBL4,0.3440815905426167,0.0054218905480576,3.51061105442291e-05,25,0.7,25,6,621,3.0,3.0,3.0,3.0
2483,31,44,15,MultinomialNB,POW4,0.2426220324103253,0.0038278908000837,1.928351989750377e-05,25,0.7,25,6,621,2.0,2.0,2.0,2.0
2484,41,110,15,MultinomialNB,LC-PFN,0.3766704117879271,0.0057604135945439,4.213120337226428e-05,37,0.7,37,17,622,4.0,4.0,4.0,4.0
2485,41,110,15,MultinomialNB,MMF4,1.092779547746911e-07,1.663453309737573e-09,2.7898142865795013e-18,37,0.7,37,17,622,2.0,2.0,2.0,2.0
2486,41,110,15,MultinomialNB,WBL4,0.0003977693180164,6.054957854570605e-06,3.7907365041470033e-11,37,0.7,37,17,622,3.0,3.0,3.0,3.0
2487,41,110,15,MultinomialNB,POW4,8.895235804168277e-08,1.3540525628845801e-09,2.4103000653428835e-18,37,0.7,37,17,622,1.0,1.0,1.0,1.0
2488,44,243,22,ens.GradientBoosting,LC-PFN,0.3355083288624882,0.004961556289345,3.1800584110897034e-05,46,0.7,46,20,623,2.0,2.0,2.0,2.0
2489,44,243,22,ens.GradientBoosting,MMF4,1.5698102114822512,0.0228908741589468,0.0006191907041914,46,0.7,46,20,623,3.0,3.0,3.0,3.0
2490,44,243,22,ens.GradientBoosting,WBL4,1.8732739000363567,0.0272214222846183,0.0008464764850131,46,0.7,46,20,623,4.0,4.0,4.0,4.0
2491,44,243,22,ens.GradientBoosting,POW4,0.3240919930805422,0.0047710058259242,3.1465434396563064e-05,46,0.7,46,20,623,1.0,1.0,1.0,1.0
2492,45,251,10,SGDClassifier,LC-PFN,2.1084649488329887,0.0359614752233028,0.0015982311451807,50,0.7,50,22,624,4.0,4.0,4.0,4.0
2493,45,251,10,SGDClassifier,MMF4,1.4230443208731929,0.024488954077155,0.0007683093174016,50,0.7,50,22,624,3.0,3.0,3.0,3.0
2494,45,251,10,SGDClassifier,WBL4,1.3911643553767905,0.0239653418878926,0.0007590752097781,50,0.7,50,22,624,2.0,2.0,2.0,2.0
2495,45,251,10,SGDClassifier,POW4,0.8787694432443132,0.0152260703178976,0.0003006168281214,50,0.7,50,22,624,1.0,1.0,1.0,1.0
2496,40,111,19,NearestCentroid,LC-PFN,1.5845734626054764,0.0201838351786136,0.0004143271944485,32,0.7,32,14,625,4.0,4.0,3.0,3.6666666666666665
2497,40,111,19,NearestCentroid,MMF4,1.2990255244333302,0.0166403591762474,0.0003448697117122,32,0.7,32,14,625,2.0,2.0,2.0,2.0
2498,40,111,19,NearestCentroid,WBL4,1.5155704220474129,0.019363305348425,0.0004552647000007,32,0.7,32,14,625,3.0,3.0,4.0,3.3333333333333335
2499,40,111,19,NearestCentroid,POW4,0.9161361016261844,0.0117946235879432,0.000186054225489,32,0.7,32,14,625,1.0,1.0,1.0,1.0
2500,46,10,6,LogisticRegression,LC-PFN,1.0826759971678257,0.0172127038240432,0.0003376819659024,37,0.7,37,17,626,1.0,1.0,1.0,1.0
2501,46,10,6,LogisticRegression,MMF4,2.3798998626832395,0.0372965526746221,0.0014871104519693,37,0.7,37,17,626,3.0,3.0,3.0,3.0
2502,46,10,6,LogisticRegression,WBL4,2.6023000757775607,0.0406932434615966,0.0017926443732103,37,0.7,37,17,626,4.0,4.0,4.0,4.0
2503,46,10,6,LogisticRegression,POW4,1.6953661336964825,0.0267547889355935,0.0007628680211055,37,0.7,37,17,626,2.0,2.0,2.0,2.0
2504,50,238,16,ComplementNB,LC-PFN,2.151070348918438,0.0255593713372945,0.0006603912916034,66,0.7,66,29,627,4.0,4.0,4.0,4.0
2505,50,238,16,ComplementNB,MMF4,0.3347181736726536,0.0040520686808349,2.305112137796245e-05,66,0.7,66,29,627,1.0,1.0,1.0,1.0
2506,50,238,16,ComplementNB,WBL4,0.4677732340524148,0.005661387297796,3.7609708712351126e-05,66,0.7,66,29,627,2.0,2.0,2.0,2.0
2507,50,238,16,ComplementNB,POW4,1.1215917364705337,0.0137547763599109,0.0001973248454955,66,0.7,66,29,627,3.0,3.0,3.0,3.0
2508,48,71,12,LDA,LC-PFN,1.50853144004941,0.0289443582296371,0.0008420585654675,43,0.7,43,19,628,4.0,4.0,4.0,4.0
2509,48,71,12,LDA,MMF4,0.5309759756387462,0.0100897094440115,0.0001157716767538,43,0.7,43,19,628,2.0,2.0,2.0,2.0
2510,48,71,12,LDA,WBL4,0.3115206277736319,0.0059047093277589,4.060108333156587e-05,43,0.7,43,19,628,1.0,1.0,1.0,1.0
2511,48,71,12,LDA,POW4,0.5581061050129399,0.0106085057232111,0.0001277842797045,43,0.7,43,19,628,3.0,3.0,3.0,3.0
2512,51,2,9,RidgeClassifier,LC-PFN,0.3625448094680905,0.0062833330594003,7.426374941132963e-05,28,0.7,28,12,629,3.0,3.0,3.0,3.0
2513,51,2,9,RidgeClassifier,MMF4,0.1471810722423159,0.0025395186537928,1.293089473840393e-05,28,0.7,28,12,629,2.0,2.0,2.0,2.0
2514,51,2,9,RidgeClassifier,WBL4,0.1322244854000414,0.0022808174168324,8.4730891829549e-06,28,0.7,28,12,629,1.0,1.0,1.0,1.0
2515,51,2,9,RidgeClassifier,POW4,0.6229791346023982,0.0108149707453282,0.0001311185934304,28,0.7,28,12,629,4.0,4.0,4.0,4.0
2516,39,47,18,KNN,LC-PFN,3.1309720128774643,0.0359634421765804,0.0014109888579696,89,0.7,89,39,630,4.0,4.0,4.0,4.0
2517,39,47,18,KNN,MMF4,0.4682232372292459,0.00555838835829,4.075860089689412e-05,89,0.7,89,39,630,2.0,2.0,2.0,2.0
2518,39,47,18,KNN,WBL4,0.4445320369875709,0.0052784072282673,3.670469706162876e-05,89,0.7,89,39,630,1.0,1.0,1.0,1.0
2519,39,47,18,KNN,POW4,0.8903413235104525,0.0105065220492793,0.0001394398476848,89,0.7,89,39,630,3.0,3.0,3.0,3.0
2520,49,34,14,BernoulliNB,LC-PFN,0.4938060417771339,0.0068737440742552,6.516429129987955e-05,46,0.7,46,21,631,4.0,4.0,4.0,4.0
2521,49,34,14,BernoulliNB,MMF4,0.2804498777367797,0.0038714945908223,1.5971027031415927e-05,46,0.7,46,21,631,2.0,2.0,2.0,2.0
2522,49,34,14,BernoulliNB,WBL4,0.3841183134995414,0.0052968622977583,2.902634916952068e-05,46,0.7,46,21,631,3.0,3.0,3.0,3.0
2523,49,34,14,BernoulliNB,POW4,0.1238485903011368,0.001715720881922,4.046715801871386e-06,46,0.7,46,21,631,1.0,1.0,1.0,1.0
2524,47,141,8,Perceptron,LC-PFN,2.312176115810871,0.0286662559956312,0.0014379781205207,51,0.7,51,22,632,1.0,1.0,1.0,1.0
2525,47,141,8,Perceptron,MMF4,2.675864598227125,0.033353646474985,0.0017211750657849,51,0.7,51,22,632,2.0,2.0,2.0,2.0
2526,47,141,8,Perceptron,WBL4,3.2743990296612715,0.0400540000579831,0.0024984276071522,51,0.7,51,22,632,4.0,4.0,4.0,4.0
2527,47,141,8,Perceptron,POW4,3.121288609804438,0.0382667300208748,0.0023386758511367,51,0.7,51,22,632,3.0,3.0,3.0,3.0
2528,52,252,1,SVC_poly,LC-PFN,32.06135332584381,0.2347042709589004,0.0631787329912185,49,0.7,49,21,633,4.0,4.0,4.0,4.0
2529,52,252,1,SVC_poly,MMF4,15.913368705914548,0.1373132913560553,0.0254922118304653,49,0.7,49,21,633,2.0,2.0,2.0,2.0
2530,52,252,1,SVC_poly,WBL4,15.721067696286436,0.1359255787471399,0.0249790906633083,49,0.7,49,21,633,1.0,1.0,1.0,1.0
2531,52,252,1,SVC_poly,POW4,17.888981403712812,0.1511223825095025,0.0305945470603231,49,0.7,49,21,633,3.0,3.0,3.0,3.0
2532,57,97,6,LogisticRegression,LC-PFN,0.5703081842511892,0.008665177039802,9.987783414544538e-05,54,0.7,54,24,634,4.0,4.0,4.0,4.0
2533,57,97,6,LogisticRegression,MMF4,0.090444728896836,0.0013629933169788,2.079364773033534e-06,54,0.7,54,24,634,1.0,1.0,1.0,1.0
2534,57,97,6,LogisticRegression,WBL4,0.1757147379217093,0.0026456220297404,7.207655853372287e-06,54,0.7,54,24,634,2.0,2.0,2.0,2.0
2535,57,97,6,LogisticRegression,POW4,0.3876487324821462,0.0058696717321902,3.5853344895371625e-05,54,0.7,54,24,634,3.0,3.0,3.0,3.0
2536,59,141,11,MLP,LC-PFN,1.9502097740769384,0.0288522969931364,0.0013682995922863,51,0.7,51,22,635,3.0,3.0,3.0,3.0
2537,59,141,11,MLP,MMF4,1.426249560789002,0.020879948971624,0.0007528879737251,51,0.7,51,22,635,1.0,1.0,2.0,1.3333333333333333
2538,59,141,11,MLP,WBL4,1.4907473183564546,0.0218227364371663,0.0006858701640326,51,0.7,51,22,635,2.0,2.0,1.0,1.6666666666666667
2539,59,141,11,MLP,POW4,4.315267551573214,0.0663249831089943,0.0057030629784127,51,0.7,51,22,635,4.0,4.0,4.0,4.0
2540,53,163,2,SVC_rbf,LC-PFN,0.9395552799105644,0.0180348344147205,0.0003592367283999,35,0.7,35,16,636,3.0,3.0,3.0,3.0
2541,53,163,2,SVC_rbf,MMF4,0.4933004393345367,0.00937508840312,0.0001203834166545,35,0.7,35,16,636,1.0,1.0,1.0,1.0
2542,53,163,2,SVC_rbf,WBL4,1.0387966024729234,0.0196084607473377,0.0004396678476227,35,0.7,35,16,636,4.0,4.0,4.0,4.0
2543,53,163,2,SVC_rbf,POW4,0.763344694108997,0.0143782732631522,0.000230361701467,35,0.7,35,16,636,2.0,2.0,2.0,2.0
2544,54,227,6,LogisticRegression,LC-PFN,16.221825778484344,0.1060172170400619,0.01129194162786,65,0.7,65,28,637,4.0,4.0,4.0,4.0
2545,54,227,6,LogisticRegression,MMF4,2.867758337615942,0.0208783605327436,0.0004793501774928,65,0.7,65,28,637,2.0,2.0,2.0,2.0
2546,54,227,6,LogisticRegression,WBL4,2.7616432069527623,0.0200828549519095,0.0004530779926751,65,0.7,65,28,637,1.0,1.0,1.0,1.0
2547,54,227,6,LogisticRegression,POW4,5.635503044957031,0.0405888598198235,0.0016771029691965,65,0.7,65,28,637,3.0,3.0,3.0,3.0
2548,58,221,0,SVC_linear,LC-PFN,0.110154238063842,0.0016405383357778,3.2404241210315377e-06,32,0.7,32,15,638,1.0,1.0,1.0,1.0
2549,58,221,0,SVC_linear,MMF4,0.8631429138191944,0.0127702914701014,0.0001859999977875,32,0.7,32,15,638,3.0,3.0,3.0,3.0
2550,58,221,0,SVC_linear,WBL4,1.024488432499974,0.0151299420988677,0.0002590312012781,32,0.7,32,15,638,4.0,4.0,4.0,4.0
2551,58,221,0,SVC_linear,POW4,0.5640671627992551,0.008376150924404,8.66397093440498e-05,32,0.7,32,15,638,2.0,2.0,2.0,2.0
2552,55,137,15,MultinomialNB,LC-PFN,0.2426019171252846,0.0039136940613389,2.0675317500717935e-05,42,0.7,42,18,639,1.0,1.0,1.0,1.0
2553,55,137,15,MultinomialNB,MMF4,0.3274287429784792,0.0052899754400956,3.048304894610513e-05,42,0.7,42,18,639,2.0,2.0,2.0,2.0
2554,55,137,15,MultinomialNB,WBL4,0.6699069814167172,0.0107912309465317,0.0001258386710893,42,0.7,42,18,639,3.0,3.0,3.0,3.0
2555,55,137,15,MultinomialNB,POW4,1.7899142047794574,0.0296150940714565,0.0009544403444835,42,0.7,42,18,639,4.0,4.0,4.0,4.0
2556,61,135,18,KNN,LC-PFN,0.6330396980047226,0.0122426701709628,0.0001644724543439,53,0.7,53,24,640,4.0,4.0,4.0,4.0
2557,61,135,18,KNN,MMF4,0.2815081879724559,0.0054071017233385,3.9950721716903216e-05,53,0.7,53,24,640,2.0,2.0,2.0,2.0
2558,61,135,18,KNN,WBL4,0.3910847128163811,0.0075007371215485,7.304818534562174e-05,53,0.7,53,24,640,3.0,3.0,3.0,3.0
2559,61,135,18,KNN,POW4,0.0812949098220962,0.0015655984485512,3.5138372793051758e-06,53,0.7,53,24,640,1.0,1.0,1.0,1.0
2560,60,251,0,SVC_linear,LC-PFN,2.532766386866569,0.0441474393010139,0.0025217905640602,50,0.7,50,22,641,4.0,4.0,4.0,4.0
2561,60,251,0,SVC_linear,MMF4,1.729032406893256,0.0304078192157897,0.0011541008671798,50,0.7,50,22,641,3.0,3.0,3.0,3.0
2562,60,251,0,SVC_linear,WBL4,1.585875199136845,0.027955148515044,0.0009962157590364,50,0.7,50,22,641,1.0,1.0,1.0,1.0
2563,60,251,0,SVC_linear,POW4,1.675574376800074,0.0294496342138701,0.0010404519689164,50,0.7,50,22,641,2.0,2.0,2.0,2.0
2564,56,235,0,SVC_linear,LC-PFN,2.3029793053865437,0.0409146435558795,0.0022324400488287,44,0.7,44,20,642,4.0,4.0,4.0,4.0
2565,56,235,0,SVC_linear,MMF4,1.5372949053111424,0.0270556307874694,0.0010324351975614,44,0.7,44,20,642,1.0,1.0,1.0,1.0
2566,56,235,0,SVC_linear,WBL4,1.546486961138713,0.0272175624054438,0.0010349245437465,44,0.7,44,20,642,2.0,2.0,2.0,2.0
2567,56,235,0,SVC_linear,POW4,1.5548387475055463,0.0273648272055875,0.0010379808766438,44,0.7,44,20,642,3.0,3.0,3.0,3.0
2568,63,183,6,LogisticRegression,LC-PFN,8.921602368354797,0.0643315315246582,0.0041889352723956,74,0.7,74,32,643,4.0,4.0,4.0,4.0
2569,63,183,6,LogisticRegression,MMF4,0.0948455828615475,0.0007451145432328,6.406248008033619e-07,74,0.7,74,32,643,1.0,1.0,1.0,1.0
2570,63,183,6,LogisticRegression,WBL4,0.4726174376706454,0.0036988660792177,1.3791630942514408e-05,74,0.7,74,32,643,2.0,2.0,2.0,2.0
2571,63,183,6,LogisticRegression,POW4,1.054038775812349,0.00837952886499,7.250234043237153e-05,74,0.7,74,32,643,3.0,3.0,3.0,3.0
2572,62,39,6,LogisticRegression,LC-PFN,3.0647046864032745,0.0369321443140506,0.0014475777279585,72,0.7,72,31,644,1.0,1.0,1.0,1.0
2573,62,39,6,LogisticRegression,MMF4,4.549278858121557,0.0540078265177769,0.003112357820933,72,0.7,72,31,644,4.0,4.0,4.0,4.0
2574,62,39,6,LogisticRegression,WBL4,3.40908117332504,0.0409562079639951,0.0018713630301765,72,0.7,72,31,644,3.0,3.0,3.0,3.0
2575,62,39,6,LogisticRegression,POW4,3.40908116713326,0.040956207892369,0.0018713630255264,72,0.7,72,31,644,2.0,2.0,2.0,2.0
2576,65,68,8,Perceptron,LC-PFN,1.3945545069873333,0.0230390634387731,0.0007294099777936,53,0.7,53,24,645,3.0,3.0,2.0,2.6666666666666665
2577,65,68,8,Perceptron,MMF4,1.385496040206024,0.0229052581081644,0.000733791474488,53,0.7,53,24,645,2.0,2.0,3.0,2.3333333333333335
2578,65,68,8,Perceptron,WBL4,1.5583031871339164,0.025705309406704,0.0009164457336736,53,0.7,53,24,645,4.0,4.0,4.0,4.0
2579,65,68,8,Perceptron,POW4,1.0493683302982837,0.017405384236238,0.0004296315874951,53,0.7,53,24,645,1.0,1.0,1.0,1.0
2580,70,134,0,SVC_linear,LC-PFN,1.534944586455822,0.0283595137298107,0.0010693246731534,45,0.7,45,20,646,3.0,3.0,3.0,3.0
2581,70,134,0,SVC_linear,MMF4,1.6146717257622536,0.0291490999227239,0.0010951688579969,45,0.7,45,20,646,4.0,4.0,4.0,4.0
2582,70,134,0,SVC_linear,WBL4,1.325625243792801,0.0240230140203097,0.0008226065788857,45,0.7,45,20,646,2.0,2.0,2.0,2.0
2583,70,134,0,SVC_linear,POW4,1.325623889441542,0.0240229899330866,0.0008226054215908,45,0.7,45,20,646,1.0,1.0,1.0,1.0
2584,71,88,19,NearestCentroid,LC-PFN,0.2338426420465111,0.0038132071495056,2.2049633116694167e-05,49,0.7,49,21,647,3.0,2.0,3.0,2.6666666666666665
2585,71,88,19,NearestCentroid,MMF4,0.2323262159864039,0.0038185122333165,1.6114903292011494e-05,49,0.7,49,21,647,2.0,3.0,2.0,2.3333333333333335
2586,71,88,19,NearestCentroid,WBL4,0.0633827858225217,0.0010392169745804,1.634745102173689e-06,49,0.7,49,21,647,1.0,1.0,1.0,1.0
2587,71,88,19,NearestCentroid,POW4,0.2818833860693401,0.0046358986637915,2.3758299838851707e-05,49,0.7,49,21,647,4.0,4.0,4.0,4.0
2588,76,91,9,RidgeClassifier,LC-PFN,0.2221039030700922,0.0037363148294389,1.834087015595287e-05,56,0.7,56,25,648,3.0,3.0,4.0,3.3333333333333335
2589,76,91,9,RidgeClassifier,MMF4,0.1008533792390916,0.0016965226016425,3.046184934862257e-06,56,0.7,56,25,648,2.0,2.0,2.0,2.0
2590,76,91,9,RidgeClassifier,WBL4,0.2245204995192427,0.0037719866824749,1.451234248153912e-05,56,0.7,56,25,648,4.0,4.0,3.0,3.6666666666666665
2591,76,91,9,RidgeClassifier,POW4,0.0172845639008603,0.0002910226589226,1.1181818198070636e-07,56,0.7,56,25,648,1.0,1.0,1.0,1.0
2592,66,96,4,Decision Tree,LC-PFN,1.3492158614099026,0.0210660994052886,0.0005907822633162,32,0.7,32,14,649,4.0,4.0,4.0,4.0
2593,66,96,4,Decision Tree,MMF4,0.6719196367034918,0.0105181128001533,0.0001570211688404,32,0.7,32,14,649,2.0,2.0,2.0,2.0
2594,66,96,4,Decision Tree,WBL4,0.5783845933475672,0.0090437788212244,0.0001253393138749,32,0.7,32,14,649,1.0,1.0,1.0,1.0
2595,66,96,4,Decision Tree,POW4,0.9393853481844908,0.0147029897116577,0.0002811933045221,32,0.7,32,14,649,3.0,3.0,3.0,3.0
2596,64,72,8,Perceptron,LC-PFN,6.1865027993917465,0.0661053359508514,0.0050340578891336,53,0.7,53,23,650,4.0,4.0,4.0,4.0
2597,64,72,8,Perceptron,MMF4,3.840735044759021,0.0423865970339735,0.0028072998446744,53,0.7,53,23,650,3.0,3.0,3.0,3.0
2598,64,72,8,Perceptron,WBL4,3.6013273665383565,0.0398819841300298,0.0024950139417841,53,0.7,53,23,650,1.0,1.0,1.0,1.0
2599,64,72,8,Perceptron,POW4,3.8169798650794338,0.0421383081269045,0.0027696499545627,53,0.7,53,23,650,2.0,2.0,2.0,2.0
2600,68,209,11,MLP,LC-PFN,2.6607489213347435,0.026398055255413,0.0008280626498162,27,0.7,27,12,651,4.0,4.0,4.0,4.0
2601,68,209,11,MLP,MMF4,1.7044860151917962,0.017160686656817,0.0004246956151458,27,0.7,27,12,651,3.0,3.0,3.0,3.0
2602,68,209,11,MLP,WBL4,1.3774295211903451,0.0139304610661765,0.0002780311584243,27,0.7,27,12,651,1.0,1.0,1.0,1.0
2603,68,209,11,MLP,POW4,1.3774295219133428,0.0139304610733569,0.0002780311587153,27,0.7,27,12,651,2.0,2.0,2.0,2.0
2604,73,168,8,Perceptron,LC-PFN,1.2368591502308846,0.024434957653284,0.0005970683414489,89,0.7,89,39,652,4.0,4.0,4.0,4.0
2605,73,168,8,Perceptron,MMF4,5.2397829665036587e-11,1.0479565932979102e-12,5.6431930457767696e-24,89,0.7,89,39,652,2.0,2.0,2.0,2.0
2606,73,168,8,Perceptron,WBL4,1.2506662372403946e-11,2.5013324744804777e-13,6.25666414789063e-26,89,0.7,89,39,652,1.0,1.0,1.0,1.0
2607,73,168,8,Perceptron,POW4,1.418681081401392e-05,2.8373612182282415e-07,1.889148254877371e-13,89,0.7,89,39,652,3.0,3.0,3.0,3.0
2608,78,141,6,LogisticRegression,LC-PFN,0.292005855590105,0.0046249302104115,4.096710108569823e-05,51,0.7,51,22,653,2.0,2.0,3.0,2.3333333333333335
2609,78,141,6,LogisticRegression,MMF4,0.3484300987683646,0.0055482797793156,4.031089000908666e-05,51,0.7,51,22,653,3.0,3.0,2.0,2.6666666666666665
2610,78,141,6,LogisticRegression,WBL4,0.2543186453025595,0.0040449614478574,2.5262630635951476e-05,51,0.7,51,22,653,1.0,1.0,1.0,1.0
2611,78,141,6,LogisticRegression,POW4,0.4649141782949042,0.0074138369051109,6.58305536576488e-05,51,0.7,51,22,653,4.0,4.0,4.0,4.0
2612,69,203,7,PassiveAggressive,LC-PFN,0.2517330227419734,0.0035382665228098,1.7208918507094495e-05,42,0.7,42,19,654,1.0,1.0,1.0,1.0
2613,69,203,7,PassiveAggressive,MMF4,0.536841082955593,0.0075952690009021,7.510188936494566e-05,42,0.7,42,19,654,3.0,3.0,3.0,3.0
2614,69,203,7,PassiveAggressive,WBL4,0.397141584060572,0.0055991607687408,4.544042177124952e-05,42,0.7,42,19,654,2.0,2.0,2.0,2.0
2615,69,203,7,PassiveAggressive,POW4,0.6042119010073647,0.008560295787933,9.300654896105546e-05,42,0.7,42,19,654,4.0,4.0,4.0,4.0
2616,77,221,4,Decision Tree,LC-PFN,0.1802340149879455,0.0026146492455154,9.730240890348796e-06,32,0.7,32,15,655,1.0,1.0,1.0,1.0
2617,77,221,4,Decision Tree,MMF4,0.6365035252429831,0.0091910339189393,0.0001115340313842,32,0.7,32,15,655,3.0,3.0,3.0,3.0
2618,77,221,4,Decision Tree,WBL4,0.7662078750563295,0.0110455823318099,0.0001520867813248,32,0.7,32,15,655,4.0,4.0,4.0,4.0
2619,77,221,4,Decision Tree,POW4,0.2982036966153326,0.0043244628151078,2.4014135249832707e-05,32,0.7,32,15,655,2.0,2.0,2.0,2.0
2620,74,133,21,ens.RandomForest,LC-PFN,0.4322470631450414,0.0083289919421076,0.0001066862605512,37,0.7,37,17,656,2.0,2.0,2.0,2.0
2621,74,133,21,ens.RandomForest,MMF4,0.1185484261131908,0.0022952153786758,6.897466200121492e-06,37,0.7,37,17,656,1.0,1.0,1.0,1.0
2622,74,133,21,ens.RandomForest,WBL4,1.5794725593765422,0.03007667655125,0.0010309569213102,37,0.7,37,17,656,4.0,4.0,4.0,4.0
2623,74,133,21,ens.RandomForest,POW4,0.9396757475789868,0.0179949112714408,0.0003348079004077,37,0.7,37,17,656,3.0,3.0,3.0,3.0
2624,67,11,9,RidgeClassifier,LC-PFN,1.4113699086010456,0.0142870368435978,0.0002448633313179,35,0.7,35,15,657,1.0,1.0,1.0,1.0
2625,67,11,9,RidgeClassifier,MMF4,1.6102280791689307,0.016984145824126,0.0003760843322107,35,0.7,35,15,657,2.0,2.0,2.0,2.0
2626,67,11,9,RidgeClassifier,WBL4,1.7740253077389856,0.0187516469416667,0.0004553716267061,35,0.7,35,15,657,4.0,4.0,4.0,4.0
2627,67,11,9,RidgeClassifier,POW4,1.637072731851148,0.0172814321101914,0.0003953393476824,35,0.7,35,15,657,3.0,3.0,3.0,3.0
2628,75,89,7,PassiveAggressive,LC-PFN,1.395538356155157,0.0213267803192138,0.0006289006560109,50,0.7,50,22,658,4.0,4.0,4.0,4.0
2629,75,89,7,PassiveAggressive,MMF4,1.1730005546393796,0.0179463228827341,0.000424310652475,50,0.7,50,22,658,2.0,1.0,1.0,1.3333333333333333
2630,75,89,7,PassiveAggressive,WBL4,1.172998494251627,0.0179463243873979,0.0004278029519992,50,0.7,50,22,658,1.0,2.0,2.0,1.6666666666666667
2631,75,89,7,PassiveAggressive,POW4,1.3006108469462774,0.0199156054549443,0.0005221961460641,50,0.7,50,22,658,3.0,3.0,3.0,3.0
2632,80,112,17,GaussianNB,LC-PFN,0.4011425655335188,0.0055732782930135,3.844332240987569e-05,49,0.7,49,22,659,4.0,4.0,4.0,4.0
2633,80,112,17,GaussianNB,MMF4,0.0016824422799418,2.3274320617686332e-05,5.416940002148594e-10,49,0.7,49,22,659,1.0,1.0,1.0,1.0
2634,80,112,17,GaussianNB,WBL4,0.1297622164169665,0.0017973874428502,3.2306016197156883e-06,49,0.7,49,22,659,3.0,3.0,3.0,3.0
2635,80,112,17,GaussianNB,POW4,0.1297622049327659,0.0017973872835713,3.230601047144076e-06,49,0.7,49,22,659,2.0,2.0,2.0,2.0
2636,81,86,11,MLP,LC-PFN,1.637258194386959,0.02872234582901,0.0009187175892293,49,0.7,49,21,660,4.0,4.0,4.0,4.0
2637,81,86,11,MLP,MMF4,0.9769138791812372,0.017194588847999,0.0003114001557197,49,0.7,49,21,660,2.0,2.0,2.0,2.0
2638,81,86,11,MLP,WBL4,0.7335425289795432,0.0129193145311457,0.0001826261799163,49,0.7,49,21,660,1.0,1.0,1.0,1.0
2639,81,86,11,MLP,POW4,1.2519426569299177,0.0219942242085158,0.0005046241830083,49,0.7,49,21,660,3.0,3.0,3.0,3.0
2640,83,138,18,KNN,LC-PFN,0.5633292719721794,0.0105169881135225,0.0001573343033669,42,0.7,42,18,661,4.0,4.0,4.0,4.0
2641,83,138,18,KNN,MMF4,0.1125374736025359,0.0021005380384254,5.9928089741358905e-06,42,0.7,42,18,661,2.0,2.0,2.0,2.0
2642,83,138,18,KNN,WBL4,0.0603145434987262,0.0011160517444398,1.966496130007885e-06,42,0.7,42,18,661,1.0,1.0,1.0,1.0
2643,83,138,18,KNN,POW4,0.3288576468243609,0.0061301657551132,4.186632508322496e-05,42,0.7,42,18,661,3.0,3.0,3.0,3.0
2644,79,143,1,SVC_poly,LC-PFN,0.1581227057613432,0.0025386165361851,8.967614121502265e-06,26,0.7,26,12,662,1.0,1.0,1.0,1.0
2645,79,143,1,SVC_poly,MMF4,0.197322738955176,0.0031774130564629,1.3026319119855512e-05,26,0.7,26,12,662,2.0,2.0,2.0,2.0
2646,79,143,1,SVC_poly,WBL4,0.4980900160710451,0.0080469176212008,6.710185961202545e-05,26,0.7,26,12,662,4.0,4.0,4.0,4.0
2647,79,143,1,SVC_poly,POW4,0.4980899438543713,0.0080469164484474,6.710184070870547e-05,26,0.7,26,12,662,3.0,3.0,3.0,3.0
2648,82,86,19,NearestCentroid,LC-PFN,0.5614515393972397,0.0082936147227883,8.992929360829294e-05,49,0.7,49,21,663,4.0,4.0,4.0,4.0
2649,82,86,19,NearestCentroid,MMF4,0.0696900772387163,0.0010217145426988,1.40933921454703e-06,49,0.7,49,21,663,2.0,2.0,2.0,2.0
2650,82,86,19,NearestCentroid,WBL4,0.1338190016031254,0.0019604315282954,4.396745984378825e-06,49,0.7,49,21,663,3.0,3.0,3.0,3.0
2651,82,86,19,NearestCentroid,POW4,0.0563562389144669,0.0008266369143929,1.009526352940438e-06,49,0.7,49,21,663,1.0,1.0,1.0,1.0
2652,85,226,12,LDA,LC-PFN,3.734686598181725,0.0415648594498634,0.0019424285273998,69,0.7,69,30,664,2.0,1.0,1.0,1.3333333333333333
2653,85,226,12,LDA,MMF4,3.4996240880192477,0.0418595152512718,0.0025970747594765,69,0.7,69,30,664,1.0,2.0,2.0,1.6666666666666667
2654,85,226,12,LDA,WBL4,6.2503043464767964,0.0823591199377098,0.0112756459386521,69,0.7,69,30,664,3.0,3.0,3.0,3.0
2655,85,226,12,LDA,POW4,13.2307663875696,0.1330210145265725,0.0177716846748383,69,0.7,69,30,664,4.0,4.0,4.0,4.0
2656,91,104,10,SGDClassifier,LC-PFN,0.3747768467292189,0.0062021394260227,4.966143023921177e-05,62,0.7,62,27,665,1.0,1.0,1.0,1.0
2657,91,104,10,SGDClassifier,MMF4,0.5645176475403025,0.0093457561127243,9.395330350897154e-05,62,0.7,62,27,665,3.0,3.0,3.0,3.0
2658,91,104,10,SGDClassifier,WBL4,0.903247043650506,0.014900507620644,0.0002331247993301,62,0.7,62,27,665,4.0,4.0,4.0,4.0
2659,91,104,10,SGDClassifier,POW4,0.4542551031839765,0.007529125387911,6.23009593732721e-05,62,0.7,62,27,665,2.0,2.0,2.0,2.0
2660,88,162,21,ens.RandomForest,LC-PFN,1.0076740756630898,0.0198632143437862,0.0003948154044337,35,0.7,35,16,666,4.0,4.0,4.0,4.0
2661,88,162,21,ens.RandomForest,MMF4,0.0578896231128949,0.0011520746208601,1.494351548310303e-06,35,0.7,35,16,666,2.0,2.0,2.0,2.0
2662,88,162,21,ens.RandomForest,WBL4,0.1411403504172027,0.0028063498298945,8.165113760041025e-06,35,0.7,35,16,666,3.0,3.0,3.0,3.0
2663,88,162,21,ens.RandomForest,POW4,0.046981703493031,0.0009357647403568,1.1247236998980587e-06,35,0.7,35,16,666,1.0,1.0,1.0,1.0
2664,72,81,8,Perceptron,LC-PFN,2.258093282580376,0.0225937757641077,0.0007093339227139,38,0.7,38,17,667,4.0,4.0,4.0,4.0
2665,72,81,8,Perceptron,MMF4,0.9133207826991886,0.0093029116154025,0.0001449135754358,38,0.7,38,17,667,3.0,3.0,3.0,3.0
2666,72,81,8,Perceptron,WBL4,0.892892871408758,0.0090955329500667,0.0001342732327252,38,0.7,38,17,667,2.0,2.0,1.0,1.6666666666666667
2667,72,81,8,Perceptron,POW4,0.8928928714043833,0.009095532950022,0.0001342732327257,38,0.7,38,17,667,1.0,1.0,2.0,1.3333333333333333
2668,90,248,1,SVC_poly,LC-PFN,1.147277932614088,0.0204289779067039,0.0005178055143915,41,0.7,41,18,668,2.0,2.0,2.0,2.0
2669,90,248,1,SVC_poly,MMF4,1.7668603342946108,0.0312117481518102,0.0011413457232595,41,0.7,41,18,668,3.0,3.0,3.0,3.0
2670,90,248,1,SVC_poly,WBL4,1.7813300255377054,0.0314702003986359,0.0011927722859515,41,0.7,41,18,668,4.0,4.0,4.0,4.0
2671,90,248,1,SVC_poly,POW4,0.935949588553314,0.0167039127959295,0.00034091968931,41,0.7,41,18,668,1.0,1.0,1.0,1.0
2672,94,214,20,ens.ExtraTrees,LC-PFN,0.3245022147893905,0.0063124299049377,5.503192005562596e-05,45,0.7,45,20,669,1.0,1.0,1.0,1.0
2673,94,214,20,ens.ExtraTrees,MMF4,0.696926868366655,0.0135008388495553,0.0002063730539818,45,0.7,45,20,669,2.0,2.0,2.0,2.0
2674,94,214,20,ens.ExtraTrees,WBL4,1.2571858391833457,0.0242024988988962,0.0006421421979979,45,0.7,45,20,669,4.0,4.0,4.0,4.0
2675,94,214,20,ens.ExtraTrees,POW4,0.8000114176158502,0.0154214568897864,0.0002465722515429,45,0.7,45,20,669,3.0,3.0,3.0,3.0
2676,87,52,8,Perceptron,LC-PFN,0.4449512343853712,0.0072936019860208,7.844975334592164e-05,35,0.7,35,15,670,4.0,4.0,3.0,3.6666666666666665
2677,87,52,8,Perceptron,MMF4,0.1908371164547842,0.0031367215307911,1.6376101020958397e-05,35,0.7,35,15,670,1.0,1.0,1.0,1.0
2678,87,52,8,Perceptron,WBL4,0.207262630719257,0.0034143467407247,1.758501918497977e-05,35,0.7,35,15,670,2.0,2.0,2.0,2.0
2679,87,52,8,Perceptron,POW4,0.4170771614592072,0.006952254655785,8.532343136386697e-05,35,0.7,35,15,670,3.0,3.0,4.0,3.3333333333333335
2680,89,74,5,ExtraTree,LC-PFN,1.0973737575113771,0.0158459842205047,0.0002762808289844,41,0.7,41,18,671,1.0,1.0,1.0,1.0
2681,89,74,5,ExtraTree,MMF4,1.2161614599493176,0.0175498325509028,0.0003428153913308,41,0.7,41,18,671,3.0,3.0,3.0,3.0
2682,89,74,5,ExtraTree,WBL4,1.3547111627376265,0.0195232085561497,0.0004260055721692,41,0.7,41,18,671,4.0,4.0,4.0,4.0
2683,89,74,5,ExtraTree,POW4,1.2038551358146838,0.0173741414659343,0.0003358090462008,41,0.7,41,18,671,2.0,2.0,2.0,2.0
2684,93,240,21,ens.RandomForest,LC-PFN,0.2855391940101981,0.0040814667008817,2.1589617972495034e-05,45,0.7,45,20,672,1.0,1.0,1.0,1.0
2685,93,240,21,ens.RandomForest,MMF4,0.5700783039740145,0.0080694218088911,7.850195307679202e-05,45,0.7,45,20,672,3.0,3.0,3.0,3.0
2686,93,240,21,ens.RandomForest,WBL4,0.8692461465048715,0.0122606446752995,0.0001748683912761,45,0.7,45,20,672,4.0,4.0,4.0,4.0
2687,93,240,21,ens.RandomForest,POW4,0.4595049384035118,0.006513531771039,5.2932504405041295e-05,45,0.7,45,20,672,2.0,2.0,2.0,2.0
2688,96,224,21,ens.RandomForest,LC-PFN,0.8772218599915504,0.0172680132091045,0.0002982556179631,45,0.7,45,20,673,4.0,4.0,4.0,4.0
2689,96,224,21,ens.RandomForest,MMF4,0.0291332180367917,0.0005783885027513,4.117932129587964e-07,45,0.7,45,20,673,1.0,1.0,1.0,1.0
2690,96,224,21,ens.RandomForest,WBL4,0.0312561842474314,0.0006205201690355,4.714044171251459e-07,45,0.7,45,20,673,2.0,2.0,2.0,2.0
2691,96,224,21,ens.RandomForest,POW4,0.1776351183649988,0.0035211813442197,1.2485958948971454e-05,45,0.7,45,20,673,3.0,3.0,3.0,3.0
2692,95,178,3,SVC_sigmoid,LC-PFN,5.751728266477585,0.042858425527811,0.0022667031735181,46,0.7,46,21,674,4.0,4.0,4.0,4.0
2693,95,178,3,SVC_sigmoid,MMF4,1.4485245137971203,0.0114931082776751,0.000216457118908,46,0.7,46,21,674,2.0,2.0,2.0,2.0
2694,95,178,3,SVC_sigmoid,WBL4,1.4155734687389838,0.0112254250899243,0.0002097221459753,46,0.7,46,21,674,1.0,1.0,1.0,1.0
2695,95,178,3,SVC_sigmoid,POW4,2.0211006661468742,0.0161733806004313,0.0003489176887879,46,0.7,46,21,674,3.0,3.0,3.0,3.0
2696,92,74,13,QDA,LC-PFN,0.3607213962823152,0.0060425004921853,4.224325311952271e-05,41,0.7,41,18,675,1.0,1.0,1.0,1.0
2697,92,74,13,QDA,MMF4,0.6742845537839098,0.0112749128738001,0.0001303621340559,41,0.7,41,18,675,2.0,2.0,2.0,2.0
2698,92,74,13,QDA,WBL4,0.8601008421448496,0.014354966078805,0.000209395864928,41,0.7,41,18,675,3.0,3.0,3.0,3.0
2699,92,74,13,QDA,POW4,1.5934554899286228,0.0272624537153004,0.0007511490477823,41,0.7,41,18,675,4.0,4.0,4.0,4.0
2700,84,200,10,SGDClassifier,LC-PFN,3.261067345738411,0.0443866066634655,0.0029417988844215,63,0.7,63,28,676,4.0,4.0,4.0,4.0
2701,84,200,10,SGDClassifier,MMF4,2.727557828811731,0.0372884009334756,0.0024053714598768,63,0.7,63,28,676,2.0,2.0,2.0,2.0
2702,84,200,10,SGDClassifier,WBL4,2.729173672243049,0.0373102229237983,0.0024065966341192,63,0.7,63,28,676,3.0,3.0,3.0,3.0
2703,84,200,10,SGDClassifier,POW4,2.677029998501244,0.0366051442384433,0.0023638841516493,63,0.7,63,28,676,1.0,1.0,1.0,1.0
2704,86,154,19,NearestCentroid,LC-PFN,1.827067509293556,0.018126867711544,0.000510660582222,60,0.7,60,26,677,4.0,4.0,4.0,4.0
2705,86,154,19,NearestCentroid,MMF4,1.007323667233126,0.0101781004145797,0.0001622400219987,60,0.7,60,26,677,1.0,1.0,1.0,1.0
2706,86,154,19,NearestCentroid,WBL4,1.334084235182215,0.0135459999464567,0.0002723550709995,60,0.7,60,26,677,3.0,3.0,3.0,3.0
2707,86,154,19,NearestCentroid,POW4,1.2779466019310164,0.0129681417356272,0.0002654451332889,60,0.7,60,26,677,2.0,2.0,2.0,2.0
2708,98,131,3,SVC_sigmoid,LC-PFN,1.7018603160977364,0.0324090681970119,0.001052601612173,49,0.7,49,22,678,4.0,4.0,4.0,4.0
2709,98,131,3,SVC_sigmoid,MMF4,0.0001228595013502,2.299695676419048e-06,1.146296678966184e-10,49,0.7,49,22,678,2.0,2.0,1.0,1.6666666666666667
2710,98,131,3,SVC_sigmoid,WBL4,0.0017866506507395,3.344406081644143e-05,1.3030881063400163e-09,49,0.7,49,22,678,3.0,3.0,3.0,3.0
2711,98,131,3,SVC_sigmoid,POW4,0.0001220998008286,2.2854751517420446e-06,1.147893535012678e-10,49,0.7,49,22,678,1.0,1.0,2.0,1.3333333333333333
2712,97,87,0,SVC_linear,LC-PFN,0.2516870852559805,0.0032621365971863,1.563436489959713e-05,32,0.7,32,14,679,2.0,2.0,1.0,1.6666666666666667
2713,97,87,0,SVC_linear,MMF4,0.3233290232609495,0.0041897390491899,2.564890904161924e-05,32,0.7,32,14,679,3.0,3.0,3.0,3.0
2714,97,87,0,SVC_linear,WBL4,0.2484388584045806,0.0032160690773529,1.611495647228345e-05,32,0.7,32,14,679,1.0,1.0,2.0,1.3333333333333333
2715,97,87,0,SVC_linear,POW4,1.4583839242397525,0.0191875297831306,0.000392586259632,32,0.7,32,14,679,4.0,4.0,4.0,4.0
2716,100,122,6,LogisticRegression,LC-PFN,0.0572414428461343,0.0011173114180564,1.3023155815972132e-06,56,0.7,56,24,680,4.0,4.0,4.0,4.0
2717,100,122,6,LogisticRegression,MMF4,0.009738482727231,0.0001902121343501,5.566043667665348e-08,56,0.7,56,24,680,1.0,1.0,1.0,1.0
2718,100,122,6,LogisticRegression,WBL4,0.0457206641497144,0.0008925481573262,8.568375069795626e-07,56,0.7,56,24,680,3.0,3.0,3.0,3.0
2719,100,122,6,LogisticRegression,POW4,0.0188736081225963,0.0003687258185017,1.824240921796617e-07,56,0.7,56,24,680,2.0,2.0,2.0,2.0
2720,101,118,19,NearestCentroid,LC-PFN,0.2560981083661318,0.0033899545669555,2.105277235386893e-05,37,0.7,37,17,681,4.0,4.0,4.0,4.0
2721,101,118,19,NearestCentroid,MMF4,0.1901836561086359,0.0025260378365062,8.994580647977385e-06,37,0.7,37,17,681,3.0,3.0,3.0,3.0
2722,101,118,19,NearestCentroid,WBL4,0.0761576852920288,0.0010138121006474,1.5245897567221425e-06,37,0.7,37,17,681,1.0,1.0,1.0,1.0
2723,101,118,19,NearestCentroid,POW4,0.1017278984532709,0.0013546841006781,2.43258010912876e-06,37,0.7,37,17,681,2.0,2.0,2.0,2.0
2724,99,146,22,ens.GradientBoosting,LC-PFN,0.9124994277954102,0.017968026921153,0.0003230662259738,33,0.7,33,15,682,4.0,4.0,4.0,4.0
2725,99,146,22,ens.GradientBoosting,MMF4,0.0945022125974853,0.0018761694093022,3.783758357648104e-06,33,0.7,33,15,682,1.0,1.0,1.0,1.0
2726,99,146,22,ens.GradientBoosting,WBL4,0.0984833027520348,0.0019551233591775,4.086255543012678e-06,33,0.7,33,15,682,2.0,2.0,2.0,2.0
2727,99,146,22,ens.GradientBoosting,POW4,0.2868755797901566,0.0056841979223636,3.257385419381883e-05,33,0.7,33,15,682,3.0,3.0,3.0,3.0
2728,108,252,18,KNN,LC-PFN,1.3111661188304424,0.01519978325814,0.0002478719106875,49,0.7,49,21,683,2.0,2.0,2.0,2.0
2729,108,252,18,KNN,MMF4,0.6795637565373196,0.008287000837988,8.068522920530707e-05,49,0.7,49,21,683,1.0,1.0,1.0,1.0
2730,108,252,18,KNN,WBL4,2.58416212862041,0.0308038490728047,0.0014470517598653,49,0.7,49,21,683,3.0,3.0,3.0,3.0
2731,108,252,18,KNN,POW4,3.3815521650747646,0.0382721130639183,0.0015375245996847,49,0.7,49,21,683,4.0,4.0,4.0,4.0
2732,103,54,20,ens.ExtraTrees,LC-PFN,0.1757497549988329,0.0030328796710819,1.2543683624244297e-05,41,0.7,41,18,684,1.0,1.0,1.0,1.0
2733,103,54,20,ens.ExtraTrees,MMF4,0.5526512866763077,0.0094792838197455,0.0001089165008449,41,0.7,41,18,684,2.0,2.0,2.0,2.0
2734,103,54,20,ens.ExtraTrees,WBL4,1.138400063159378,0.0194224111693177,0.0004664952602899,41,0.7,41,18,684,4.0,4.0,4.0,4.0
2735,103,54,20,ens.ExtraTrees,POW4,0.60899084314202,0.0106089794181367,0.0001475185841099,41,0.7,41,18,684,3.0,3.0,3.0,3.0
2736,111,256,17,GaussianNB,LC-PFN,3.857719525694847,0.0367713160812854,0.0013779475120827,68,0.7,68,30,685,4.0,4.0,4.0,4.0
2737,111,256,17,GaussianNB,MMF4,1.1956853754195191,0.0117037762610054,0.0001525127209786,68,0.7,68,30,685,3.0,3.0,3.0,3.0
2738,111,256,17,GaussianNB,WBL4,0.6040009169820062,0.0060200157151345,3.819000225805975e-05,68,0.7,68,30,685,1.0,1.0,1.0,1.0
2739,111,256,17,GaussianNB,POW4,1.0395748411205707,0.0104083767322206,0.0001102786897645,68,0.7,68,30,685,2.0,2.0,2.0,2.0
2740,105,158,22,ens.GradientBoosting,LC-PFN,0.229132710956037,0.004466101527214,2.630504241096787e-05,35,0.7,35,16,686,1.0,1.0,1.0,1.0
2741,105,158,22,ens.GradientBoosting,MMF4,0.3226207714767288,0.0062826985468586,5.468816971897367e-05,35,0.7,35,16,686,3.0,3.0,3.0,3.0
2742,105,158,22,ens.GradientBoosting,WBL4,0.3701495130816421,0.0072036781731726,7.245041812698822e-05,35,0.7,35,16,686,4.0,4.0,4.0,4.0
2743,105,158,22,ens.GradientBoosting,POW4,0.2394137786982718,0.0046670376015819,3.0634827624238814e-05,35,0.7,35,16,686,2.0,2.0,2.0,2.0
2744,106,8,22,ens.GradientBoosting,LC-PFN,1.5038363635540009,0.0216247644275426,0.0006380983977578,37,0.7,37,17,687,4.0,4.0,4.0,4.0
2745,106,8,22,ens.GradientBoosting,MMF4,0.7453866584613169,0.0103988506162015,0.0001300733562281,37,0.7,37,17,687,2.0,2.0,2.0,2.0
2746,106,8,22,ens.GradientBoosting,WBL4,0.895604454400525,0.0124888256030505,0.0001709441710073,37,0.7,37,17,687,3.0,3.0,3.0,3.0
2747,106,8,22,ens.GradientBoosting,POW4,0.4638712927388209,0.0064932613357323,6.098581071650536e-05,37,0.7,37,17,687,1.0,1.0,1.0,1.0
2748,107,239,4,Decision Tree,LC-PFN,0.5810785572975874,0.0092161940410733,0.0001145204732893,62,0.7,62,28,688,2.0,2.0,1.0,1.6666666666666667
2749,107,239,4,Decision Tree,MMF4,0.6171947788141728,0.0100217761606799,0.0002437931233178,62,0.7,62,28,688,3.0,3.0,3.0,3.0
2750,107,239,4,Decision Tree,WBL4,0.5189879058092787,0.0084141440749071,0.0001857924470455,62,0.7,62,28,688,1.0,1.0,2.0,1.3333333333333333
2751,107,239,4,Decision Tree,POW4,0.6747543503788861,0.010969850771701,0.0002871446628379,62,0.7,62,28,688,4.0,4.0,4.0,4.0
2752,104,225,8,Perceptron,LC-PFN,0.8145165629684925,0.0157453324645757,0.0002517552056815,42,0.7,42,19,689,4.0,4.0,4.0,4.0
2753,104,225,8,Perceptron,MMF4,0.1858508722517689,0.0035592633424557,1.516920630233424e-05,42,0.7,42,19,689,2.0,2.0,2.0,2.0
2754,104,225,8,Perceptron,WBL4,0.2606663998738452,0.0049879346558312,2.8206682515417485e-05,42,0.7,42,19,689,3.0,3.0,3.0,3.0
2755,104,225,8,Perceptron,POW4,0.0835289874145698,0.0016013850940546,3.534454758357248e-06,42,0.7,42,19,689,1.0,1.0,1.0,1.0
2756,102,60,16,ComplementNB,LC-PFN,1.7267286777496338,0.0211264789104461,0.0005059075774624,25,0.7,25,2,690,1.0,1.0,1.0,1.0
2757,102,60,16,ComplementNB,MMF4,2.994640344016533,0.0371442528618404,0.0014243491432394,25,0.7,25,2,690,3.0,3.0,3.0,3.0
2758,102,60,16,ComplementNB,WBL4,2.835005307882639,0.0351044038015737,0.0012767636107083,25,0.7,25,2,690,2.0,2.0,2.0,2.0
2759,102,60,16,ComplementNB,POW4,4.3587117880824895,0.0548573709927109,0.0030887568248161,25,0.7,25,2,690,4.0,4.0,4.0,4.0
2760,110,192,9,RidgeClassifier,LC-PFN,9.680581092834473,0.1347853988409042,0.021181508898735,35,0.7,35,16,691,4.0,4.0,4.0,4.0
2761,110,192,9,RidgeClassifier,MMF4,8.229136273365404,0.1164804150805138,0.0170581822293982,35,0.7,35,16,691,2.0,2.0,2.0,2.0
2762,110,192,9,RidgeClassifier,WBL4,8.324962453956426,0.117707137879804,0.0173497233942734,35,0.7,35,16,691,3.0,3.0,3.0,3.0
2763,110,192,9,RidgeClassifier,POW4,6.113868051582756,0.0887641794230109,0.0105302173881295,35,0.7,35,16,691,1.0,1.0,1.0,1.0
2764,109,228,1,SVC_poly,LC-PFN,3.3368930220603943,0.0503958389163017,0.0028788619674742,32,0.7,32,15,692,1.0,1.0,1.0,1.0
2765,109,228,1,SVC_poly,MMF4,5.384880908994652,0.0797445707799483,0.0075436098643461,32,0.7,32,15,692,3.0,3.0,3.0,3.0
2766,109,228,1,SVC_poly,WBL4,7.042684527799449,0.1024620440373982,0.0125612809502289,32,0.7,32,15,692,4.0,4.0,4.0,4.0
2767,109,228,1,SVC_poly,POW4,4.7915802108684336,0.070788283034936,0.0052313928587031,32,0.7,32,15,692,2.0,2.0,2.0,2.0
2768,113,186,6,LogisticRegression,LC-PFN,1.5960775315761566,0.0305036231875419,0.0009309698361903,39,0.7,39,18,693,4.0,4.0,4.0,4.0
2769,113,186,6,LogisticRegression,MMF4,0.1780722858340787,0.0033436717016981,1.219031249595527e-05,39,0.7,39,18,693,1.0,1.0,1.0,1.0
2770,113,186,6,LogisticRegression,WBL4,0.2516969866524782,0.0047223826384846,2.3703578858066725e-05,39,0.7,39,18,693,2.0,2.0,2.0,2.0
2771,113,186,6,LogisticRegression,POW4,0.7487670694386981,0.0142041345506406,0.0002242695869031,39,0.7,39,18,693,3.0,3.0,3.0,3.0
2772,115,92,17,GaussianNB,LC-PFN,1.81875042617321,0.0302204210311174,0.0010588977020233,56,0.7,56,25,694,4.0,4.0,3.0,3.6666666666666665
2773,115,92,17,GaussianNB,MMF4,1.4988852926314435,0.0249424583950796,0.0007329049259582,56,0.7,56,25,694,1.0,1.0,1.0,1.0
2774,115,92,17,GaussianNB,WBL4,1.6964306309109174,0.0288482530205429,0.0010817831246309,56,0.7,56,25,694,3.0,3.0,4.0,3.3333333333333335
2775,115,92,17,GaussianNB,POW4,1.543112303957277,0.0253898116348729,0.0009174481157798,56,0.7,56,25,694,2.0,2.0,2.0,2.0
2776,112,36,5,ExtraTree,LC-PFN,0.2979841083288193,0.0053709070198237,3.661668233689852e-05,34,0.7,34,15,695,2.0,2.0,2.0,2.0
2777,112,36,5,ExtraTree,MMF4,0.8268518787600934,0.0147844191228917,0.0002477449758552,34,0.7,34,15,695,3.0,3.0,3.0,3.0
2778,112,36,5,ExtraTree,WBL4,0.8385069764091387,0.0149908569226982,0.0002538997548038,34,0.7,34,15,695,4.0,4.0,4.0,4.0
2779,112,36,5,ExtraTree,POW4,0.271056852339332,0.0048785904253475,3.645899821133904e-05,34,0.7,34,15,695,1.0,1.0,1.0,1.0
2780,114,111,20,ens.ExtraTrees,LC-PFN,1.6520554199814796,0.0274533424526453,0.0010263659060001,32,0.7,32,14,696,4.0,4.0,4.0,4.0
2781,114,111,20,ens.ExtraTrees,MMF4,0.4278656572334495,0.0070493241742723,7.907702940240778e-05,32,0.7,32,14,696,1.0,1.0,2.0,1.3333333333333333
2782,114,111,20,ens.ExtraTrees,WBL4,0.7105570156409742,0.0118806908437184,0.0001880385438819,32,0.7,32,14,696,3.0,3.0,3.0,3.0
2783,114,111,20,ens.ExtraTrees,POW4,0.4486452989233052,0.0074030061722869,7.724668170190726e-05,32,0.7,32,14,696,2.0,2.0,1.0,1.6666666666666667
2784,119,73,3,SVC_sigmoid,LC-PFN,1.423671841621399,0.0184090845286846,0.0004096570773981,49,0.7,49,21,697,1.0,1.0,1.0,1.0
2785,119,73,3,SVC_sigmoid,MMF4,3.0779798813746373,0.0375780666543056,0.0019178624539682,49,0.7,49,21,697,2.0,2.0,2.0,2.0
2786,119,73,3,SVC_sigmoid,WBL4,5.411764392065596,0.0733938023826126,0.0056544152877534,49,0.7,49,21,697,4.0,4.0,4.0,4.0
2787,119,73,3,SVC_sigmoid,POW4,5.411764376420002,0.0733938021576558,0.005654415254733,49,0.7,49,21,697,3.0,3.0,3.0,3.0
2788,117,19,6,LogisticRegression,LC-PFN,0.5789798684418201,0.0106898304075002,0.0001175177312688,38,0.7,38,17,698,1.0,1.0,1.0,1.0
2789,117,19,6,LogisticRegression,MMF4,0.9066273103489336,0.0165182913465612,0.0002939839816935,38,0.7,38,17,698,2.0,2.0,2.0,2.0
2790,117,19,6,LogisticRegression,WBL4,1.342861073359985,0.0243535464775338,0.000626089381016,38,0.7,38,17,698,3.0,3.0,3.0,3.0
2791,117,19,6,LogisticRegression,POW4,1.8000484530534366,0.0337123225004104,0.0011720090139086,38,0.7,38,17,698,4.0,4.0,4.0,4.0
2792,121,122,16,ComplementNB,LC-PFN,0.2449617721140384,0.0039635873399674,2.8192313038744032e-05,56,0.7,56,24,699,1.0,1.0,1.0,1.0
2793,121,122,16,ComplementNB,MMF4,0.5635381306424438,0.0090965375439232,9.68288673087094e-05,56,0.7,56,24,699,2.0,2.0,2.0,2.0
2794,121,122,16,ComplementNB,WBL4,1.0333120941409777,0.0169628306744897,0.0002885153062472,56,0.7,56,24,699,4.0,4.0,4.0,4.0
2795,121,122,16,ComplementNB,POW4,1.0333120936267104,0.0169628306659592,0.0002885153059578,56,0.7,56,24,699,3.0,3.0,3.0,3.0
2796,124,179,20,ens.ExtraTrees,LC-PFN,0.7941600866615772,0.0156285315752029,0.0002574260288383,53,0.7,53,23,700,3.0,3.0,3.0,3.0
2797,124,179,20,ens.ExtraTrees,MMF4,0.0808590848564021,0.0015966537873492,3.958832216489607e-06,53,0.7,53,23,700,2.0,2.0,2.0,2.0
2798,124,179,20,ens.ExtraTrees,WBL4,0.0449524668600574,0.0008909694268757,9.405419195254304e-07,53,0.7,53,23,700,1.0,1.0,1.0,1.0
2799,124,179,20,ens.ExtraTrees,POW4,1.1850007234977218,0.0231834470920937,0.0005662796477116,53,0.7,53,23,700,4.0,4.0,4.0,4.0
2800,116,181,19,NearestCentroid,LC-PFN,1.6018837690353394,0.0156144341453909,0.0003448741917964,33,0.7,33,15,701,4.0,4.0,4.0,4.0
2801,116,181,19,NearestCentroid,MMF4,0.6813111684244152,0.0067445411388674,6.057925615432087e-05,33,0.7,33,15,701,3.0,3.0,3.0,3.0
2802,116,181,19,NearestCentroid,WBL4,0.4223863293933911,0.0041916410635953,2.66644181979454e-05,33,0.7,33,15,701,1.0,1.0,1.0,1.0
2803,116,181,19,NearestCentroid,POW4,0.4223863413680003,0.0041916411824689,2.666442218670639e-05,33,0.7,33,15,701,2.0,2.0,2.0,2.0
2804,129,148,16,ComplementNB,LC-PFN,0.4989669192582369,0.00786554813385,6.380085687851533e-05,25,0.7,25,3,702,4.0,4.0,4.0,4.0
2805,129,148,16,ComplementNB,MMF4,0.2438244606830406,0.0038542842252142,1.8666155081838143e-05,25,0.7,25,3,702,3.0,3.0,3.0,3.0
2806,129,148,16,ComplementNB,WBL4,0.1866262223688326,0.0029600000000039,1.1428266666688854e-05,25,0.7,25,3,702,2.0,2.0,2.0,2.0
2807,129,148,16,ComplementNB,POW4,0.1866261764741203,0.0029599992703113,1.1428262343624248e-05,25,0.7,25,3,702,1.0,1.0,1.0,1.0
2808,120,57,0,SVC_linear,LC-PFN,1.3110438361763954,0.0214806832373142,0.0005468666786327,35,0.7,35,16,703,4.0,4.0,4.0,4.0
2809,120,57,0,SVC_linear,MMF4,0.1944412382678105,0.0032386935332344,1.7921693945017843e-05,35,0.7,35,16,703,2.0,2.0,2.0,2.0
2810,120,57,0,SVC_linear,WBL4,0.5071074870002426,0.008439984917045,0.0001101953617128,35,0.7,35,16,703,3.0,3.0,3.0,3.0
2811,120,57,0,SVC_linear,POW4,0.1858698443984339,0.0030826178078819,1.3340594474180903e-05,35,0.7,35,16,703,1.0,1.0,1.0,1.0
2812,125,56,11,MLP,LC-PFN,0.9870286099612712,0.017257472500205,0.0003642863011918,41,0.7,41,18,704,2.0,2.0,2.0,2.0
2813,125,56,11,MLP,MMF4,1.485076864130907,0.025809131958329,0.0008091298148446,41,0.7,41,18,704,3.0,3.0,3.0,3.0
2814,125,56,11,MLP,WBL4,2.148178695833906,0.0370440442021838,0.001657986188151,41,0.7,41,18,704,4.0,4.0,4.0,4.0
2815,125,56,11,MLP,POW4,0.4134044351946631,0.0073251077439989,6.2205247878463e-05,41,0.7,41,18,704,1.0,1.0,1.0,1.0
2816,130,18,2,SVC_rbf,LC-PFN,0.6451000459492207,0.012678300961852,0.0001776053977664,51,0.7,51,22,705,1.0,1.0,1.0,1.0
2817,130,18,2,SVC_rbf,MMF4,1.059905932470572,0.0207380952264287,0.0004395683432617,51,0.7,51,22,705,2.0,2.0,2.0,2.0
2818,130,18,2,SVC_rbf,WBL4,1.5499210871349018,0.0301763315824111,0.0009293389001324,51,0.7,51,22,705,4.0,4.0,4.0,4.0
2819,130,18,2,SVC_rbf,POW4,1.3135331690899956,0.0255821513253947,0.0006876526628021,51,0.7,51,22,705,3.0,3.0,3.0,3.0
2820,127,170,20,ens.ExtraTrees,LC-PFN,0.9351341985166072,0.0150685608386993,0.0002516515960451,25,0.7,25,2,706,4.0,4.0,4.0,4.0
2821,127,170,20,ens.ExtraTrees,MMF4,0.6260999323672576,0.0101260640688455,0.0001401250847404,25,0.7,25,2,706,3.0,3.0,3.0,3.0
2822,127,170,20,ens.ExtraTrees,WBL4,0.3420000558199919,0.0055555555555551,4.026864230261848e-05,25,0.7,25,2,706,2.0,2.0,1.0,1.6666666666666667
2823,127,170,20,ens.ExtraTrees,POW4,0.3420000557148995,0.0055555555538721,4.026865073031343e-05,25,0.7,25,2,706,1.0,1.0,2.0,1.3333333333333333
2824,123,156,4,Decision Tree,LC-PFN,0.5719635635614395,0.0106490403413772,0.0001264422317035,35,0.7,35,16,707,2.0,2.0,2.0,2.0
2825,123,156,4,Decision Tree,MMF4,1.0740747510994757,0.0197288427767123,0.000429853325827,35,0.7,35,16,707,4.0,4.0,4.0,4.0
2826,123,156,4,Decision Tree,WBL4,0.9962337588814992,0.0183151819170624,0.0003776943620515,35,0.7,35,16,707,3.0,3.0,3.0,3.0
2827,123,156,4,Decision Tree,POW4,0.4887681105582489,0.0090397356335692,0.0001018665297123,35,0.7,35,16,707,1.0,1.0,1.0,1.0
2828,128,124,21,ens.RandomForest,LC-PFN,0.1418779836967587,0.0025010765530169,9.443565431865864e-06,44,0.7,44,20,708,1.0,1.0,1.0,1.0
2829,128,124,21,ens.RandomForest,MMF4,0.497781521115367,0.0087341762289654,8.836426003805477e-05,44,0.7,44,20,708,3.0,3.0,3.0,3.0
2830,128,124,21,ens.RandomForest,WBL4,0.7494502768154981,0.0131125946745927,0.0001914876378661,44,0.7,44,20,708,4.0,4.0,4.0,4.0
2831,128,124,21,ens.RandomForest,POW4,0.4900683986065157,0.0086802046955203,7.919314760117542e-05,44,0.7,44,20,708,2.0,2.0,2.0,2.0
2832,131,219,6,LogisticRegression,LC-PFN,0.6592637859284878,0.0096674365922808,0.0001608996535651,41,0.7,41,18,709,2.0,2.0,2.0,2.0
2833,131,219,6,LogisticRegression,MMF4,0.1609075794476925,0.0023158013284485,8.117398507970416e-06,41,0.7,41,18,709,1.0,1.0,1.0,1.0
2834,131,219,6,LogisticRegression,WBL4,1.167219913142829,0.0166728592720651,0.0003392093669001,41,0.7,41,18,709,3.0,3.0,3.0,3.0
2835,131,219,6,LogisticRegression,POW4,3.329431555995589,0.0500549305487987,0.0029023815367043,41,0.7,41,18,709,4.0,4.0,4.0,4.0
2836,133,7,7,PassiveAggressive,LC-PFN,0.4177853465080261,0.0077456305734813,7.118063513189554e-05,37,0.7,37,17,710,1.0,1.0,1.0,1.0
2837,133,7,7,PassiveAggressive,MMF4,1.1355565970157246,0.0208247781887699,0.0004708149963951,37,0.7,37,17,710,3.0,3.0,3.0,3.0
2838,133,7,7,PassiveAggressive,WBL4,1.6094905268583406,0.0293673107140451,0.0009274483095789,37,0.7,37,17,710,4.0,4.0,4.0,4.0
2839,133,7,7,PassiveAggressive,POW4,0.984173107975516,0.0184510643646751,0.0003637821987364,37,0.7,37,17,710,2.0,2.0,2.0,2.0
2840,135,236,17,GaussianNB,LC-PFN,0.8852485567331314,0.012843987904489,0.000201255272259,38,0.7,38,17,711,3.0,3.0,3.0,3.0
2841,135,236,17,GaussianNB,MMF4,0.4565391457893523,0.006586001201518,4.790447413675374e-05,38,0.7,38,17,711,2.0,2.0,2.0,2.0
2842,135,236,17,GaussianNB,WBL4,0.1941498278754332,0.002792106376808,1.0477588565258755e-05,38,0.7,38,17,711,1.0,1.0,1.0,1.0
2843,135,236,17,GaussianNB,POW4,3.3166361193112657,0.0493172458973754,0.0025126411032714,38,0.7,38,17,711,4.0,4.0,4.0,4.0
2844,132,165,19,NearestCentroid,LC-PFN,0.3020071890205145,0.0042183310724794,2.2831640308140777e-05,93,0.7,93,40,712,1.0,1.0,1.0,1.0
2845,132,165,19,NearestCentroid,MMF4,1.686178772748808,0.0232599546613932,0.0005615524382214,93,0.7,93,40,712,2.0,2.0,2.0,2.0
2846,132,165,19,NearestCentroid,WBL4,1.8507332788341344,0.0254872400424587,0.0006701463278219,93,0.7,93,40,712,3.0,3.0,3.0,3.0
2847,132,165,19,NearestCentroid,POW4,3.494374259365369,0.0511779822196525,0.0030792268634886,93,0.7,93,40,712,4.0,4.0,4.0,4.0
2848,139,208,19,NearestCentroid,LC-PFN,12.09757998585701,0.0895279124379158,0.0080313794314861,70,0.7,70,30,713,4.0,4.0,4.0,4.0
2849,139,208,19,NearestCentroid,MMF4,9.206585181245355,0.0700671415936634,0.0050219718420525,70,0.7,70,30,713,3.0,3.0,3.0,3.0
2850,139,208,19,NearestCentroid,WBL4,4.117132060074581,0.032938515105813,0.0011975132571948,70,0.7,70,30,713,1.0,1.0,1.0,1.0
2851,139,208,19,NearestCentroid,POW4,4.960070821954907,0.0449751503951291,0.0030133355950129,70,0.7,70,30,713,2.0,2.0,2.0,2.0
2852,140,98,1,SVC_poly,LC-PFN,0.1881775911897421,0.0032059210352599,1.4570634448318742e-05,47,0.7,47,21,714,4.0,4.0,4.0,4.0
2853,140,98,1,SVC_poly,MMF4,0.1468791466575427,0.0025118298193217,6.998742597864272e-06,47,0.7,47,21,714,3.0,3.0,3.0,3.0
2854,140,98,1,SVC_poly,WBL4,0.0652510652314517,0.0011140476457876,1.7213615798815373e-06,47,0.7,47,21,714,1.0,1.0,1.0,1.0
2855,140,98,1,SVC_poly,POW4,0.1437657596863268,0.0024586453494506,6.794658797183139e-06,47,0.7,47,21,714,2.0,2.0,2.0,2.0
2856,137,116,0,SVC_linear,LC-PFN,0.8382765576243401,0.016508562490344,0.0002968352637253,38,0.7,38,17,715,4.0,4.0,4.0,4.0
2857,137,116,0,SVC_linear,MMF4,0.2583344662016517,0.0051189745956527,3.5286801842346434e-05,38,0.7,38,17,715,1.0,1.0,1.0,1.0
2858,137,116,0,SVC_linear,WBL4,0.2696408703242817,0.0053425499088138,3.759780990786784e-05,38,0.7,38,17,715,2.0,2.0,2.0,2.0
2859,137,116,0,SVC_linear,POW4,0.302836352894433,0.0060156941662023,6.12312396815045e-05,38,0.7,38,17,715,3.0,3.0,3.0,3.0
2860,134,181,11,MLP,LC-PFN,2.681192196905613,0.0313009694218635,0.0010733328526839,33,0.7,33,15,716,4.0,4.0,4.0,4.0
2861,134,181,11,MLP,MMF4,2.022932948090578,0.0238440447192817,0.0007839265269387,33,0.7,33,15,716,2.0,2.0,2.0,2.0
2862,134,181,11,MLP,WBL4,2.0791438250753056,0.0244933532084703,0.0008147200040815,33,0.7,33,15,716,3.0,3.0,3.0,3.0
2863,134,181,11,MLP,POW4,1.3746277147974584,0.0162783542131817,0.0004728693272536,33,0.7,33,15,716,1.0,1.0,1.0,1.0
2864,138,24,16,ComplementNB,LC-PFN,1.451568864285946,0.0183273889124393,0.0003462533932179,31,0.7,31,14,717,4.0,4.0,4.0,4.0
2865,138,24,16,ComplementNB,MMF4,0.4917290377340817,0.0062893232364078,5.084390298979414e-05,31,0.7,31,14,717,2.0,2.0,2.0,2.0
2866,138,24,16,ComplementNB,WBL4,0.5110109768576361,0.0065345711907564,5.578279853664876e-05,31,0.7,31,14,717,3.0,3.0,3.0,3.0
2867,138,24,16,ComplementNB,POW4,0.3673703353059603,0.0047008214513058,2.759776485677914e-05,31,0.7,31,14,717,1.0,1.0,1.0,1.0
2868,136,92,19,NearestCentroid,LC-PFN,2.8624901548027992,0.0274090822786092,0.0008491967455483,56,0.7,56,25,718,4.0,4.0,4.0,4.0
2869,136,92,19,NearestCentroid,MMF4,0.0639381286092392,0.0006315519808005,4.147088590161391e-07,56,0.7,56,25,718,1.0,1.0,1.0,1.0
2870,136,92,19,NearestCentroid,WBL4,0.5886428271922315,0.0058524373435459,3.436993558886806e-05,56,0.7,56,25,718,3.0,3.0,3.0,3.0
2871,136,92,19,NearestCentroid,POW4,0.5886428035331663,0.0058524371069237,3.436993281886205e-05,56,0.7,56,25,718,2.0,2.0,2.0,2.0
2872,144,114,5,ExtraTree,LC-PFN,0.2824438270181417,0.0050868750549852,4.239043846610002e-05,32,0.7,32,15,719,1.0,1.0,1.0,1.0
2873,144,114,5,ExtraTree,MMF4,0.8660447300083134,0.0155072593445341,0.0002830380688836,32,0.7,32,15,719,2.0,2.0,2.0,2.0
2874,144,114,5,ExtraTree,WBL4,0.9386495993064936,0.0167946672685154,0.0003339373562124,32,0.7,32,15,719,4.0,4.0,4.0,4.0
2875,144,114,5,ExtraTree,POW4,0.8682749209146584,0.0155468004701736,0.0002844803641592,32,0.7,32,15,719,3.0,3.0,3.0,3.0
2876,145,122,17,GaussianNB,LC-PFN,0.1103978720493614,0.0021506324410438,4.7860648919595405e-06,56,0.7,56,24,720,1.0,1.0,1.0,1.0
2877,145,122,17,GaussianNB,MMF4,0.1122182723152696,0.002181449583735,4.951588119337527e-06,56,0.7,56,24,720,2.0,2.0,2.0,2.0
2878,145,122,17,GaussianNB,WBL4,0.2192602027922573,0.0042576165907384,1.8352676262812544e-05,56,0.7,56,24,720,3.0,3.0,3.0,3.0
2879,145,122,17,GaussianNB,POW4,0.2464885582249519,0.004810972486132,2.7184238360173307e-05,56,0.7,56,24,720,4.0,4.0,4.0,4.0
2880,142,71,14,BernoulliNB,LC-PFN,0.4594437312334776,0.0070193377323448,6.185554957482964e-05,43,0.7,43,19,721,4.0,4.0,4.0,4.0
2881,142,71,14,BernoulliNB,MMF4,0.1017597306631037,0.001547618639364,2.762245541699847e-06,43,0.7,43,19,721,2.0,2.0,2.0,2.0
2882,142,71,14,BernoulliNB,WBL4,0.0656601601631837,0.0009981556377139,1.2470720499620562e-06,43,0.7,43,19,721,1.0,1.0,1.0,1.0
2883,142,71,14,BernoulliNB,POW4,0.1776135989397112,0.0027034791527304,7.889301837506781e-06,43,0.7,43,19,721,3.0,3.0,3.0,3.0
2884,143,262,22,ens.GradientBoosting,LC-PFN,0.6647014524787664,0.0095615833997726,0.0001117133870138,89,0.7,89,39,722,4.0,4.0,4.0,4.0
2885,143,262,22,ens.GradientBoosting,MMF4,0.1870116041157507,0.0026735977857215,8.173681501457082e-06,89,0.7,89,39,722,1.0,1.0,1.0,1.0
2886,143,262,22,ens.GradientBoosting,WBL4,0.2356918239936119,0.0033543270392737,1.1686937102192947e-05,89,0.7,89,39,722,2.0,2.0,2.0,2.0
2887,143,262,22,ens.GradientBoosting,POW4,0.4037971582007972,0.0057867151049553,3.725433064844223e-05,89,0.7,89,39,722,3.0,3.0,3.0,3.0
2888,147,163,16,ComplementNB,LC-PFN,0.9226758033037186,0.0178126841783523,0.0003178689803462,35,0.7,35,16,723,4.0,4.0,4.0,4.0
2889,147,163,16,ComplementNB,MMF4,0.0401746713923826,0.0007686634581166,8.697931195582085e-07,35,0.7,35,16,723,2.0,2.0,2.0,2.0
2890,147,163,16,ComplementNB,WBL4,0.0204355863544954,0.0003908809349813,2.24303668298421e-07,35,0.7,35,16,723,1.0,1.0,1.0,1.0
2891,147,163,16,ComplementNB,POW4,0.0514918148905862,0.0009853330447616,1.271006737403855e-06,35,0.7,35,16,723,3.0,3.0,3.0,3.0
2892,148,238,21,ens.RandomForest,LC-PFN,0.8076521568000317,0.0138890910893678,0.0002144539903383,66,0.7,66,29,724,2.0,2.0,2.0,2.0
2893,148,238,21,ens.RandomForest,MMF4,1.5500866595386764,0.0264421326225338,0.0007810567045849,66,0.7,66,29,724,3.0,3.0,3.0,3.0
2894,148,238,21,ens.RandomForest,WBL4,1.924653084822212,0.0326975978974813,0.0011853129803391,66,0.7,66,29,724,4.0,4.0,4.0,4.0
2895,148,238,21,ens.RandomForest,POW4,0.1648730619675549,0.0028451228748781,1.0755191990131276e-05,66,0.7,66,29,724,1.0,1.0,1.0,1.0
2896,141,259,19,NearestCentroid,LC-PFN,1.381409540772438,0.0154556008055806,0.0002886355505324,49,0.7,49,22,725,4.0,4.0,4.0,4.0
2897,141,259,19,NearestCentroid,MMF4,0.5890717300684012,0.0066724457612938,4.746976188071351e-05,49,0.7,49,22,725,1.0,1.0,1.0,1.0
2898,141,259,19,NearestCentroid,WBL4,0.6365978063730574,0.0072071520881995,5.5154967309182414e-05,49,0.7,49,22,725,3.0,3.0,3.0,3.0
2899,141,259,19,NearestCentroid,POW4,0.5904157278263635,0.0066875739005806,4.767879914722946e-05,49,0.7,49,22,725,2.0,2.0,2.0,2.0
2900,149,184,16,ComplementNB,LC-PFN,0.7195394020527601,0.0085477167740464,0.000104114995338,39,0.7,39,18,726,3.0,3.0,3.0,3.0
2901,149,184,16,ComplementNB,MMF4,0.2796583844820174,0.0033665954168874,1.6249853255174638e-05,39,0.7,39,18,726,2.0,2.0,2.0,2.0
2902,149,184,16,ComplementNB,WBL4,0.2170246940580537,0.0026107172215179,9.382605180879208e-06,39,0.7,39,18,726,1.0,1.0,1.0,1.0
2903,149,184,16,ComplementNB,POW4,1.113367804491861,0.0135485464433135,0.0001880081177027,39,0.7,39,18,726,4.0,4.0,4.0,4.0
2904,146,4,6,LogisticRegression,LC-PFN,0.4841711837798357,0.0068567693233489,6.344750727294013e-05,25,0.7,25,6,727,3.0,3.0,3.0,3.0
2905,146,4,6,LogisticRegression,MMF4,0.3565529843222736,0.0050643316116728,3.870172893181942e-05,25,0.7,25,6,727,2.0,2.0,2.0,2.0
2906,146,4,6,LogisticRegression,WBL4,0.3493776770951387,0.0049619347066558,3.639268869167467e-05,25,0.7,25,6,727,1.0,1.0,1.0,1.0
2907,146,4,6,LogisticRegression,POW4,0.5307804941969644,0.0075581616050329,8.270734005695515e-05,25,0.7,25,6,727,4.0,4.0,4.0,4.0
2908,153,22,9,RidgeClassifier,LC-PFN,0.576096260920167,0.0102951303124427,0.0001320951851084,44,0.7,44,19,728,3.0,3.0,3.0,3.0
2909,153,22,9,RidgeClassifier,MMF4,0.2269043810500761,0.004034658176058,1.825919062511856e-05,44,0.7,44,19,728,2.0,2.0,2.0,2.0
2910,153,22,9,RidgeClassifier,WBL4,0.0725926574908069,0.0012869452272789,2.0939711816164453e-06,44,0.7,44,19,728,1.0,1.0,1.0,1.0
2911,153,22,9,RidgeClassifier,POW4,0.6483287035923807,0.0115828141494743,0.0001465976258097,44,0.7,44,19,728,4.0,4.0,4.0,4.0
2912,157,252,14,BernoulliNB,LC-PFN,6.528923660516739,0.0630499124526977,0.0040528671815991,49,0.7,49,21,729,3.0,3.0,2.0,2.6666666666666665
2913,157,252,14,BernoulliNB,MMF4,6.393023549852847,0.0629225649974512,0.0050983387968874,49,0.7,49,21,729,2.0,2.0,3.0,2.3333333333333335
2914,157,252,14,BernoulliNB,WBL4,8.056801752299634,0.0777805854121541,0.0074833444518573,49,0.7,49,21,729,4.0,4.0,4.0,4.0
2915,157,252,14,BernoulliNB,POW4,1.083411389443228,0.0112200174629618,0.0001503359152617,49,0.7,49,21,729,1.0,1.0,1.0,1.0
2916,152,43,22,ens.GradientBoosting,LC-PFN,3.9718028157949448,0.0629445612430572,0.0050010913982987,32,0.7,32,14,730,3.0,3.0,3.0,3.0
2917,152,43,22,ens.GradientBoosting,MMF4,0.9850376361012108,0.0164133986617646,0.0004622144745654,32,0.7,32,14,730,2.0,2.0,2.0,2.0
2918,152,43,22,ens.GradientBoosting,WBL4,0.5028576558029155,0.008250552918507,9.362022393920876e-05,32,0.7,32,14,730,1.0,1.0,1.0,1.0
2919,152,43,22,ens.GradientBoosting,POW4,7.265149597157194,0.1100564462524386,0.013045997086911,32,0.7,32,14,730,4.0,4.0,4.0,4.0
2920,154,219,11,MLP,LC-PFN,0.4242848604917526,0.0060118967667222,6.006252078805119e-05,41,0.7,41,18,731,1.0,1.0,1.0,1.0
2921,154,219,11,MLP,MMF4,0.7155218182547072,0.0100956938108244,0.0001128548463514,41,0.7,41,18,731,2.0,2.0,2.0,2.0
2922,154,219,11,MLP,WBL4,1.0099360074284995,0.0141027318401506,0.000265923262268,41,0.7,41,18,731,3.0,3.0,3.0,3.0
2923,154,219,11,MLP,POW4,3.61879653788348,0.0532569335886499,0.0033297886865869,41,0.7,41,18,731,4.0,4.0,4.0,4.0
2924,161,54,19,NearestCentroid,LC-PFN,1.3713443651795387,0.019177608191967,0.0004510434519033,41,0.7,41,18,732,3.0,3.0,3.0,3.0
2925,161,54,19,NearestCentroid,MMF4,0.3643268298752141,0.004986248783709,3.048714300625439e-05,41,0.7,41,18,732,1.0,1.0,1.0,1.0
2926,161,54,19,NearestCentroid,WBL4,1.1201524312785618,0.0152078399553066,0.0002466558184715,41,0.7,41,18,732,2.0,2.0,2.0,2.0
2927,161,54,19,NearestCentroid,POW4,3.3723414505756755,0.0481112403003302,0.0025470688123612,41,0.7,41,18,732,4.0,4.0,4.0,4.0
2928,155,224,12,LDA,LC-PFN,0.8467951789498329,0.0166641119867563,0.0002777055487968,45,0.7,45,20,733,4.0,4.0,4.0,4.0
2929,155,224,12,LDA,MMF4,0.111636473101571,0.0022130387973137,4.916128056009369e-06,45,0.7,45,20,733,1.0,1.0,1.0,1.0
2930,155,224,12,LDA,WBL4,0.1153453549193417,0.0022864772346743,5.246565487633879e-06,45,0.7,45,20,733,2.0,2.0,2.0,2.0
2931,155,224,12,LDA,POW4,0.2241552923399253,0.0044589311164204,2.061148496435616e-05,45,0.7,45,20,733,3.0,3.0,3.0,3.0
2932,160,75,8,Perceptron,LC-PFN,1.29880141466856,0.0150073813274502,0.0003619596536736,32,0.7,32,14,734,4.0,4.0,4.0,4.0
2933,160,75,8,Perceptron,MMF4,0.8769354181687107,0.0102140992544082,0.000153500777204,32,0.7,32,14,734,1.0,1.0,1.0,1.0
2934,160,75,8,Perceptron,WBL4,0.8989423901407029,0.0104704979543301,0.0001565058377008,32,0.7,32,14,734,2.0,2.0,2.0,2.0
2935,160,75,8,Perceptron,POW4,1.0090725739379536,0.0117590806456257,0.0001828488354576,32,0.7,32,14,734,3.0,3.0,3.0,3.0
2936,164,240,6,LogisticRegression,LC-PFN,0.7350529544055462,0.009730857796967,0.0001402513298671,45,0.7,45,20,735,1.0,1.0,1.0,1.0
2937,164,240,6,LogisticRegression,MMF4,0.8472224060544777,0.0112254363122074,0.000206494761178,45,0.7,45,20,735,3.0,3.0,3.0,3.0
2938,164,240,6,LogisticRegression,WBL4,0.8404867779572828,0.0111369428181471,0.0002118829260299,45,0.7,45,20,735,2.0,2.0,4.0,2.6666666666666665
2939,164,240,6,LogisticRegression,POW4,0.9029349193526416,0.0119607245496722,0.000204130151363,45,0.7,45,20,735,4.0,4.0,2.0,3.3333333333333335
2940,158,120,9,RidgeClassifier,LC-PFN,1.1414350010454657,0.0225306898355484,0.000507712480612,37,0.7,37,17,736,4.0,4.0,4.0,4.0
2941,158,120,9,RidgeClassifier,MMF4,0.1271917503184722,0.0025360983214254,6.506631685830664e-06,37,0.7,37,17,736,1.0,1.0,1.0,1.0
2942,158,120,9,RidgeClassifier,WBL4,0.1682634364673334,0.0033536441106097,1.133678142197802e-05,37,0.7,37,17,736,2.0,2.0,2.0,2.0
2943,158,120,9,RidgeClassifier,POW4,0.6381603533174479,0.0126596065183073,0.0001603555168473,37,0.7,37,17,736,3.0,3.0,3.0,3.0
2944,159,181,20,ens.ExtraTrees,LC-PFN,5.746324732899666,0.0616507045924663,0.0039323391392827,33,0.7,33,15,737,4.0,4.0,4.0,4.0
2945,159,181,20,ens.ExtraTrees,MMF4,2.476336528520907,0.0275207875878416,0.0008463362693188,33,0.7,33,15,737,3.0,3.0,3.0,3.0
2946,159,181,20,ens.ExtraTrees,WBL4,2.439260607968617,0.0271152813719288,0.0008194090106464,33,0.7,33,15,737,2.0,2.0,1.0,1.6666666666666667
2947,159,181,20,ens.ExtraTrees,POW4,2.433315065736185,0.0270650159083675,0.0008260324673257,33,0.7,33,15,737,1.0,1.0,2.0,1.3333333333333333
2948,156,62,13,QDA,LC-PFN,16.714416444301605,0.0515838824212551,0.0027024527080357,30,0.7,30,13,738,4.0,4.0,4.0,4.0
2949,156,62,13,QDA,MMF4,1.5348574364216436,0.0055163397582383,4.135592757616527e-05,30,0.7,30,13,738,1.0,1.0,1.0,1.0
2950,156,62,13,QDA,WBL4,1.5823812464767015,0.0056886882621777,4.564365774818255e-05,30,0.7,30,13,738,2.0,2.0,2.0,2.0
2951,156,62,13,QDA,POW4,1.871371197752271,0.0067509242335868,6.750454747659499e-05,30,0.7,30,13,738,3.0,3.0,3.0,3.0
2952,163,235,4,Decision Tree,LC-PFN,0.1157000544480979,0.0022574751637876,7.098098194546765e-06,44,0.7,44,20,739,2.0,2.0,2.0,2.0
2953,163,235,4,Decision Tree,MMF4,0.4826243040305967,0.0093726625155281,9.48634433039432e-05,44,0.7,44,20,739,3.0,3.0,3.0,3.0
2954,163,235,4,Decision Tree,WBL4,0.5428353853890109,0.0105351832093144,0.0001190716227038,44,0.7,44,20,739,4.0,4.0,4.0,4.0
2955,163,235,4,Decision Tree,POW4,0.0663782165920893,0.0012952943207668,2.492760001019427e-06,44,0.7,44,20,739,1.0,1.0,1.0,1.0
2956,162,33,5,ExtraTree,LC-PFN,5.604875832796097,0.0465564578771591,0.0022367911878973,35,0.7,35,15,740,4.0,4.0,4.0,4.0
2957,162,33,5,ExtraTree,MMF4,1.2584637843429496,0.0110496586032457,0.0001654133675216,35,0.7,35,15,740,2.0,2.0,2.0,2.0
2958,162,33,5,ExtraTree,WBL4,1.3261001376205723,0.0116381431816575,0.0001873948627972,35,0.7,35,15,740,3.0,3.0,3.0,3.0
2959,162,33,5,ExtraTree,POW4,1.07681390937673,0.0094665887152155,0.0001159128830768,35,0.7,35,15,740,1.0,1.0,1.0,1.0
2960,166,88,8,Perceptron,LC-PFN,1.164571288973093,0.0158007573336362,0.0003429689095355,49,0.7,49,21,741,4.0,4.0,4.0,4.0
2961,166,88,8,Perceptron,MMF4,1.079942084726591,0.0146633776456732,0.0002827122731459,49,0.7,49,21,741,2.0,2.0,2.0,2.0
2962,166,88,8,Perceptron,WBL4,1.0814564626088654,0.0146838428566862,0.0002835837779898,49,0.7,49,21,741,3.0,3.0,3.0,3.0
2963,166,88,8,Perceptron,POW4,1.0464623751720137,0.014210300256983,0.0002673345040543,49,0.7,49,21,741,1.0,1.0,1.0,1.0
2964,170,228,13,QDA,LC-PFN,18.288877606391907,0.1968890875577926,0.0741894245147705,31,0.7,31,14,742,4.0,4.0,3.0,3.6666666666666665
2965,170,228,13,QDA,MMF4,14.676938292915034,0.1694673033211244,0.0710312546711923,31,0.7,31,14,742,2.0,2.0,2.0,2.0
2966,170,228,13,QDA,WBL4,15.589265493771393,0.1774062787043897,0.0754335955158469,31,0.7,31,14,742,3.0,3.0,4.0,3.3333333333333335
2967,170,228,13,QDA,POW4,13.224321478897986,0.1563599107905119,0.0633589975288689,31,0.7,31,14,742,1.0,1.0,1.0,1.0
2968,165,190,3,SVC_sigmoid,LC-PFN,4.485006630420685,0.0366913378238678,0.0016152823809534,45,0.7,45,20,743,3.0,2.0,2.0,2.3333333333333335
2969,165,190,3,SVC_sigmoid,MMF4,4.169407624438862,0.0368386019413636,0.0016697812956324,45,0.7,45,20,743,2.0,3.0,3.0,2.6666666666666665
2970,165,190,3,SVC_sigmoid,WBL4,3.7000725152564464,0.0324881019368607,0.0013669128169938,45,0.7,45,20,743,1.0,1.0,1.0,1.0
2971,165,190,3,SVC_sigmoid,POW4,4.847214184998594,0.0432049796649041,0.002139923507366,45,0.7,45,20,743,4.0,4.0,4.0,4.0
2972,169,222,4,Decision Tree,LC-PFN,0.6861729081720114,0.0124938338994979,0.0001625864242669,44,0.7,44,20,744,3.0,3.0,3.0,3.0
2973,169,222,4,Decision Tree,MMF4,0.2413543559156033,0.0043722712111794,2.9551275159615062e-05,44,0.7,44,20,744,1.0,1.0,1.0,1.0
2974,169,222,4,Decision Tree,WBL4,0.5588326062829816,0.0100832381340359,0.0001400703394919,44,0.7,44,20,744,2.0,2.0,2.0,2.0
2975,169,222,4,Decision Tree,POW4,1.1003825959407687,0.0202338026776384,0.0004841854267729,44,0.7,44,20,744,4.0,4.0,4.0,4.0
2976,171,99,13,QDA,LC-PFN,1.9192064180970192,0.0285800825804471,0.0010236996458843,32,0.7,32,14,745,2.0,2.0,2.0,2.0
2977,171,99,13,QDA,MMF4,4.301272462730209,0.0623181153711066,0.0045629789698286,32,0.7,32,14,745,3.0,3.0,3.0,3.0
2978,171,99,13,QDA,WBL4,4.706633171354109,0.0678851848270837,0.0053202054217477,32,0.7,32,14,745,4.0,4.0,4.0,4.0
2979,171,99,13,QDA,POW4,1.4829129351356327,0.0218929314618335,0.0005171675134376,32,0.7,32,14,745,1.0,1.0,1.0,1.0
2980,168,129,22,ens.GradientBoosting,LC-PFN,0.9331148117780684,0.018380569294095,0.000340748229064,42,0.7,42,19,746,4.0,4.0,4.0,4.0
2981,168,129,22,ens.GradientBoosting,MMF4,0.0327424567733246,0.0006511964827239,4.964970902746558e-07,42,0.7,42,19,746,2.0,2.0,2.0,2.0
2982,168,129,22,ens.GradientBoosting,WBL4,0.1088185004964961,0.0021668356323349,5.19421835997614e-06,42,0.7,42,19,746,3.0,3.0,3.0,3.0
2983,168,129,22,ens.GradientBoosting,POW4,0.026303582876328,0.0005229895575115,3.410789390514341e-07,42,0.7,42,19,746,1.0,1.0,1.0,1.0
2984,172,147,11,MLP,LC-PFN,17.42326021194458,0.0536754317581653,0.0029060442466288,25,0.7,25,3,747,4.0,4.0,4.0,4.0
2985,172,147,11,MLP,MMF4,4.341562708334078,0.0150873337704038,0.0002910364310001,25,0.7,25,3,747,3.0,1.0,3.0,2.3333333333333335
2986,172,147,11,MLP,WBL4,4.314382546894198,0.0162133333349615,0.0002904277333856,25,0.7,25,3,747,2.0,3.0,2.0,2.3333333333333335
2987,172,147,11,MLP,POW4,4.3143824843424,0.016213333088138,0.0002904277252983,25,0.7,25,3,747,1.0,2.0,1.0,1.3333333333333333
2988,178,130,0,SVC_linear,LC-PFN,1.7538132146000862,0.0269188024103641,0.0011447372380644,48,0.7,48,21,748,2.0,2.0,2.0,2.0
2989,178,130,0,SVC_linear,MMF4,1.924075501552543,0.029576930854599,0.0013129287746967,48,0.7,48,21,748,3.0,3.0,3.0,3.0
2990,178,130,0,SVC_linear,WBL4,1.6386905218955945,0.0251133106938106,0.0009630949194512,48,0.7,48,21,748,1.0,1.0,1.0,1.0
2991,178,130,0,SVC_linear,POW4,2.6819585275940963,0.0417089285162654,0.0025008845341167,48,0.7,48,21,748,4.0,4.0,4.0,4.0
2992,175,155,19,NearestCentroid,LC-PFN,0.534607982262969,0.0074543156661093,6.9603935116902e-05,56,0.7,56,24,749,3.0,3.0,3.0,3.0
2993,175,155,19,NearestCentroid,MMF4,0.3526776383741059,0.00490481650719,2.472260032560331e-05,56,0.7,56,24,749,2.0,2.0,2.0,2.0
2994,175,155,19,NearestCentroid,WBL4,0.3149827945015284,0.0043788726576708,1.983986220645774e-05,56,0.7,56,24,749,1.0,1.0,1.0,1.0
2995,175,155,19,NearestCentroid,POW4,0.8156553399967126,0.0113973050452585,0.0001312287770554,56,0.7,56,24,749,4.0,4.0,4.0,4.0
2996,177,8,14,BernoulliNB,LC-PFN,4.288841411471367,0.0374200865626335,0.0015190569683909,37,0.7,37,17,750,4.0,4.0,4.0,4.0
2997,177,8,14,BernoulliNB,MMF4,0.3502112171706326,0.0032081086614597,1.3422177480466172e-05,37,0.7,37,17,750,1.0,1.0,1.0,1.0
2998,177,8,14,BernoulliNB,WBL4,0.4618666214787539,0.0042248430316702,2.89382398879281e-05,37,0.7,37,17,750,2.0,2.0,2.0,2.0
2999,177,8,14,BernoulliNB,POW4,1.1994537344266696,0.0111058173902502,0.0001263372001728,37,0.7,37,17,750,3.0,3.0,3.0,3.0
3000,180,31,15,MultinomialNB,LC-PFN,0.2278765896335244,0.0036734875757247,1.7446145648136735e-05,63,0.7,63,28,751,4.0,4.0,4.0,4.0
3001,180,31,15,MultinomialNB,MMF4,0.0805787730247522,0.0012983194891628,1.9411431398342743e-06,63,0.7,63,28,751,2.0,2.0,2.0,2.0
3002,180,31,15,MultinomialNB,WBL4,0.1979461779713929,0.0031852436408988,1.0754958798345905e-05,63,0.7,63,28,751,3.0,3.0,3.0,3.0
3003,180,31,15,MultinomialNB,POW4,0.0686897618507475,0.001106925321596,1.4545340007019016e-06,63,0.7,63,28,751,1.0,1.0,1.0,1.0
3004,174,159,13,QDA,LC-PFN,0.5995649378746748,0.0098477005958557,0.0001213044379255,35,0.7,35,16,752,1.0,1.0,1.0,1.0
3005,174,159,13,QDA,MMF4,2.606068358127472,0.0445837946161145,0.0027337906354198,35,0.7,35,16,752,3.0,3.0,3.0,3.0
3006,174,159,13,QDA,WBL4,3.467098341507055,0.0599184138233102,0.0047562992240641,35,0.7,35,16,752,4.0,4.0,4.0,4.0
3007,174,159,13,QDA,POW4,1.2605930128149845,0.020118549321297,0.000572500137285,35,0.7,35,16,752,2.0,2.0,2.0,2.0
3008,176,81,6,LogisticRegression,LC-PFN,1.7351988703012466,0.0188912954181432,0.0004561947134789,38,0.7,38,17,753,4.0,4.0,4.0,4.0
3009,176,81,6,LogisticRegression,MMF4,0.4410457132451812,0.0049199338036094,3.6444256175694e-05,38,0.7,38,17,753,1.0,1.0,1.0,1.0
3010,176,81,6,LogisticRegression,WBL4,0.5901931396149269,0.0065351029647705,4.751423399090245e-05,38,0.7,38,17,753,2.0,2.0,2.0,2.0
3011,176,81,6,LogisticRegression,POW4,0.7895896055860077,0.008885738035913,0.0001234999173916,38,0.7,38,17,753,3.0,3.0,3.0,3.0
3012,179,3,5,ExtraTree,LC-PFN,2.06723902374506,0.0313535034656524,0.0012386590242385,37,0.7,37,17,754,4.0,4.0,4.0,4.0
3013,179,3,5,ExtraTree,MMF4,1.1917914574744743,0.018307479506654,0.0004657367363433,37,0.7,37,17,754,3.0,3.0,3.0,3.0
3014,179,3,5,ExtraTree,WBL4,0.408522358348879,0.006344660230913,7.863168558899134e-05,37,0.7,37,17,754,1.0,1.0,1.0,1.0
3015,179,3,5,ExtraTree,POW4,0.5323474473472306,0.008225033216427,0.0001223025016498,37,0.7,37,17,754,2.0,2.0,2.0,2.0
3016,191,58,15,MultinomialNB,LC-PFN,0.4302851390093565,0.0064061568118631,6.825563468737528e-05,51,0.7,51,23,755,2.0,2.0,2.0,2.0
3017,191,58,15,MultinomialNB,MMF4,0.1866880325908881,0.002774258093697,1.3304940185286456e-05,51,0.7,51,23,755,1.0,1.0,1.0,1.0
3018,191,58,15,MultinomialNB,WBL4,0.8057762865192313,0.0117837681026061,0.0001613381124947,51,0.7,51,23,755,3.0,3.0,3.0,3.0
3019,191,58,15,MultinomialNB,POW4,1.3822814288564196,0.0208127291496522,0.0005646500754875,51,0.7,51,23,755,4.0,4.0,4.0,4.0
3020,181,216,1,SVC_poly,LC-PFN,0.805244967341423,0.0129934670403599,0.000212368366192,66,0.7,66,29,756,4.0,4.0,4.0,4.0
3021,181,216,1,SVC_poly,MMF4,0.3857491592776494,0.0062640786904997,5.453221944663568e-05,66,0.7,66,29,756,2.0,2.0,2.0,2.0
3022,181,216,1,SVC_poly,WBL4,0.7386873619863286,0.0119386545911626,0.0001973479108774,66,0.7,66,29,756,3.0,3.0,3.0,3.0
3023,181,216,1,SVC_poly,POW4,0.0351691874868096,0.0005675311488062,4.1506538737460537e-07,66,0.7,66,29,756,1.0,1.0,1.0,1.0
3024,185,59,1,SVC_poly,LC-PFN,29.21682894229889,0.1134951040148735,0.0133184483274817,32,0.7,32,14,757,4.0,4.0,4.0,4.0
3025,185,59,1,SVC_poly,MMF4,11.639187213197918,0.0529646295973589,0.0033230469356561,32,0.7,32,14,757,2.0,2.0,2.0,2.0
3026,185,59,1,SVC_poly,WBL4,12.339503080998606,0.0557472232469456,0.0036434010115677,32,0.7,32,14,757,3.0,3.0,3.0,3.0
3027,185,59,1,SVC_poly,POW4,2.200192816625042,0.0109351489694422,0.0001343940221712,32,0.7,32,14,757,1.0,1.0,1.0,1.0
3028,190,103,21,ens.RandomForest,LC-PFN,0.0786868506111204,0.0015365640865638,3.913040018233005e-06,32,0.7,32,15,758,1.0,1.0,1.0,1.0
3029,190,103,21,ens.RandomForest,MMF4,0.3193659623482762,0.0062174742415311,4.134054056941451e-05,32,0.7,32,15,758,3.0,3.0,3.0,3.0
3030,190,103,21,ens.RandomForest,WBL4,0.4012896175775298,0.0078056087709198,6.423312341248866e-05,32,0.7,32,15,758,4.0,4.0,4.0,4.0
3031,190,103,21,ens.RandomForest,POW4,0.2172868669180908,0.0042349358346584,2.009977633639626e-05,32,0.7,32,15,758,2.0,2.0,2.0,2.0
3032,184,163,1,SVC_poly,LC-PFN,0.3446030430495739,0.0064676292240619,4.909627750748768e-05,35,0.7,35,16,759,1.0,1.0,1.0,1.0
3033,184,163,1,SVC_poly,MMF4,1.1090416478141578,0.0206692805862473,0.000493416830695,35,0.7,35,16,759,3.0,3.0,3.0,3.0
3034,184,163,1,SVC_poly,WBL4,1.2509317674351528,0.0232774742369741,0.0006373404635837,35,0.7,35,16,759,4.0,4.0,4.0,4.0
3035,184,163,1,SVC_poly,POW4,0.7324623072875612,0.0137088783350074,0.0002169387480806,35,0.7,35,16,759,2.0,2.0,2.0,2.0
3036,192,145,13,QDA,LC-PFN,3.154236450791359,0.0575016699731349,0.0041303667239844,32,0.7,32,15,760,3.0,3.0,3.0,3.0
3037,192,145,13,QDA,MMF4,2.3903906973070392,0.043122186536221,0.0026651094605766,32,0.7,32,15,760,2.0,2.0,2.0,2.0
3038,192,145,13,QDA,WBL4,2.3222734492376547,0.0418508583505061,0.002557080833563,32,0.7,32,15,760,1.0,1.0,1.0,1.0
3039,192,145,13,QDA,POW4,4.019453911589021,0.0740732403217128,0.006439218703859,32,0.7,32,15,760,4.0,4.0,4.0,4.0
3040,183,245,1,SVC_poly,LC-PFN,2.42917463183403,0.0387960001826286,0.0026492155157029,72,0.7,72,31,761,4.0,4.0,4.0,4.0
3041,183,245,1,SVC_poly,MMF4,2.2956818362111187,0.036578952032997,0.0024339238770425,72,0.7,72,31,761,3.0,3.0,3.0,3.0
3042,183,245,1,SVC_poly,WBL4,2.243653623857508,0.0357143995114549,0.0023285659733353,72,0.7,72,31,761,1.0,1.0,1.0,1.0
3043,183,245,1,SVC_poly,POW4,2.29420244156724,0.0365543544734195,0.0024311613774998,72,0.7,72,31,761,2.0,2.0,2.0,2.0
3044,187,83,2,SVC_rbf,LC-PFN,0.479460833594203,0.0083646522834897,7.756497507216409e-05,32,0.7,32,14,762,2.0,2.0,2.0,2.0
3045,187,83,2,SVC_rbf,MMF4,0.5333516100028908,0.0093111688115549,0.000110751931657,32,0.7,32,14,762,3.0,3.0,3.0,3.0
3046,187,83,2,SVC_rbf,WBL4,0.7670700477012379,0.013352312063148,0.000218523651768,32,0.7,32,14,762,4.0,4.0,4.0,4.0
3047,187,83,2,SVC_rbf,POW4,0.2570743902794979,0.0045088914621186,3.4585364779060265e-05,32,0.7,32,14,762,1.0,1.0,1.0,1.0
3048,186,244,4,Decision Tree,LC-PFN,0.2516004722565412,0.0045158388093113,2.469349419698119e-05,45,0.7,45,20,763,1.0,1.0,1.0,1.0
3049,186,244,4,Decision Tree,MMF4,0.7710093884091006,0.0137708029841479,0.0002423502709066,45,0.7,45,20,763,2.0,2.0,2.0,2.0
3050,186,244,4,Decision Tree,WBL4,0.7909826155976762,0.0141245027513938,0.0002584842010953,45,0.7,45,20,763,4.0,4.0,4.0,4.0
3051,186,244,4,Decision Tree,POW4,0.7759479479114518,0.0138581004075427,0.0002450979530641,45,0.7,45,20,763,3.0,3.0,3.0,3.0
3052,188,203,9,RidgeClassifier,LC-PFN,1.6311293467879295,0.0233354344964027,0.0007745528127998,42,0.7,42,19,764,1.0,1.0,1.0,1.0
3053,188,203,9,RidgeClassifier,MMF4,2.051665199988331,0.0291766120638197,0.001181909105358,42,0.7,42,19,764,3.0,3.0,3.0,3.0
3054,188,203,9,RidgeClassifier,WBL4,2.165284279397042,0.0307471696098846,0.0013173859251452,42,0.7,42,19,764,4.0,4.0,4.0,4.0
3055,188,203,9,RidgeClassifier,POW4,2.013986554179037,0.0286548502645667,0.0011392253534341,42,0.7,42,19,764,2.0,2.0,2.0,2.0
3056,197,132,19,NearestCentroid,LC-PFN,0.3934685606509447,0.0069075743667781,6.145911174826324e-05,51,0.7,51,22,765,3.0,3.0,3.0,3.0
3057,197,132,19,NearestCentroid,MMF4,1.5881315666825335,0.0283327003352524,0.0010518413256698,51,0.7,51,22,765,4.0,4.0,4.0,4.0
3058,197,132,19,NearestCentroid,WBL4,0.0779559027511684,0.0013609347970228,1.901199080462411e-06,51,0.7,51,22,765,2.0,2.0,2.0,2.0
3059,197,132,19,NearestCentroid,POW4,0.0372406667269143,0.000650417520528,4.748136002042333e-07,51,0.7,51,22,765,1.0,1.0,1.0,1.0
3060,194,237,10,SGDClassifier,LC-PFN,0.5473984871059656,0.0101713733747601,0.0001297562848776,27,0.7,27,12,766,1.0,1.0,1.0,1.0
3061,194,237,10,SGDClassifier,MMF4,1.1718944489997296,0.0216697964666268,0.0005707813852983,27,0.7,27,12,766,4.0,4.0,4.0,4.0
3062,194,237,10,SGDClassifier,WBL4,1.144686553585056,0.021173528838163,0.000549615351915,27,0.7,27,12,766,3.0,3.0,3.0,3.0
3063,194,237,10,SGDClassifier,POW4,0.9118149582715238,0.0169076695533482,0.0003462828324772,27,0.7,27,12,766,2.0,2.0,2.0,2.0
3064,196,178,18,KNN,LC-PFN,4.5413970947265625,0.0448406375944614,0.0020509851165115,46,0.7,46,21,767,4.0,4.0,4.0,4.0
3065,196,178,18,KNN,MMF4,1.806055967676222,0.0187898900569532,0.0005882279074473,46,0.7,46,21,767,2.0,2.0,2.0,2.0
3066,196,178,18,KNN,WBL4,2.47743526761438,0.0254881873939204,0.0010387817647378,46,0.7,46,21,767,3.0,3.0,3.0,3.0
3067,196,178,18,KNN,POW4,1.3839971168760303,0.014504143858893,0.0003600620229803,46,0.7,46,21,767,1.0,1.0,1.0,1.0
3068,195,20,1,SVC_poly,LC-PFN,0.6844323594123125,0.0105440616607666,0.000124390469864,30,0.7,30,13,768,1.0,1.0,1.0,1.0
3069,195,20,1,SVC_poly,MMF4,1.044745179200406,0.0161782372302476,0.0002968744076767,30,0.7,30,13,768,3.0,3.0,3.0,3.0
3070,195,20,1,SVC_poly,WBL4,1.0761780788515014,0.0166719698531804,0.0003157516739843,30,0.7,30,13,768,4.0,4.0,4.0,4.0
3071,195,20,1,SVC_poly,POW4,0.8604980705642297,0.0132944861886564,0.0002007398692041,30,0.7,30,13,768,2.0,2.0,2.0,2.0
3072,193,143,14,BernoulliNB,LC-PFN,1.15627134218812,0.0178892761468887,0.0003781570121645,26,0.7,26,12,769,2.0,2.0,3.0,2.3333333333333335
3073,193,143,14,BernoulliNB,MMF4,1.2084281965594947,0.0186977601351167,0.0003695443235094,26,0.7,26,12,769,3.0,3.0,2.0,2.6666666666666665
3074,193,143,14,BernoulliNB,WBL4,1.1345127749884585,0.0175401604939003,0.0003273745481941,26,0.7,26,12,769,1.0,1.0,1.0,1.0
3075,193,143,14,BernoulliNB,POW4,1.8914443448323808,0.0294903161185474,0.0009409314885181,26,0.7,26,12,769,4.0,4.0,4.0,4.0
3076,198,236,4,Decision Tree,LC-PFN,0.3372680628672242,0.0060299914330244,6.393168587237597e-05,38,0.7,38,17,770,1.0,1.0,1.0,1.0
3077,198,236,4,Decision Tree,MMF4,1.3359701674538744,0.0235298093587468,0.0006599829143657,38,0.7,38,17,770,3.0,3.0,3.0,3.0
3078,198,236,4,Decision Tree,WBL4,1.7479384759484458,0.0306392458577733,0.0010819677631782,38,0.7,38,17,770,4.0,4.0,4.0,4.0
3079,198,236,4,Decision Tree,POW4,1.0041414659728625,0.0180241034947089,0.0003397063349756,38,0.7,38,17,770,2.0,2.0,2.0,2.0
3080,199,209,12,LDA,LC-PFN,3.405410796403885,0.0467195697128772,0.002480472670868,27,0.7,27,12,771,2.0,2.0,1.0,1.6666666666666667
3081,199,209,12,LDA,MMF4,6.254172233610826,0.0981238392103475,0.0133899339778885,27,0.7,27,12,771,4.0,4.0,4.0,4.0
3082,199,209,12,LDA,WBL4,3.337871196715688,0.0459298119576799,0.0028141392461997,27,0.7,27,12,771,1.0,1.0,3.0,1.6666666666666667
3083,199,209,12,LDA,POW4,3.7192091356428167,0.0506683197960811,0.0026910787719817,27,0.7,27,12,771,3.0,3.0,2.0,2.6666666666666665
3084,182,16,2,SVC_rbf,LC-PFN,0.5760005675256252,0.0104419197887182,0.0001127244904637,45,0.7,45,20,772,4.0,4.0,4.0,4.0
3085,182,16,2,SVC_rbf,MMF4,0.071084803072854,0.0012803307916369,2.1408641369211623e-06,45,0.7,45,20,772,2.0,2.0,2.0,2.0
3086,182,16,2,SVC_rbf,WBL4,0.0846334992536685,0.0015240919221391,2.9959839144714637e-06,45,0.7,45,20,772,3.0,3.0,3.0,3.0
3087,182,16,2,SVC_rbf,POW4,0.0221507726947573,0.0003991635123129,2.370674236978318e-07,45,0.7,45,20,772,1.0,1.0,1.0,1.0
3088,33,5,3,SVC_sigmoid,LC-PFN,31.71170949935913,0.1234451159834861,0.0157366637140512,37,0.7,37,17,773,3.0,3.0,3.0,3.0
3089,33,5,3,SVC_sigmoid,MMF4,36.22650707988317,0.398032890593979,0.2525036966954635,37,0.7,37,17,773,4.0,4.0,4.0,4.0
3090,33,5,3,SVC_sigmoid,WBL4,13.209719595340063,0.0602919843378789,0.0040585138022275,37,0.7,37,17,773,2.0,2.0,2.0,2.0
3091,33,5,3,SVC_sigmoid,POW4,10.207198014267968,0.0475955395079358,0.002670358956629,37,0.7,37,17,773,1.0,1.0,1.0,1.0
3092,151,111,1,SVC_poly,LC-PFN,1.419095229357481,0.018463734537363,0.0003658905625343,32,0.7,32,14,774,2.0,2.0,2.0,2.0
3093,151,111,1,SVC_poly,MMF4,1.471073754029167,0.0192082898183953,0.0005117152458424,32,0.7,32,14,774,3.0,3.0,3.0,3.0
3094,151,111,1,SVC_poly,WBL4,2.3376833578219123,0.0301846838498638,0.0011152644871332,32,0.7,32,14,774,4.0,4.0,4.0,4.0
3095,151,111,1,SVC_poly,POW4,0.8740624771216633,0.0118344154233742,0.0002336704735246,32,0.7,32,14,774,1.0,1.0,1.0,1.0
3096,122,22,8,Perceptron,LC-PFN,3.4690160304307938,0.0412063300609588,0.0021059850696474,44,0.7,44,19,775,2.0,2.0,2.0,2.0
3097,122,22,8,Perceptron,MMF4,7.708709107512465,0.108234651473452,0.0186929848140855,44,0.7,44,19,775,4.0,4.0,4.0,4.0
3098,122,22,8,Perceptron,WBL4,3.930284959778165,0.0465338800053798,0.0027982100671963,44,0.7,44,19,775,3.0,3.0,3.0,3.0
3099,122,22,8,Perceptron,POW4,1.437554117053316,0.0175004808544084,0.0004497674618581,44,0.7,44,19,775,1.0,1.0,1.0,1.0
3100,118,215,3,SVC_sigmoid,LC-PFN,0.6177276372909546,0.0093569457530975,0.0001230878697242,36,0.7,36,16,776,2.0,2.0,2.0,2.0
3101,118,215,3,SVC_sigmoid,MMF4,14.487911763726444,0.1872919977619764,0.0412936575057132,36,0.7,36,16,776,4.0,4.0,4.0,4.0
3102,118,215,3,SVC_sigmoid,WBL4,0.4893386518975577,0.0074202869653183,7.987320125254462e-05,36,0.7,36,16,776,1.0,1.0,1.0,1.0
3103,118,215,3,SVC_sigmoid,POW4,1.1816480018949398,0.0177158028012135,0.0004020645504337,36,0.7,36,16,776,3.0,3.0,3.0,3.0
3104,1,14,18,KNN,LC-PFN,0.4967879969626665,0.0097403777763247,9.673145541455595e-05,59,0.9,59,7,777,1.0,1.0,1.0,1.0
3105,1,14,18,KNN,MMF4,0.6502394366188569,0.0127292579024567,0.000163645306534,59,0.9,59,7,777,2.0,2.0,2.0,2.0
3106,1,14,18,KNN,WBL4,0.9895119034449908,0.0193053278959947,0.0003749174912857,59,0.9,59,7,777,3.0,3.0,3.0,3.0
3107,1,14,18,KNN,POW4,1.0476925917186544,0.0204238290144653,0.0004196035653823,59,0.9,59,7,777,4.0,4.0,4.0,4.0
3108,10,162,22,ens.GradientBoosting,LC-PFN,1.0229489766061306,0.0201674699783325,0.0004070523136761,45,0.9,45,6,778,4.0,4.0,4.0,4.0
3109,10,162,22,ens.GradientBoosting,MMF4,0.0271757907136275,0.000541233430369,3.63008557167777e-07,45,0.9,45,6,778,1.0,1.0,1.0,1.0
3110,10,162,22,ens.GradientBoosting,WBL4,0.0549893737602074,0.0010947592935905,1.5228327132209318e-06,45,0.9,45,6,778,2.0,2.0,2.0,2.0
3111,10,162,22,ens.GradientBoosting,POW4,0.0847275889447976,0.001688806829417,3.33725641576532e-06,45,0.9,45,6,778,3.0,3.0,3.0,3.0
3112,9,248,19,NearestCentroid,LC-PFN,0.5181804299354553,0.0082926945760846,7.348795043071732e-05,53,0.9,53,6,779,4.0,4.0,4.0,4.0
3113,9,248,19,NearestCentroid,MMF4,0.0662290838588306,0.0010656314028665,2.2580237397717203e-06,53,0.9,53,6,779,1.0,1.0,2.0,1.3333333333333333
3114,9,248,19,NearestCentroid,WBL4,0.2262583945620932,0.0036329099686366,1.4841058819033612e-05,53,0.9,53,6,779,3.0,3.0,3.0,3.0
3115,9,248,19,NearestCentroid,POW4,0.0803850695818493,0.0012934540248168,1.7899890983242811e-06,53,0.9,53,6,779,2.0,2.0,1.0,1.6666666666666667
3116,2,157,20,ens.ExtraTrees,LC-PFN,0.1739632687531411,0.0033859610557556,1.1903096492460463e-05,45,0.9,45,6,780,4.0,4.0,4.0,4.0
3117,2,157,20,ens.ExtraTrees,MMF4,0.1466420146263476,0.0028454249686706,8.53596177384639e-06,45,0.9,45,6,780,2.0,2.0,2.0,2.0
3118,2,157,20,ens.ExtraTrees,WBL4,0.1467954824357685,0.0028484352898665,8.544504054914222e-06,45,0.9,45,6,780,3.0,3.0,3.0,3.0
3119,2,157,20,ens.ExtraTrees,POW4,0.1034380920480477,0.0020079563509132,4.521083338261937e-06,45,0.9,45,6,780,1.0,1.0,1.0,1.0
3120,8,206,19,NearestCentroid,LC-PFN,0.6594481877982616,0.0121368542313575,0.0001496873592259,66,0.9,66,8,781,4.0,4.0,4.0,4.0
3121,8,206,19,NearestCentroid,MMF4,0.0223123267902746,0.0004078148531325,1.8066952488625492e-07,66,0.9,66,8,781,1.0,1.0,1.0,1.0
3122,8,206,19,NearestCentroid,WBL4,0.053689013804301,0.0009809895562982,9.724775890582567e-07,66,0.9,66,8,781,2.0,2.0,2.0,2.0
3123,8,206,19,NearestCentroid,POW4,0.1199010050786338,0.002194594023822,4.8592857597759685e-06,66,0.9,66,8,781,3.0,3.0,3.0,3.0
3124,14,2,6,LogisticRegression,LC-PFN,0.1905720098875463,0.0032824575901031,1.3090355423628353e-05,36,0.9,36,4,782,2.0,2.0,1.0,1.6666666666666667
3125,14,2,6,LogisticRegression,MMF4,0.1926691696864963,0.0033281247489071,1.5108156829032855e-05,36,0.9,36,4,782,3.0,3.0,3.0,3.0
3126,14,2,6,LogisticRegression,WBL4,0.1825386990634482,0.0031526900799357,1.3971464589309402e-05,36,0.9,36,4,782,1.0,1.0,2.0,1.3333333333333333
3127,14,2,6,LogisticRegression,POW4,0.7137541791787324,0.0124003548009034,0.0001571272301153,36,0.9,36,4,782,4.0,4.0,4.0,4.0
3128,7,77,10,SGDClassifier,LC-PFN,1.154384110122919,0.0140904188156127,0.0003464125911705,41,0.9,41,5,783,1.0,1.0,4.0,2.0
3129,7,77,10,SGDClassifier,MMF4,1.1631562843596843,0.0142153342693045,0.0002203614496853,41,0.9,41,5,783,2.0,2.0,1.0,1.6666666666666667
3130,7,77,10,SGDClassifier,WBL4,1.247571166546095,0.0152434799304801,0.0002677014198563,41,0.9,41,5,783,4.0,4.0,3.0,3.6666666666666665
3131,7,77,10,SGDClassifier,POW4,1.1921895604894313,0.0145687070915538,0.0002273879443658,41,0.9,41,5,783,3.0,3.0,2.0,2.6666666666666665
3132,13,248,11,MLP,LC-PFN,0.3698152722790837,0.0062144696712493,3.930948150809854e-05,53,0.9,53,6,784,4.0,4.0,4.0,4.0
3133,13,248,11,MLP,MMF4,0.0693605718484756,0.0011692072765515,1.5120891486923217e-06,53,0.9,53,6,784,2.0,2.0,2.0,2.0
3134,13,248,11,MLP,WBL4,0.2232412404464001,0.00375887530413,1.5500105455321017e-05,53,0.9,53,6,784,3.0,3.0,3.0,3.0
3135,13,248,11,MLP,POW4,0.0413694380188991,0.0006969116705106,7.509721269729237e-07,53,0.9,53,6,784,1.0,1.0,1.0,1.0
3136,12,236,7,PassiveAggressive,LC-PFN,2.094075083732605,0.0279411170631647,0.00091892312048,49,0.9,49,6,785,4.0,4.0,4.0,4.0
3137,12,236,7,PassiveAggressive,MMF4,1.3771569002050246,0.0179121669726847,0.0004602145957487,49,0.9,49,6,785,2.0,2.0,2.0,2.0
3138,12,236,7,PassiveAggressive,WBL4,1.584791907504349,0.0205549759126076,0.0005633480497562,49,0.9,49,6,785,3.0,3.0,3.0,3.0
3139,12,236,7,PassiveAggressive,POW4,0.7989615787216529,0.0104952530880417,0.00024286257115,49,0.9,49,6,785,1.0,1.0,1.0,1.0
3140,4,162,17,GaussianNB,LC-PFN,1.0604496113955977,0.0209150910377502,0.0004376885772217,45,0.9,45,6,786,4.0,4.0,4.0,4.0
3141,4,162,17,GaussianNB,MMF4,0.0412767916112417,0.0008225017105562,9.134761058379708e-07,45,0.9,45,6,786,1.0,1.0,1.0,1.0
3142,4,162,17,GaussianNB,WBL4,0.0654730362344849,0.0013042642787722,1.9334374287967736e-06,45,0.9,45,6,786,2.0,2.0,2.0,2.0
3143,4,162,17,GaussianNB,POW4,0.0764693590603321,0.0015252661286135,2.8823857582934287e-06,45,0.9,45,6,786,3.0,3.0,3.0,3.0
3144,5,226,9,RidgeClassifier,LC-PFN,0.7036722265183926,0.0077804564498364,7.461626955773681e-05,89,0.9,89,10,787,1.0,1.0,1.0,1.0
3145,5,226,9,RidgeClassifier,MMF4,3.79945737454805,0.0406387898681471,0.0016857664177714,89,0.9,89,10,787,3.0,3.0,3.0,3.0
3146,5,226,9,RidgeClassifier,WBL4,4.660857957923039,0.0494347291520644,0.0024826128015379,89,0.9,89,10,787,4.0,4.0,4.0,4.0
3147,5,226,9,RidgeClassifier,POW4,1.4815071871828396,0.0160105082730371,0.0003410041769233,89,0.9,89,10,787,2.0,2.0,2.0,2.0
3148,3,183,19,NearestCentroid,LC-PFN,20.84621489048004,0.0660919472575187,0.0043682525865733,95,0.9,95,11,788,4.0,4.0,4.0,4.0
3149,3,183,19,NearestCentroid,MMF4,8.592335252288159,0.0303157521144056,0.0009191427346257,95,0.9,95,11,788,3.0,3.0,3.0,3.0
3150,3,183,19,NearestCentroid,WBL4,1.3243884758714424,0.0050081372629007,2.5179347207691652e-05,95,0.9,95,11,788,1.0,1.0,1.0,1.0
3151,3,183,19,NearestCentroid,POW4,2.72387144362697,0.0107471687608193,0.0001215760053032,95,0.9,95,11,788,2.0,2.0,2.0,2.0
3152,11,139,2,SVC_rbf,LC-PFN,0.1061403774656355,0.0018648743862286,4.567117230180884e-06,45,0.9,45,5,789,3.0,3.0,4.0,3.3333333333333335
3153,11,139,2,SVC_rbf,MMF4,0.1144965068383554,0.0020125553606598,4.516597064917236e-06,45,0.9,45,5,789,4.0,4.0,3.0,3.6666666666666665
3154,11,139,2,SVC_rbf,WBL4,0.0467523047256866,0.0008211607709083,7.69870857235478e-07,45,0.9,45,5,789,2.0,2.0,2.0,2.0
3155,11,139,2,SVC_rbf,POW4,0.0263218498971508,0.0004622087999041,2.753066094569597e-07,45,0.9,45,5,789,1.0,1.0,1.0,1.0
3156,16,188,2,SVC_rbf,LC-PFN,0.7359015289694071,0.0122639285400509,0.0001515601907158,58,0.9,58,7,790,4.0,4.0,4.0,4.0
3157,16,188,2,SVC_rbf,MMF4,0.2082577626294237,0.003489012335456,1.277860368944891e-05,58,0.9,58,7,790,2.0,2.0,2.0,2.0
3158,16,188,2,SVC_rbf,WBL4,0.1481755682930031,0.0024836138143448,6.762715975060589e-06,58,0.9,58,7,790,1.0,1.0,1.0,1.0
3159,16,188,2,SVC_rbf,POW4,0.3124494663532428,0.005229491872029,2.8073430805964734e-05,58,0.9,58,7,790,3.0,3.0,3.0,3.0
3160,15,150,2,SVC_rbf,LC-PFN,0.2313957549631595,0.003905564546585,1.7487815057393163e-05,27,0.9,27,4,791,4.0,4.0,4.0,4.0
3161,15,150,2,SVC_rbf,MMF4,1.119674301758486e-06,1.8948334123969346e-08,3.612771584159848e-16,27,0.9,27,4,791,1.0,1.0,1.0,1.0
3162,15,150,2,SVC_rbf,WBL4,0.0006100404551155,1.0323824869901133e-05,1.0716061515458324e-10,27,0.9,27,4,791,3.0,3.0,3.0,3.0
3163,15,150,2,SVC_rbf,POW4,4.634705885933566e-06,7.843348792668793e-08,6.266948709532547e-15,27,0.9,27,4,791,2.0,2.0,2.0,2.0
3164,20,130,1,SVC_poly,LC-PFN,0.3439616411924362,0.0061771273612976,4.0525716030970216e-05,62,0.9,62,7,792,4.0,4.0,4.0,4.0
3165,20,130,1,SVC_poly,MMF4,0.0565280063730556,0.0010120846552215,1.1085634699811018e-06,62,0.9,62,7,792,3.0,3.0,3.0,3.0
3166,20,130,1,SVC_poly,WBL4,0.0184939784504472,0.0003309789592464,1.1268640555162935e-07,62,0.9,62,7,792,2.0,2.0,2.0,2.0
3167,20,130,1,SVC_poly,POW4,0.0076907642999659,0.0001376228346321,1.904439704587008e-08,62,0.9,62,7,792,1.0,1.0,1.0,1.0
3168,17,42,3,SVC_sigmoid,LC-PFN,1.479493826627731,0.028283255174756,0.0008106129243969,62,0.9,62,7,793,3.0,3.0,3.0,3.0
3169,17,42,3,SVC_sigmoid,MMF4,0.7373450032855918,0.0140077228455247,0.0002030352214195,62,0.9,62,7,793,1.0,1.0,1.0,1.0
3170,17,42,3,SVC_sigmoid,WBL4,0.9222122799703928,0.0172236010028893,0.0003101412967412,62,0.9,62,7,793,2.0,2.0,2.0,2.0
3171,17,42,3,SVC_sigmoid,POW4,10.81841535246632,0.1838547986269549,0.0338474722431135,62,0.9,62,7,793,4.0,4.0,4.0,4.0
3172,18,48,7,PassiveAggressive,LC-PFN,0.639216834679246,0.0098507162183523,0.0001640335831325,90,0.9,90,10,794,4.0,4.0,4.0,4.0
3173,18,48,7,PassiveAggressive,MMF4,0.5759243856074128,0.0088682194307906,0.000106430264871,90,0.9,90,10,794,2.0,2.0,2.0,2.0
3174,18,48,7,PassiveAggressive,WBL4,0.5732749188407005,0.0088272000000115,9.966820380713204e-05,90,0.9,90,10,794,1.0,1.0,1.0,1.0
3175,18,48,7,PassiveAggressive,POW4,0.5934961750808058,0.0091403811449491,0.0001170166910374,90,0.9,90,10,794,3.0,3.0,3.0,3.0
3176,27,136,17,GaussianNB,LC-PFN,0.3518798388540745,0.0068884566426277,4.773068212671205e-05,69,0.9,69,8,795,4.0,4.0,4.0,4.0
3177,27,136,17,GaussianNB,MMF4,0.0693477531808295,0.0013630951304504,2.1696132541245485e-06,69,0.9,69,8,795,2.0,2.0,2.0,2.0
3178,27,136,17,GaussianNB,WBL4,0.0542663725613444,0.0010664609131012,1.4494935621478636e-06,69,0.9,69,8,795,1.0,1.0,1.0,1.0
3179,27,136,17,GaussianNB,POW4,0.1658183185019575,0.0032626873852002,1.0917834341903872e-05,69,0.9,69,8,795,3.0,3.0,3.0,3.0
3180,23,157,14,BernoulliNB,LC-PFN,0.8273888379335403,0.0153661267831921,0.0002375193871557,45,0.9,45,6,796,4.0,4.0,4.0,4.0
3181,23,157,14,BernoulliNB,MMF4,4.94146240401308e-07,9.100822799072242e-09,8.42200017877129e-17,45,0.9,45,6,796,2.0,2.0,2.0,2.0
3182,23,157,14,BernoulliNB,WBL4,0.0011426029121998,2.104386353603734e-05,4.4488516017913677e-10,45,0.9,45,6,796,3.0,3.0,3.0,3.0
3183,23,157,14,BernoulliNB,POW4,6.232539332644834e-08,1.147863359918233e-09,1.4962582482250526e-18,45,0.9,45,6,796,1.0,1.0,1.0,1.0
3184,19,60,6,LogisticRegression,LC-PFN,1.244998164474964,0.0245937705039978,0.0006048546638339,25,0.9,25,2,797,4.0,4.0,4.0,4.0
3185,19,60,6,LogisticRegression,MMF4,0.0432674222155429,0.0008649717236886,7.531111203842168e-07,25,0.9,25,2,797,2.0,2.0,2.0,2.0
3186,19,60,6,LogisticRegression,WBL4,0.0398095362224604,0.0007958733837665,6.344279952326569e-07,25,0.9,25,2,797,1.0,1.0,1.0,1.0
3187,19,60,6,LogisticRegression,POW4,0.6306218298270719,0.0125333982511505,0.0001570860717219,25,0.9,25,2,797,3.0,3.0,3.0,3.0
3188,32,253,16,ComplementNB,LC-PFN,18.846318125724792,0.093946523964405,0.008830739185214,64,0.9,64,8,798,4.0,4.0,4.0,4.0
3189,32,253,16,ComplementNB,MMF4,0.2552926317237668,0.0015125582793728,3.2029757416611643e-06,64,0.9,64,8,798,1.0,1.0,1.0,1.0
3190,32,253,16,ComplementNB,WBL4,0.2775370420847443,0.0016437433387912,3.695084765739098e-06,64,0.9,64,8,798,2.0,2.0,2.0,2.0
3191,32,253,16,ComplementNB,POW4,0.61838187081048,0.0036834132049678,1.5104215139875934e-05,64,0.9,64,8,798,3.0,3.0,3.0,3.0
3192,21,128,8,Perceptron,LC-PFN,0.6263779476284981,0.0122994286939501,0.0001543065154692,48,0.9,48,6,799,4.0,4.0,4.0,4.0
3193,21,128,8,Perceptron,MMF4,0.1398219299540767,0.0027600653835205,1.0658704183577992e-05,48,0.9,48,6,799,1.0,1.0,1.0,1.0
3194,21,128,8,Perceptron,WBL4,0.1810456112947054,0.0035718855410069,1.5843062992785793e-05,48,0.9,48,6,799,2.0,2.0,2.0,2.0
3195,21,128,8,Perceptron,POW4,0.4226276181967311,0.0083159723729532,7.224044446414902e-05,48,0.9,48,6,799,3.0,3.0,3.0,3.0
3196,25,258,14,BernoulliNB,LC-PFN,0.0893595570232719,0.0012158796889707,2.258765107399085e-06,115,0.9,115,13,800,4.0,4.0,4.0,4.0
3197,25,258,14,BernoulliNB,MMF4,0.0499523732744249,0.0006791130830071,4.677413660676804e-07,115,0.9,115,13,800,2.0,2.0,2.0,2.0
3198,25,258,14,BernoulliNB,WBL4,0.0279332947220612,0.0003796732835947,1.5070100937622538e-07,115,0.9,115,13,800,1.0,1.0,1.0,1.0
3199,25,258,14,BernoulliNB,POW4,0.0836154281486073,0.0011371556794759,1.2996630479354764e-06,115,0.9,115,13,800,3.0,3.0,3.0,3.0
3200,29,193,7,PassiveAggressive,LC-PFN,13.769663870334623,0.0320249758660793,0.0010259771952405,100,0.9,100,12,801,4.0,4.0,4.0,4.0
3201,29,193,7,PassiveAggressive,MMF4,0.2157125787094249,0.0004332796451929,4.523130972354846e-07,100,0.9,100,12,801,3.0,3.0,3.0,3.0
3202,29,193,7,PassiveAggressive,WBL4,0.2120339948733419,0.0004259200015887,4.054428832555333e-07,100,0.9,100,12,801,2.0,2.0,1.0,1.6666666666666667
3203,29,193,7,PassiveAggressive,POW4,0.2120339904892016,0.0004259199928053,4.054428889679576e-07,100,0.9,100,12,801,1.0,1.0,2.0,1.3333333333333333
3204,22,165,1,SVC_poly,LC-PFN,0.8279432542622089,0.0159524641931056,0.0002545762690715,118,0.9,118,14,802,4.0,4.0,4.0,4.0
3205,22,165,1,SVC_poly,MMF4,0.0018487039371407,3.532568789826884e-05,1.247904225485898e-09,118,0.9,118,14,802,2.0,2.0,2.0,2.0
3206,22,165,1,SVC_poly,WBL4,0.0003092329651563,5.908805226233811e-06,3.4913979201567994e-11,118,0.9,118,14,802,1.0,1.0,1.0,1.0
3207,22,165,1,SVC_poly,POW4,0.0153587833139288,0.0002935207127728,8.615440882726643e-08,118,0.9,118,14,802,3.0,3.0,3.0,3.0
3208,30,20,11,MLP,LC-PFN,0.7448308169841766,0.0101238964125514,0.0002377525961492,38,0.9,38,5,803,1.0,1.0,4.0,2.0
3209,30,20,11,MLP,MMF4,0.7997305163410481,0.0108719307522302,0.0001851783578599,38,0.9,38,5,803,3.0,3.0,1.0,2.3333333333333335
3210,30,20,11,MLP,WBL4,0.8293102103291742,0.011275128851017,0.000185196215645,38,0.9,38,5,803,4.0,4.0,2.0,3.3333333333333335
3211,30,20,11,MLP,POW4,0.7945087335919745,0.0108006405703628,0.0001859955013807,38,0.9,38,5,803,2.0,2.0,3.0,2.3333333333333335
3212,28,103,7,PassiveAggressive,LC-PFN,1.1328074149787426,0.0217887870967388,0.0005183879984542,42,0.9,42,5,804,4.0,4.0,4.0,4.0
3213,28,103,7,PassiveAggressive,MMF4,0.3104474705909803,0.0059121121961053,5.131389515746147e-05,42,0.9,42,5,804,1.0,1.0,1.0,1.0
3214,28,103,7,PassiveAggressive,WBL4,0.3685522128391139,0.0070112825244945,9.032594659972088e-05,42,0.9,42,5,804,2.0,2.0,2.0,2.0
3215,28,103,7,PassiveAggressive,POW4,0.483327047593629,0.0092219171317695,0.0001055428017958,42,0.9,42,5,804,3.0,3.0,3.0,3.0
3216,26,194,6,LogisticRegression,LC-PFN,21.789507567882534,0.0899717211723327,0.0080971410498023,94,0.9,94,11,805,4.0,4.0,4.0,4.0
3217,26,194,6,LogisticRegression,MMF4,0.2947213088880539,0.0014834231312976,2.839561988748047e-06,94,0.9,94,11,805,2.0,2.0,2.0,2.0
3218,26,194,6,LogisticRegression,WBL4,0.2292764307821866,0.0011537937224705,2.2641809255165207e-06,94,0.9,94,11,805,1.0,1.0,1.0,1.0
3219,26,194,6,LogisticRegression,POW4,0.3169024784345045,0.0015954288974455,3.286569536097212e-06,94,0.9,94,11,805,3.0,3.0,3.0,3.0
3220,24,191,3,SVC_sigmoid,LC-PFN,5.547769740223885,0.0321767926216125,0.0021828070748597,25,0.9,25,3,806,1.0,1.0,3.0,1.6666666666666667
3221,24,191,3,SVC_sigmoid,MMF4,6.232353483586075,0.0366900182337033,0.0013552847163207,25,0.9,25,3,806,2.0,2.0,1.0,1.6666666666666667
3222,24,191,3,SVC_sigmoid,WBL4,12.19402381367746,0.0786388988524611,0.0076042613816982,25,0.9,25,3,806,4.0,4.0,4.0,4.0
3223,24,191,3,SVC_sigmoid,POW4,7.081643108235605,0.0420559221229296,0.0020857425615763,25,0.9,25,3,806,3.0,3.0,2.0,2.6666666666666665
3224,0,260,5,ExtraTree,LC-PFN,0.8151390589773655,0.0101434467360377,0.0001088221179088,81,0.9,81,10,807,4.0,4.0,4.0,4.0
3225,0,260,5,ExtraTree,MMF4,0.3022933594781236,0.0037822637486328,1.5224166576649793e-05,81,0.9,81,10,807,3.0,3.0,3.0,3.0
3226,0,260,5,ExtraTree,WBL4,0.1108886701413059,0.0013921741503494,2.707579648194776e-06,81,0.9,81,10,807,2.0,2.0,2.0,2.0
3227,0,260,5,ExtraTree,POW4,0.1108886701004211,0.0013921741498353,2.707579646461407e-06,81,0.9,81,10,807,1.0,1.0,1.0,1.0
3228,35,98,6,LogisticRegression,LC-PFN,0.291072903200984,0.0049413102678954,2.94806704914663e-05,61,0.9,61,7,808,3.0,3.0,3.0,3.0
3229,35,98,6,LogisticRegression,MMF4,0.115780359722473,0.0019701617148887,5.16709091114122e-06,61,0.9,61,7,808,1.0,1.0,1.0,1.0
3230,35,98,6,LogisticRegression,WBL4,0.1533364174215848,0.0026079656365085,8.97559376924975e-06,61,0.9,61,7,808,2.0,2.0,2.0,2.0
3231,35,98,6,LogisticRegression,POW4,0.4644950967182875,0.0079438907590092,6.601990191117208e-05,61,0.9,61,7,808,4.0,4.0,4.0,4.0
3232,36,72,13,QDA,LC-PFN,1.5267214737832546,0.0174421370029449,0.0003174590237904,68,0.9,68,8,809,1.0,1.0,1.0,1.0
3233,36,72,13,QDA,MMF4,1.6449123671467982,0.0194014797089297,0.0003778486716841,68,0.9,68,8,809,2.0,2.0,2.0,2.0
3234,36,72,13,QDA,WBL4,5.579298267586997,0.0685310402775195,0.0047004112383105,68,0.9,68,8,809,4.0,4.0,4.0,4.0
3235,36,72,13,QDA,POW4,5.403018581179107,0.0662420286320926,0.0043923819038185,68,0.9,68,8,809,3.0,3.0,3.0,3.0
3236,34,254,1,SVC_poly,LC-PFN,2.0809777081012726,0.0226428154855966,0.0005209241644479,83,0.9,83,10,810,4.0,4.0,4.0,4.0
3237,34,254,1,SVC_poly,MMF4,0.1531493233669552,0.0017069913279351,4.129492179323198e-06,83,0.9,83,10,810,1.0,1.0,1.0,1.0
3238,34,254,1,SVC_poly,WBL4,0.3738835469965465,0.0041504405070513,2.123879892603908e-05,83,0.9,83,10,810,3.0,3.0,3.0,3.0
3239,34,254,1,SVC_poly,POW4,0.2686158445146954,0.0029898720352666,8.990373308621087e-06,83,0.9,83,10,810,2.0,2.0,2.0,2.0
3240,31,44,15,MultinomialNB,LC-PFN,0.4765300545841455,0.0075071901082992,6.212518928805366e-05,27,0.9,27,4,811,4.0,4.0,4.0,4.0
3241,31,44,15,MultinomialNB,MMF4,0.2078849911761124,0.0032856954222178,1.572969571031819e-05,27,0.9,27,4,811,2.0,2.0,2.0,2.0
3242,31,44,15,MultinomialNB,WBL4,0.2578796704721867,0.0040733032652432,2.1416720237791668e-05,27,0.9,27,4,811,3.0,3.0,3.0,3.0
3243,31,44,15,MultinomialNB,POW4,0.2076507342475749,0.0032820024576919,1.5706568492992188e-05,27,0.9,27,4,811,1.0,1.0,1.0,1.0
3244,38,179,9,RidgeClassifier,LC-PFN,0.1874273410066962,0.0036473423242568,1.3597576980828308e-05,68,0.9,68,8,812,3.0,3.0,2.0,2.6666666666666665
3245,38,179,9,RidgeClassifier,MMF4,0.0429799217151196,0.0008345396431361,8.806378690684148e-07,68,0.9,68,8,812,1.0,1.0,1.0,1.0
3246,38,179,9,RidgeClassifier,WBL4,0.3068721209403954,0.0059424557006866,3.544515581860533e-05,68,0.9,68,8,812,4.0,4.0,4.0,4.0
3247,38,179,9,RidgeClassifier,POW4,0.1647817774413723,0.0032073081389488,1.4958442178408595e-05,68,0.9,68,8,812,2.0,2.0,3.0,2.3333333333333335
3248,45,251,10,SGDClassifier,LC-PFN,0.2888182643800974,0.0051570832729339,3.552622365532443e-05,64,0.9,64,8,813,1.0,1.0,1.0,1.0
3249,45,251,10,SGDClassifier,MMF4,1.0007719797645902,0.0176941048617165,0.0003208058986505,64,0.9,64,8,813,4.0,4.0,4.0,4.0
3250,45,251,10,SGDClassifier,WBL4,0.9671803808976654,0.0171079792740616,0.0003015983743065,64,0.9,64,8,813,3.0,3.0,3.0,3.0
3251,45,251,10,SGDClassifier,POW4,0.6593979556587329,0.0116938228145217,0.000140140735955,64,0.9,64,8,813,2.0,2.0,2.0,2.0
3252,44,243,22,ens.GradientBoosting,LC-PFN,0.2164936857298016,0.0032441276125609,1.16623687063111e-05,59,0.9,59,7,814,1.0,1.0,1.0,1.0
3253,44,243,22,ens.GradientBoosting,MMF4,1.1604267918630706,0.0172178285122561,0.0003058662235611,59,0.9,59,7,814,3.0,3.0,3.0,3.0
3254,44,243,22,ens.GradientBoosting,WBL4,1.2582207349428276,0.0186502817467868,0.0003593316027886,59,0.9,59,7,814,4.0,4.0,4.0,4.0
3255,44,243,22,ens.GradientBoosting,POW4,0.3394022165288586,0.0050807788584873,2.9267064568435464e-05,59,0.9,59,7,814,2.0,2.0,2.0,2.0
3256,40,111,19,NearestCentroid,LC-PFN,0.9083021432161332,0.0118308421224355,0.0001439860498066,41,0.9,41,5,815,4.0,4.0,4.0,4.0
3257,40,111,19,NearestCentroid,MMF4,0.7747149562301889,0.0101084203919681,0.0001053705592246,41,0.9,41,5,815,2.0,2.0,2.0,2.0
3258,40,111,19,NearestCentroid,WBL4,0.8624403809954939,0.0112434195697036,0.0001298469504587,41,0.9,41,5,815,3.0,3.0,3.0,3.0
3259,40,111,19,NearestCentroid,POW4,0.7579229029843304,0.0098909355471356,0.0001009940806104,41,0.9,41,5,815,1.0,1.0,1.0,1.0
3260,42,127,5,ExtraTree,LC-PFN,1.1973627842962742,0.0230074692517519,0.0005317258764989,61,0.9,61,7,816,4.0,4.0,4.0,4.0
3261,42,127,5,ExtraTree,MMF4,0.2113776299026196,0.0040062730007375,1.8532248061409397e-05,61,0.9,61,7,816,2.0,2.0,2.0,2.0
3262,42,127,5,ExtraTree,WBL4,0.3398890162030255,0.0064328577274535,4.419051680060433e-05,61,0.9,61,7,816,3.0,3.0,3.0,3.0
3263,42,127,5,ExtraTree,POW4,0.1965829751567089,0.0037265135777361,1.6335673227222364e-05,61,0.9,61,7,816,1.0,1.0,1.0,1.0
3264,41,110,15,MultinomialNB,LC-PFN,0.1224517240189015,0.0018649697303771,4.777863068738952e-06,48,0.9,48,6,817,4.0,4.0,4.0,4.0
3265,41,110,15,MultinomialNB,MMF4,1.262653961090458e-07,1.922039916113505e-09,3.707073260910801e-18,48,0.9,48,6,817,2.0,2.0,2.0,2.0
3266,41,110,15,MultinomialNB,WBL4,3.628537514459521e-05,5.523442451194072e-07,3.063498918254885e-13,48,0.9,48,6,817,3.0,3.0,3.0,3.0
3267,41,110,15,MultinomialNB,POW4,2.4367695202975745e-08,3.7093047152344144e-10,1.527797431687069e-19,48,0.9,48,6,817,1.0,1.0,1.0,1.0
3268,37,130,11,MLP,LC-PFN,2.1480198949575424,0.035802774131298,0.0020337577443569,62,0.9,62,7,818,4.0,4.0,4.0,4.0
3269,37,130,11,MLP,MMF4,1.4272866541607103,0.023490922125403,0.0014150264138793,62,0.9,62,7,818,3.0,3.0,3.0,3.0
3270,37,130,11,MLP,WBL4,1.0814814956411556,0.0176272233590689,0.0009010978106073,62,0.9,62,7,818,1.0,1.0,1.0,1.0
3271,37,130,11,MLP,POW4,1.128866138047231,0.0184209887293167,0.0009634293475216,62,0.9,62,7,818,2.0,2.0,2.0,2.0
3272,48,71,12,LDA,LC-PFN,1.458162907510996,0.0279339551925659,0.0007810207898728,55,0.9,55,7,819,4.0,4.0,4.0,4.0
3273,48,71,12,LDA,MMF4,0.2669694702477395,0.0050529247761557,2.621546729619417e-05,55,0.9,55,7,819,2.0,2.0,2.0,2.0
3274,48,71,12,LDA,WBL4,0.1978417195201849,0.0037418366891129,1.47084522042087e-05,55,0.9,55,7,819,1.0,1.0,1.0,1.0
3275,48,71,12,LDA,POW4,0.3167152096111075,0.0059975411746241,3.66612844539865e-05,55,0.9,55,7,819,3.0,3.0,3.0,3.0
3276,39,47,18,KNN,LC-PFN,1.301508955657482,0.0155671518296003,0.000253328384133,115,0.9,115,13,820,4.0,4.0,4.0,4.0
3277,39,47,18,KNN,MMF4,0.1414163158590092,0.0017080497372679,3.23563187669514e-06,115,0.9,115,13,820,2.0,2.0,2.0,2.0
3278,39,47,18,KNN,WBL4,0.1091647181186565,0.001317756849398,2.125404970353247e-06,115,0.9,115,13,820,1.0,1.0,1.0,1.0
3279,39,47,18,KNN,POW4,0.6951509007419625,0.0083637784749902,7.13450093972097e-05,115,0.9,115,13,820,3.0,3.0,3.0,3.0
3280,47,141,8,Perceptron,LC-PFN,2.960231527686119,0.0361531302332878,0.0019259175751358,65,0.9,65,8,821,4.0,4.0,4.0,4.0
3281,47,141,8,Perceptron,MMF4,1.6578149907718436,0.0206338347784722,0.0006335564485395,65,0.9,65,8,821,2.0,2.0,1.0,1.6666666666666667
3282,47,141,8,Perceptron,WBL4,1.65104812146813,0.0205510204081632,0.0006528149370579,65,0.9,65,8,821,1.0,1.0,3.0,1.6666666666666667
3283,47,141,8,Perceptron,POW4,1.6675120368838696,0.0207532322354723,0.0006444717640441,65,0.9,65,8,821,3.0,3.0,2.0,2.6666666666666665
3284,46,10,6,LogisticRegression,LC-PFN,0.2351782750338316,0.0038250584620982,1.8670658391783945e-05,48,0.9,48,6,822,1.0,1.0,1.0,1.0
3285,46,10,6,LogisticRegression,MMF4,0.723533076668776,0.0117056371573893,0.0001429667674163,48,0.9,48,6,822,3.0,3.0,3.0,3.0
3286,46,10,6,LogisticRegression,WBL4,0.7738955257636794,0.0125152612529077,0.0001633738216643,48,0.9,48,6,822,4.0,4.0,4.0,4.0
3287,46,10,6,LogisticRegression,POW4,0.4936578227398364,0.0080038763267312,6.980865692339621e-05,48,0.9,48,6,822,2.0,2.0,2.0,2.0
3288,49,34,14,BernoulliNB,LC-PFN,0.1991692697629332,0.0027535471599549,1.036457069858443e-05,60,0.9,60,7,823,4.0,4.0,4.0,4.0
3289,49,34,14,BernoulliNB,MMF4,0.0750812718272619,0.0010374070012139,1.4223790714542086e-06,60,0.9,60,7,823,1.0,1.0,1.0,1.0
3290,49,34,14,BernoulliNB,WBL4,0.1526775292261682,0.0021076764064413,4.7814527802714e-06,60,0.9,60,7,823,2.0,2.0,2.0,2.0
3291,49,34,14,BernoulliNB,POW4,0.1764293150263698,0.002443066806339,6.372539234803691e-06,60,0.9,60,7,823,3.0,3.0,3.0,3.0
3292,50,238,16,ComplementNB,LC-PFN,0.8589550852775574,0.0103825507685542,0.0001109730583266,85,0.9,85,10,824,4.0,4.0,4.0,4.0
3293,50,238,16,ComplementNB,MMF4,0.2939196125704887,0.0035745627308212,1.4100958361624538e-05,85,0.9,85,10,824,1.0,1.0,1.0,1.0
3294,50,238,16,ComplementNB,WBL4,0.4280330524372402,0.0051981563340717,2.837270447337079e-05,85,0.9,85,10,824,2.0,2.0,2.0,2.0
3295,50,238,16,ComplementNB,POW4,0.4449959714863556,0.0054494510603072,3.082609069243489e-05,85,0.9,85,10,824,3.0,3.0,3.0,3.0
3296,51,2,9,RidgeClassifier,LC-PFN,0.1753944088704884,0.0030195266008377,1.2915494153276086e-05,36,0.9,36,4,825,1.0,1.0,1.0,1.0
3297,51,2,9,RidgeClassifier,MMF4,0.3057906756326439,0.0052711380053623,3.193919055645971e-05,36,0.9,36,4,825,3.0,3.0,3.0,3.0
3298,51,2,9,RidgeClassifier,WBL4,0.2608271392042752,0.0044936825242752,2.4378815201417485e-05,36,0.9,36,4,825,2.0,2.0,2.0,2.0
3299,51,2,9,RidgeClassifier,POW4,0.6618394849370369,0.0114524000630761,0.0001350077979351,36,0.9,36,4,825,4.0,4.0,4.0,4.0
3300,52,252,1,SVC_poly,LC-PFN,4.655312746763229,0.0527618788182735,0.0029828511178493,63,0.9,63,7,826,3.0,3.0,3.0,3.0
3301,52,252,1,SVC_poly,MMF4,1.0903968038775764,0.0129472689876153,0.0002206721118109,63,0.9,63,7,826,1.0,1.0,1.0,1.0
3302,52,252,1,SVC_poly,WBL4,1.9294028476376064,0.0241973784934198,0.001022176199305,63,0.9,63,7,826,2.0,2.0,2.0,2.0
3303,52,252,1,SVC_poly,POW4,11.891398547701884,0.1253917732211833,0.0158418952880192,63,0.9,63,7,826,4.0,4.0,4.0,4.0
3304,55,137,15,MultinomialNB,LC-PFN,0.3878621151670813,0.0062951743602752,4.0305196307599545e-05,54,0.9,54,6,827,2.0,2.0,2.0,2.0
3305,55,137,15,MultinomialNB,MMF4,0.0887048971710178,0.0014455302291879,2.8491686112982894e-06,54,0.9,54,6,827,1.0,1.0,1.0,1.0
3306,55,137,15,MultinomialNB,WBL4,0.3954122599882007,0.0064203324500774,4.446671657577366e-05,54,0.9,54,6,827,3.0,3.0,3.0,3.0
3307,55,137,15,MultinomialNB,POW4,1.36494726675154,0.0225523438745106,0.0005103067884646,54,0.9,54,6,827,4.0,4.0,4.0,4.0
3308,56,235,0,SVC_linear,LC-PFN,1.4393125660717487,0.0255363751202821,0.0009589097462594,57,0.9,57,7,828,4.0,4.0,4.0,4.0
3309,56,235,0,SVC_linear,MMF4,0.9674780577985718,0.0170813146682428,0.0004456861537821,57,0.9,57,7,828,1.0,1.0,3.0,1.6666666666666667
3310,56,235,0,SVC_linear,WBL4,0.970140035953512,0.0171281026208924,0.0004348872762972,57,0.9,57,7,828,2.0,2.0,2.0,2.0
3311,56,235,0,SVC_linear,POW4,0.9747270270508136,0.0172088265433855,0.0004319897861508,57,0.9,57,7,828,3.0,3.0,1.0,2.3333333333333335
3312,57,97,6,LogisticRegression,LC-PFN,0.1242990139871835,0.0018767565488815,5.447452167572919e-06,70,0.9,70,8,829,3.0,3.0,3.0,3.0
3313,57,97,6,LogisticRegression,MMF4,0.0127471971787337,0.0001921523766893,5.044040206875708e-08,70,0.9,70,8,829,1.0,1.0,1.0,1.0
3314,57,97,6,LogisticRegression,WBL4,0.0462727197180896,0.0006972236608963,5.359296177598597e-07,70,0.9,70,8,829,2.0,2.0,2.0,2.0
3315,57,97,6,LogisticRegression,POW4,0.2725749923578932,0.0041199925956525,1.7046929064597132e-05,70,0.9,70,8,829,4.0,4.0,4.0,4.0
3316,53,163,2,SVC_rbf,LC-PFN,0.688060000538826,0.0133069856092333,0.0001778465666575,45,0.9,45,6,830,3.0,3.0,3.0,3.0
3317,53,163,2,SVC_rbf,MMF4,0.4871713147385011,0.0093126740834981,8.754122436360107e-05,45,0.9,45,6,830,2.0,2.0,2.0,2.0
3318,53,163,2,SVC_rbf,WBL4,0.72036186924411,0.0137381536378405,0.0001899698358306,45,0.9,45,6,830,4.0,4.0,4.0,4.0
3319,53,163,2,SVC_rbf,POW4,0.2994515914743578,0.0057288522529112,3.929458761805441e-05,45,0.9,45,6,830,1.0,1.0,1.0,1.0
3320,58,221,0,SVC_linear,LC-PFN,0.2012665150687098,0.003027570201084,1.122459343605442e-05,42,0.9,42,5,831,1.0,1.0,1.0,1.0
3321,58,221,0,SVC_linear,MMF4,0.5312170812466049,0.0079373567714639,6.683272017065347e-05,42,0.9,42,5,831,3.0,3.0,3.0,3.0
3322,58,221,0,SVC_linear,WBL4,0.6556249291808687,0.0097834802712865,0.0001003624637757,42,0.9,42,5,831,4.0,4.0,4.0,4.0
3323,58,221,0,SVC_linear,POW4,0.510744795501034,0.0076331174225628,6.1985899796767e-05,42,0.9,42,5,831,2.0,2.0,2.0,2.0
3324,59,141,11,MLP,LC-PFN,1.268978230655193,0.0184208825230598,0.0006831619539298,65,0.9,65,8,832,2.0,2.0,1.0,1.6666666666666667
3325,59,141,11,MLP,MMF4,1.32176376836584,0.0192032767639989,0.0007450398126688,65,0.9,65,8,832,3.0,3.0,3.0,3.0
3326,59,141,11,MLP,WBL4,1.256327672276837,0.0182351996048809,0.0006956043715639,65,0.9,65,8,832,1.0,1.0,2.0,1.3333333333333333
3327,59,141,11,MLP,POW4,2.415355362754175,0.0358014462191185,0.0019415469411803,65,0.9,65,8,832,4.0,4.0,4.0,4.0
3328,60,251,0,SVC_linear,LC-PFN,0.462842546403408,0.0085133388638496,9.82579294941388e-05,64,0.9,64,8,833,1.0,1.0,1.0,1.0
3329,60,251,0,SVC_linear,MMF4,1.2128837290939571,0.0220748879911251,0.0005051245433195,64,0.9,64,8,833,3.0,3.0,3.0,3.0
3330,60,251,0,SVC_linear,WBL4,0.7880368881367813,0.0144095540757488,0.0002181962642837,64,0.9,64,8,833,2.0,2.0,2.0,2.0
3331,60,251,0,SVC_linear,POW4,1.623174665755147,0.0294137352865402,0.0008888196629651,64,0.9,64,8,833,4.0,4.0,4.0,4.0
3332,61,135,18,KNN,LC-PFN,0.4106888081878423,0.0079680681228637,6.397027027560398e-05,69,0.9,69,8,834,4.0,4.0,4.0,4.0
3333,61,135,18,KNN,MMF4,0.0283895728917483,0.0005483139962547,4.450818242777906e-07,69,0.9,69,8,834,2.0,2.0,2.0,2.0
3334,61,135,18,KNN,WBL4,0.0475702375306724,0.0009188405724468,9.45335364419382e-07,69,0.9,69,8,834,3.0,3.0,3.0,3.0
3335,61,135,18,KNN,POW4,0.0269022785365862,0.0005201504256089,4.052646444958095e-07,69,0.9,69,8,834,1.0,1.0,1.0,1.0
3336,54,227,6,LogisticRegression,LC-PFN,8.092644065618515,0.0597464218735694,0.0035697557032108,83,0.9,83,10,835,4.0,4.0,4.0,4.0
3337,54,227,6,LogisticRegression,MMF4,3.1286208878830783,0.0259614236190877,0.000767669604149,83,0.9,83,10,835,2.0,2.0,2.0,2.0
3338,54,227,6,LogisticRegression,WBL4,3.3927629040621965,0.0282377556815434,0.0009065916431615,83,0.9,83,10,835,3.0,3.0,3.0,3.0
3339,54,227,6,LogisticRegression,POW4,1.07564377442621,0.0087590870562939,0.0001071088517214,83,0.9,83,10,835,1.0,1.0,1.0,1.0
3340,65,68,8,Perceptron,LC-PFN,1.1092147789895537,0.0183694586157798,0.0005614506662823,69,0.9,69,8,836,2.0,2.0,4.0,2.6666666666666665
3341,65,68,8,Perceptron,MMF4,1.0929900733730715,0.018094609814899,0.0005047407928269,69,0.9,69,8,836,1.0,1.0,1.0,1.0
3342,65,68,8,Perceptron,WBL4,1.10997303744742,0.0183786955251315,0.0005139895191241,69,0.9,69,8,836,3.0,3.0,2.0,2.6666666666666665
3343,65,68,8,Perceptron,POW4,1.1372283690521705,0.018835447105283,0.0005418349857169,69,0.9,69,8,836,4.0,4.0,3.0,3.6666666666666665
3344,67,11,9,RidgeClassifier,LC-PFN,1.542268693447113,0.0157460682094097,0.0002620063023641,45,0.9,45,5,837,4.0,4.0,4.0,4.0
3345,67,11,9,RidgeClassifier,MMF4,0.7485255646985082,0.007819990109997,7.160369833424485e-05,45,0.9,45,5,837,2.0,2.0,2.0,2.0
3346,67,11,9,RidgeClassifier,WBL4,0.5776791046934611,0.0060230683594311,4.359385606788725e-05,45,0.9,45,5,837,1.0,1.0,1.0,1.0
3347,67,11,9,RidgeClassifier,POW4,0.8786398577406386,0.0091925083894174,9.687293475045704e-05,45,0.9,45,5,837,3.0,3.0,3.0,3.0
3348,69,203,7,PassiveAggressive,LC-PFN,0.298072095029056,0.0042330878786742,2.3928454538690858e-05,54,0.9,54,7,838,4.0,4.0,4.0,4.0
3349,69,203,7,PassiveAggressive,MMF4,0.2584712947645253,0.0036699769310196,1.77252217724046e-05,54,0.9,54,7,838,2.0,2.0,2.0,2.0
3350,69,203,7,PassiveAggressive,WBL4,0.2568805857387813,0.0036508013888558,1.6096592163401033e-05,54,0.9,54,7,838,1.0,1.0,1.0,1.0
3351,69,203,7,PassiveAggressive,POW4,0.2928122652175465,0.0041574030110564,2.3505692491162963e-05,54,0.9,54,7,838,3.0,3.0,3.0,3.0
3352,62,39,6,LogisticRegression,LC-PFN,0.2443702658638358,0.0030849250033497,9.746467185323128e-06,92,0.9,92,11,839,1.0,1.0,1.0,1.0
3353,62,39,6,LogisticRegression,MMF4,0.6073530251337834,0.0076213434280213,6.56186831852939e-05,92,0.9,92,11,839,3.0,3.0,3.0,3.0
3354,62,39,6,LogisticRegression,WBL4,0.6859931601452521,0.0086225101995446,7.929325235708145e-05,92,0.9,92,11,839,4.0,4.0,4.0,4.0
3355,62,39,6,LogisticRegression,POW4,0.3015583146466173,0.0038344537192237,2.166864366304386e-05,92,0.9,92,11,839,2.0,2.0,2.0,2.0
3356,63,183,6,LogisticRegression,LC-PFN,10.0492425262928,0.0718390643596649,0.0051631988026201,95,0.9,95,11,840,4.0,4.0,4.0,4.0
3357,63,183,6,LogisticRegression,MMF4,0.0322598403566907,0.0002537625981423,9.471428260223104e-08,95,0.9,95,11,840,1.0,1.0,1.0,1.0
3358,63,183,6,LogisticRegression,WBL4,0.2376808922682333,0.0018655475454876,3.5142267849229965e-06,95,0.9,95,11,840,2.0,2.0,2.0,2.0
3359,63,183,6,LogisticRegression,POW4,0.6710256321308918,0.0053149514407828,2.836525198842289e-05,95,0.9,95,11,840,3.0,3.0,3.0,3.0
3360,66,96,4,Decision Tree,LC-PFN,0.6646906025707722,0.0106702921912074,0.0001528167776996,41,0.9,41,5,841,4.0,4.0,4.0,4.0
3361,66,96,4,Decision Tree,MMF4,0.3671136997005286,0.0058988995966936,5.741441893550778e-05,41,0.9,41,5,841,1.0,1.0,2.0,1.3333333333333333
3362,66,96,4,Decision Tree,WBL4,0.3810825920147748,0.0061284164061988,5.577252857591283e-05,41,0.9,41,5,841,2.0,2.0,1.0,1.6666666666666667
3363,66,96,4,Decision Tree,POW4,0.43543588592526,0.0070025162997007,8.910763326922166e-05,41,0.9,41,5,841,3.0,3.0,3.0,3.0
3364,75,89,7,PassiveAggressive,LC-PFN,2.653598971664905,0.0409445986151695,0.0018285508267581,64,0.9,64,8,842,4.0,4.0,4.0,4.0
3365,75,89,7,PassiveAggressive,MMF4,1.3153401927295705,0.0199749603642451,0.0005016369262212,64,0.9,64,8,842,1.0,1.0,1.0,1.0
3366,75,89,7,PassiveAggressive,WBL4,1.688752451481431,0.0257669977430908,0.0007961769915074,64,0.9,64,8,842,3.0,3.0,3.0,3.0
3367,75,89,7,PassiveAggressive,POW4,1.652130458171723,0.025197133244475,0.000768683910114,64,0.9,64,8,842,2.0,2.0,2.0,2.0
3368,70,134,0,SVC_linear,LC-PFN,1.7172371968626976,0.0315723344683647,0.001188634079881,58,0.9,58,7,843,4.0,4.0,4.0,4.0
3369,70,134,0,SVC_linear,MMF4,1.1401519512960268,0.0208070031021992,0.0005516000207425,58,0.9,58,7,843,3.0,3.0,3.0,3.0
3370,70,134,0,SVC_linear,WBL4,0.8597693252560231,0.0156344928075303,0.0003436924433048,58,0.9,58,7,843,1.0,1.0,1.0,1.0
3371,70,134,0,SVC_linear,POW4,1.1128427962859404,0.0203050164675759,0.000518046068993,58,0.9,58,7,843,2.0,2.0,2.0,2.0
3372,76,91,9,RidgeClassifier,LC-PFN,0.4069192335009575,0.0068259835243225,4.93596562591847e-05,72,0.9,72,9,844,4.0,4.0,4.0,4.0
3373,76,91,9,RidgeClassifier,MMF4,0.0652063287214448,0.0010979618599648,1.280617103446119e-06,72,0.9,72,9,844,2.0,2.0,2.0,2.0
3374,76,91,9,RidgeClassifier,WBL4,0.1656166679105631,0.0027858198194307,7.85379558174956e-06,72,0.9,72,9,844,3.0,3.0,3.0,3.0
3375,76,91,9,RidgeClassifier,POW4,0.0158857669776846,0.0002676532490914,1.1007495400603622e-07,72,0.9,72,9,844,1.0,1.0,1.0,1.0
3376,71,88,19,NearestCentroid,LC-PFN,0.3503734478726983,0.005732808727771,3.663666939246468e-05,63,0.9,63,7,845,4.0,4.0,4.0,4.0
3377,71,88,19,NearestCentroid,MMF4,0.1071366081364006,0.0017614779231491,3.759671772478736e-06,63,0.9,63,7,845,2.0,2.0,2.0,2.0
3378,71,88,19,NearestCentroid,WBL4,0.0656785927664207,0.0010782795967633,1.6085009147291718e-06,63,0.9,63,7,845,1.0,1.0,1.0,1.0
3379,71,88,19,NearestCentroid,POW4,0.1379963997512331,0.0022696296443147,5.8762928499918575e-06,63,0.9,63,7,845,3.0,3.0,3.0,3.0
3380,74,133,21,ens.RandomForest,LC-PFN,0.1522091217339038,0.0029725234489887,1.1939206160604954e-05,48,0.9,48,6,846,1.0,1.0,1.0,1.0
3381,74,133,21,ens.RandomForest,MMF4,0.1790577863109633,0.0034951380913058,1.4489369282292994e-05,48,0.9,48,6,846,2.0,2.0,2.0,2.0
3382,74,133,21,ens.RandomForest,WBL4,0.3968830065617707,0.007727282634473,6.74328219729614e-05,48,0.9,48,6,846,3.0,3.0,3.0,3.0
3383,74,133,21,ens.RandomForest,POW4,0.6221331185059727,0.0120800006361557,0.0001463743914626,48,0.9,48,6,846,4.0,4.0,4.0,4.0
3384,78,141,6,LogisticRegression,LC-PFN,0.239197677001357,0.0037995725870132,1.770665403455496e-05,65,0.9,65,8,847,4.0,4.0,4.0,4.0
3385,78,141,6,LogisticRegression,MMF4,0.1204623096983151,0.0019189530173358,4.606594852624376e-06,65,0.9,65,8,847,2.0,2.0,2.0,2.0
3386,78,141,6,LogisticRegression,WBL4,0.1095336012281301,0.0017449369059117,4.5434313550079485e-06,65,0.9,65,8,847,1.0,1.0,1.0,1.0
3387,78,141,6,LogisticRegression,POW4,0.1694362176585742,0.0027001441531563,8.919129059598383e-06,65,0.9,65,8,847,3.0,3.0,3.0,3.0
3388,68,209,11,MLP,LC-PFN,4.008664190769196,0.0396451503038406,0.0016677136300131,35,0.9,35,4,848,4.0,4.0,4.0,4.0
3389,68,209,11,MLP,MMF4,1.003046653586656,0.0102536408153728,0.0001177927689971,35,0.9,35,4,848,3.0,3.0,3.0,3.0
3390,68,209,11,MLP,WBL4,0.8036829096706702,0.0082286674130732,7.351016146287773e-05,35,0.9,35,4,848,1.0,1.0,1.0,1.0
3391,68,209,11,MLP,POW4,0.9895808060597258,0.01011776108977,0.0001137215434127,35,0.9,35,4,848,2.0,2.0,2.0,2.0
3392,82,86,19,NearestCentroid,LC-PFN,0.1191622344776988,0.0017479999223724,3.989193373854505e-06,63,0.9,63,7,849,4.0,4.0,4.0,4.0
3393,82,86,19,NearestCentroid,MMF4,0.0235702885450382,0.0003458328383848,2.042200601332148e-07,63,0.9,63,7,849,1.0,1.0,1.0,1.0
3394,82,86,19,NearestCentroid,WBL4,0.0811079904121138,0.0011891482065522,1.545141104845821e-06,63,0.9,63,7,849,3.0,3.0,3.0,3.0
3395,82,86,19,NearestCentroid,POW4,0.0316914491975585,0.0004650445160343,2.889137263145748e-07,63,0.9,63,7,849,2.0,2.0,2.0,2.0
3396,77,221,4,Decision Tree,LC-PFN,0.4749128594994545,0.0069558145478367,6.813975051045418e-05,42,0.9,42,5,850,2.0,2.0,3.0,2.3333333333333335
3397,77,221,4,Decision Tree,MMF4,0.5130128776096778,0.0074448450742235,6.199930531937829e-05,42,0.9,42,5,850,3.0,3.0,2.0,2.6666666666666665
3398,77,221,4,Decision Tree,WBL4,0.6414040392921266,0.0092951565076307,9.252123382704748e-05,42,0.9,42,5,850,4.0,4.0,4.0,4.0
3399,77,221,4,Decision Tree,POW4,0.2844608169749885,0.0041393136767079,2.4354724127041665e-05,42,0.9,42,5,850,1.0,1.0,1.0,1.0
3400,73,168,8,Perceptron,LC-PFN,1.257830671966076,0.0248441137373447,0.0006172318244352,115,0.9,115,13,851,4.0,4.0,4.0,4.0
3401,73,168,8,Perceptron,MMF4,1.622633651375233e-13,3.2452673027504575e-15,1.8403593954735387e-29,115,0.9,115,13,851,1.0,1.0,1.0,1.0
3402,73,168,8,Perceptron,WBL4,2.498001805406609e-13,4.996003610813205e-15,2.4960052079258577e-29,115,0.9,115,13,851,2.0,2.0,2.0,2.0
3403,73,168,8,Perceptron,POW4,1.5650869511209134e-06,3.1301738440552974e-08,1.1637305768495423e-15,115,0.9,115,13,851,3.0,3.0,3.0,3.0
3404,81,86,11,MLP,LC-PFN,0.365872448310256,0.006640919484198,4.7635210648877546e-05,63,0.9,63,7,852,4.0,4.0,4.0,4.0
3405,81,86,11,MLP,MMF4,0.1243514666647531,0.0022563218768746,6.184449324892127e-06,63,0.9,63,7,852,1.0,1.0,1.0,1.0
3406,81,86,11,MLP,WBL4,0.3342636610296329,0.0060828645537336,4.33942525507898e-05,63,0.9,63,7,852,3.0,3.0,3.0,3.0
3407,81,86,11,MLP,POW4,0.261504956668733,0.0047173466637248,2.38367065433472e-05,63,0.9,63,7,852,2.0,2.0,2.0,2.0
3408,86,154,19,NearestCentroid,LC-PFN,1.9226672127842903,0.0185929965227842,0.0003501913161017,77,0.9,77,9,853,4.0,4.0,4.0,4.0
3409,86,154,19,NearestCentroid,MMF4,1.7011129231527948,0.0170600149315179,0.0002915636214359,77,0.9,77,9,853,1.0,1.0,1.0,1.0
3410,86,154,19,NearestCentroid,WBL4,1.7236695340244648,0.0172902186115945,0.0002994869635725,77,0.9,77,9,853,3.0,3.0,3.0,3.0
3411,86,154,19,NearestCentroid,POW4,1.7056890212893316,0.0171067052756576,0.0002931585086567,77,0.9,77,9,853,2.0,2.0,2.0,2.0
3412,87,52,8,Perceptron,LC-PFN,0.2246939577162265,0.0037409185897558,3.1665149435866624e-05,45,0.9,45,5,854,1.0,1.0,1.0,1.0
3413,87,52,8,Perceptron,MMF4,0.4316308238133418,0.00722804793959,6.296029175191414e-05,45,0.9,45,5,854,3.0,3.0,3.0,3.0
3414,87,52,8,Perceptron,WBL4,0.3426691133337089,0.0057269871812948,4.5351432982797246e-05,45,0.9,45,5,854,2.0,2.0,2.0,2.0
3415,87,52,8,Perceptron,POW4,0.653526011983856,0.0109809270351432,0.0001298002336881,45,0.9,45,5,854,4.0,4.0,4.0,4.0
3416,83,138,18,KNN,LC-PFN,0.9190795011818408,0.017607232555747,0.0003197469050064,54,0.9,54,6,855,4.0,4.0,4.0,4.0
3417,83,138,18,KNN,MMF4,0.095100222942271,0.001803248184703,3.70194580884312e-06,54,0.9,54,6,855,2.0,2.0,2.0,2.0
3418,83,138,18,KNN,WBL4,0.0865752885419537,0.0016427526943148,3.1196918922270592e-06,54,0.9,54,6,855,1.0,1.0,1.0,1.0
3419,83,138,18,KNN,POW4,0.2701487795553817,0.005116322814186,2.655051491685924e-05,54,0.9,54,6,855,3.0,3.0,3.0,3.0
3420,79,143,1,SVC_poly,LC-PFN,0.3574377857148647,0.0057294070720672,3.557387390173972e-05,34,0.9,34,4,856,4.0,4.0,4.0,4.0
3421,79,143,1,SVC_poly,MMF4,0.0876689051286039,0.0014093486895359,2.0409884484313647e-06,34,0.9,34,4,856,1.0,1.0,1.0,1.0
3422,79,143,1,SVC_poly,WBL4,0.3418789428597366,0.005519399248433,3.059957612154848e-05,34,0.9,34,4,856,3.0,3.0,3.0,3.0
3423,79,143,1,SVC_poly,POW4,0.3418789213004531,0.0055193988991739,3.05995722670852e-05,34,0.9,34,4,856,2.0,2.0,2.0,2.0
3424,85,226,12,LDA,LC-PFN,0.5230666138231754,0.006341147236526,4.749104846268892e-05,89,0.9,89,10,857,1.0,1.0,1.0,1.0
3425,85,226,12,LDA,MMF4,5.850960998825511,0.0759166961389448,0.006109615166886,89,0.9,89,10,857,4.0,4.0,4.0,4.0
3426,85,226,12,LDA,WBL4,1.2701490697505222,0.0156177801472285,0.0002457239055632,89,0.9,89,10,857,3.0,3.0,3.0,3.0
3427,85,226,12,LDA,POW4,0.8182288849513688,0.0097595789579396,0.0001431651247185,89,0.9,89,10,857,2.0,2.0,2.0,2.0
3428,94,214,20,ens.ExtraTrees,LC-PFN,0.3405709052458405,0.0066669243387877,4.641361738322303e-05,58,0.9,58,7,858,1.0,1.0,1.0,1.0
3429,94,214,20,ens.ExtraTrees,MMF4,0.5820658755864597,0.0113659726737505,0.0001300913618243,58,0.9,58,7,858,2.0,2.0,2.0,2.0
3430,94,214,20,ens.ExtraTrees,WBL4,0.9702582080466284,0.0188728923350258,0.0003584540323178,58,0.9,58,7,858,4.0,4.0,4.0,4.0
3431,94,214,20,ens.ExtraTrees,POW4,0.6108433873669389,0.0119208762904258,0.0001437298379449,58,0.9,58,7,858,3.0,3.0,3.0,3.0
3432,88,162,21,ens.RandomForest,LC-PFN,1.034035999327898,0.0203885827213525,0.0004157394869253,45,0.9,45,6,859,4.0,4.0,4.0,4.0
3433,88,162,21,ens.RandomForest,MMF4,0.0534752281563845,0.0010647520066434,1.179052922169522e-06,45,0.9,45,6,859,1.0,1.0,1.0,1.0
3434,88,162,21,ens.RandomForest,WBL4,0.077954566205857,0.0015517730635977,2.454006001286817e-06,45,0.9,45,6,859,3.0,3.0,3.0,3.0
3435,88,162,21,ens.RandomForest,POW4,0.0674407493918069,0.001344457218608,1.9587496006723865e-06,45,0.9,45,6,859,2.0,2.0,2.0,2.0
3436,92,74,13,QDA,LC-PFN,0.3530191956087947,0.0059282877482473,3.760087565751746e-05,53,0.9,53,6,860,1.0,1.0,1.0,1.0
3437,92,74,13,QDA,MMF4,0.5028769015442877,0.0084351649645897,7.161518196308007e-05,53,0.9,53,6,860,2.0,2.0,2.0,2.0
3438,92,74,13,QDA,WBL4,0.6430999184607592,0.010772134083903,0.0001165042922227,53,0.9,53,6,860,3.0,3.0,3.0,3.0
3439,92,74,13,QDA,POW4,0.9968349680904064,0.0169735250952794,0.0002885387112422,53,0.9,53,6,860,4.0,4.0,4.0,4.0
3440,93,240,21,ens.RandomForest,LC-PFN,0.1127251074649393,0.0016129867872223,3.4607726320246e-06,58,0.9,58,7,861,1.0,1.0,1.0,1.0
3441,93,240,21,ens.RandomForest,MMF4,0.4992952234781117,0.0071228564336644,5.34203816234641e-05,58,0.9,58,7,861,3.0,3.0,3.0,3.0
3442,93,240,21,ens.RandomForest,WBL4,0.7076525392179283,0.0100734243132635,0.0001052897001097,58,0.9,58,7,861,4.0,4.0,4.0,4.0
3443,93,240,21,ens.RandomForest,POW4,0.4286027763330868,0.006118956883452,3.986110285508507e-05,58,0.9,58,7,861,2.0,2.0,2.0,2.0
3444,90,248,1,SVC_poly,LC-PFN,0.3228313056752085,0.0059190890751779,4.3424341129139066e-05,53,0.9,53,6,862,1.0,1.0,1.0,1.0
3445,90,248,1,SVC_poly,MMF4,0.6686484412482999,0.0121675308641015,0.0001502071816481,53,0.9,53,6,862,3.0,3.0,3.0,3.0
3446,90,248,1,SVC_poly,WBL4,0.7700228304016242,0.0139991446332814,0.0002000452348129,53,0.9,53,6,862,4.0,4.0,4.0,4.0
3447,90,248,1,SVC_poly,POW4,0.4630835701825962,0.0084432583822818,7.197609592831789e-05,53,0.9,53,6,862,2.0,2.0,2.0,2.0
3448,80,112,17,GaussianNB,LC-PFN,0.1869881758466363,0.0025807172060012,9.85222231975058e-06,63,0.9,63,8,863,4.0,4.0,4.0,4.0
3449,80,112,17,GaussianNB,MMF4,0.0012177586558402,1.684597089855744e-05,2.83786735515044e-10,63,0.9,63,8,863,1.0,1.0,1.0,1.0
3450,80,112,17,GaussianNB,WBL4,0.1009566955797356,0.0013979876352668,1.9543694283608487e-06,63,0.9,63,8,863,3.0,3.0,3.0,3.0
3451,80,112,17,GaussianNB,POW4,0.1009552496428708,0.0013979675925681,1.9543133898708204e-06,63,0.9,63,8,863,2.0,2.0,2.0,2.0
3452,91,104,10,SGDClassifier,LC-PFN,0.2651712857186794,0.0044108498841524,2.2975693354965188e-05,80,0.9,80,9,864,3.0,3.0,3.0,3.0
3453,91,104,10,SGDClassifier,MMF4,0.2313308796094008,0.0038508489455196,1.5757660718568082e-05,80,0.9,80,9,864,2.0,2.0,2.0,2.0
3454,91,104,10,SGDClassifier,WBL4,0.4780063343022616,0.0079371522902645,6.389047276675336e-05,80,0.9,80,9,864,4.0,4.0,4.0,4.0
3455,91,104,10,SGDClassifier,POW4,0.1551027398153228,0.0025839940066848,7.661926041522492e-06,80,0.9,80,9,864,1.0,1.0,1.0,1.0
3456,95,178,3,SVC_sigmoid,LC-PFN,9.081769734621048,0.0640031918883323,0.004190428648144,60,0.9,60,7,865,4.0,4.0,4.0,4.0
3457,95,178,3,SVC_sigmoid,MMF4,2.509230927747723,0.0197285948523622,0.000425879100483,60,0.9,60,7,865,2.0,2.0,2.0,2.0
3458,95,178,3,SVC_sigmoid,WBL4,2.4999922571982003,0.0196539140230133,0.000422937773572,60,0.9,60,7,865,1.0,1.0,1.0,1.0
3459,95,178,3,SVC_sigmoid,POW4,2.8786185013901004,0.0227261909498452,0.0005533734113527,60,0.9,60,7,865,3.0,3.0,3.0,3.0
3460,98,131,3,SVC_sigmoid,LC-PFN,1.6101207584142685,0.0306325405836105,0.0009389988263137,63,0.9,63,8,866,4.0,4.0,4.0,4.0
3461,98,131,3,SVC_sigmoid,MMF4,0.0003359422953854,6.28819845405193e-06,3.15497591134913e-10,63,0.9,63,8,866,2.0,2.0,1.0,1.6666666666666667
3462,98,131,3,SVC_sigmoid,WBL4,0.0009702976942296,1.8162514700090227e-05,6.217091720051576e-10,63,0.9,63,8,866,3.0,3.0,3.0,3.0
3463,98,131,3,SVC_sigmoid,POW4,0.0003356345345243,6.282437603796764e-06,3.156633454009086e-10,63,0.9,63,8,866,1.0,1.0,2.0,1.3333333333333333
3464,96,224,21,ens.RandomForest,LC-PFN,0.8908113464713097,0.0175373647361993,0.0003075919521506,58,0.9,58,7,867,4.0,4.0,4.0,4.0
3465,96,224,21,ens.RandomForest,MMF4,0.0191024135333447,0.0003793652108495,1.8102992926444864e-07,58,0.9,58,7,867,2.0,2.0,2.0,2.0
3466,96,224,21,ens.RandomForest,WBL4,0.025715118806317,0.000510649994802,2.998184180952796e-07,58,0.9,58,7,867,3.0,3.0,3.0,3.0
3467,96,224,21,ens.RandomForest,POW4,0.0119179908732449,0.000236707592176,7.27481217755008e-08,58,0.9,58,7,867,1.0,1.0,1.0,1.0
3468,89,74,5,ExtraTree,LC-PFN,0.1437091617844998,0.0021215479355305,7.587161690025823e-06,53,0.9,53,6,868,1.0,1.0,2.0,1.3333333333333333
3469,89,74,5,ExtraTree,MMF4,0.1461505694282797,0.0021575908880877,7.922453563856024e-06,53,0.9,53,6,868,2.0,2.0,3.0,2.3333333333333335
3470,89,74,5,ExtraTree,WBL4,0.1464180722054204,0.0021616838426374,7.288307956656843e-06,53,0.9,53,6,868,3.0,3.0,1.0,2.3333333333333335
3471,89,74,5,ExtraTree,POW4,0.1817360880164454,0.0026815582159488,1.2255808506147454e-05,53,0.9,53,6,868,4.0,4.0,4.0,4.0
3472,100,122,6,LogisticRegression,LC-PFN,0.0871352851390838,0.0017007812857627,2.913039679697249e-06,72,0.9,72,8,869,4.0,4.0,4.0,4.0
3473,100,122,6,LogisticRegression,MMF4,0.0119442774403193,0.0002333618492274,7.246987437091956e-08,72,0.9,72,8,869,1.0,1.0,1.0,1.0
3474,100,122,6,LogisticRegression,WBL4,0.0128692166056006,0.0002513880031222,8.226363310595415e-08,72,0.9,72,8,869,2.0,2.0,2.0,2.0
3475,100,122,6,LogisticRegression,POW4,0.0160008654396076,0.0003126335438602,1.2052596891275788e-07,72,0.9,72,8,869,3.0,3.0,3.0,3.0
3476,99,146,22,ens.GradientBoosting,LC-PFN,0.9372014552354812,0.0184592604637146,0.000340788916219,43,0.9,43,5,870,4.0,4.0,4.0,4.0
3477,99,146,22,ens.GradientBoosting,MMF4,0.0738241185104429,0.0014666190433435,2.201548940597355e-06,43,0.9,43,5,870,2.0,2.0,2.0,2.0
3478,99,146,22,ens.GradientBoosting,WBL4,0.0902628358952855,0.0017928969092238,3.265070412796954e-06,43,0.9,43,5,870,3.0,3.0,3.0,3.0
3479,99,146,22,ens.GradientBoosting,POW4,0.024258148742589,0.0004821776199062,2.78000107873534e-07,43,0.9,43,5,870,1.0,1.0,1.0,1.0
3480,97,87,0,SVC_linear,LC-PFN,0.6300610490143299,0.008140075020492,7.308366912184283e-05,41,0.9,41,5,871,4.0,4.0,4.0,4.0
3481,97,87,0,SVC_linear,MMF4,0.2073223976994492,0.0026921915570811,9.887727578709592e-06,41,0.9,41,5,871,2.0,2.0,2.0,2.0
3482,97,87,0,SVC_linear,WBL4,0.2367778593889634,0.0030734952779286,1.208538556912883e-05,41,0.9,41,5,871,3.0,3.0,3.0,3.0
3483,97,87,0,SVC_linear,POW4,0.1591632193071706,0.0020709275791694,6.790068203443114e-06,41,0.9,41,5,871,1.0,1.0,1.0,1.0
3484,101,118,19,NearestCentroid,LC-PFN,0.3397193504497409,0.0045065679587423,2.3363078071270135e-05,48,0.9,48,6,872,4.0,4.0,4.0,4.0
3485,101,118,19,NearestCentroid,MMF4,0.1595898167184245,0.0021225928322029,5.2315878033339655e-06,48,0.9,48,6,872,3.0,3.0,3.0,3.0
3486,101,118,19,NearestCentroid,WBL4,0.036144018930162,0.0004814814720934,2.86699450682084e-07,48,0.9,48,6,872,2.0,2.0,1.0,1.6666666666666667
3487,101,118,19,NearestCentroid,POW4,0.036140548481181,0.000481435237483,2.985577530346989e-07,48,0.9,48,6,872,1.0,1.0,2.0,1.3333333333333333
3488,109,228,1,SVC_poly,LC-PFN,0.6110706366598606,0.0100526455789804,0.0001268709893338,42,0.9,42,5,873,2.0,2.0,2.0,2.0
3489,109,228,1,SVC_poly,MMF4,0.4620965531280934,0.0076115917176604,7.120759516257595e-05,42,0.9,42,5,873,1.0,1.0,1.0,1.0
3490,109,228,1,SVC_poly,WBL4,0.6286054229908845,0.0103415067505788,0.0001333152741089,42,0.9,42,5,873,3.0,3.0,3.0,3.0
3491,109,228,1,SVC_poly,POW4,4.358550970911999,0.068724019061298,0.0047510807361425,42,0.9,42,5,873,4.0,4.0,4.0,4.0
3492,106,8,22,ens.GradientBoosting,LC-PFN,0.6424881983548403,0.0091286795213818,0.00010559263319,48,0.9,48,6,874,3.0,3.0,3.0,3.0
3493,106,8,22,ens.GradientBoosting,MMF4,0.5194675591745486,0.007369475573081,7.036685510060881e-05,48,0.9,48,6,874,2.0,2.0,2.0,2.0
3494,106,8,22,ens.GradientBoosting,WBL4,0.3900280928772447,0.0055245068895052,4.292987681901942e-05,48,0.9,48,6,874,1.0,1.0,1.0,1.0
3495,106,8,22,ens.GradientBoosting,POW4,0.7892239219337529,0.0112293873044955,0.0001475479466654,48,0.9,48,6,874,4.0,4.0,4.0,4.0
3496,108,252,18,KNN,LC-PFN,0.228913128376007,0.0028984120581299,1.0343504072807264e-05,63,0.9,63,7,875,2.0,2.0,2.0,2.0
3497,108,252,18,KNN,MMF4,0.1524170992880037,0.0019204736314326,5.041098935192602e-06,63,0.9,63,7,875,1.0,1.0,1.0,1.0
3498,108,252,18,KNN,WBL4,1.5521887923293736,0.0193711156800615,0.0003886604914298,63,0.9,63,7,875,4.0,4.0,4.0,4.0
3499,108,252,18,KNN,POW4,0.970744224017586,0.0120642389155628,0.000205410673707,63,0.9,63,7,875,3.0,3.0,3.0,3.0
3500,84,200,10,SGDClassifier,LC-PFN,3.005281090736389,0.0423596575856208,0.0028062458150088,81,0.9,81,10,876,4.0,4.0,4.0,4.0
3501,84,200,10,SGDClassifier,MMF4,2.898873654423993,0.0409222927075944,0.0027043951829201,81,0.9,81,10,876,2.0,2.0,2.0,2.0
3502,84,200,10,SGDClassifier,WBL4,2.9006255151151983,0.0409459861743976,0.0027070490882619,81,0.9,81,10,876,3.0,3.0,3.0,3.0
3503,84,200,10,SGDClassifier,POW4,2.840718540623482,0.0401350105629782,0.0026180210693768,81,0.9,81,10,876,1.0,1.0,1.0,1.0
3504,72,81,8,Perceptron,LC-PFN,1.6712825745344162,0.0167310442775487,0.0003411775687709,49,0.9,49,6,877,4.0,4.0,4.0,4.0
3505,72,81,8,Perceptron,MMF4,0.4903480514601901,0.0049639337660638,4.97822726370895e-05,49,0.9,49,6,877,1.0,1.0,1.0,1.0
3506,72,81,8,Perceptron,WBL4,0.5204970673924232,0.0052714146886952,5.6128899049162336e-05,49,0.9,49,6,877,2.0,2.0,2.0,2.0
3507,72,81,8,Perceptron,POW4,0.5511850182794992,0.0055849604518769,6.213158119316508e-05,49,0.9,49,6,877,3.0,3.0,3.0,3.0
3508,102,60,16,ComplementNB,LC-PFN,1.7267286777496338,0.0211264789104461,0.0005059075774624,25,0.9,25,2,878,1.0,1.0,1.0,1.0
3509,102,60,16,ComplementNB,MMF4,2.994640344016533,0.0371442528618404,0.0014243491432394,25,0.9,25,2,878,3.0,3.0,3.0,3.0
3510,102,60,16,ComplementNB,WBL4,2.835005307882639,0.0351044038015737,0.0012767636107083,25,0.9,25,2,878,2.0,2.0,2.0,2.0
3511,102,60,16,ComplementNB,POW4,4.3587117880824895,0.0548573709927109,0.0030887568248161,25,0.9,25,2,878,4.0,4.0,4.0,4.0
3512,104,225,8,Perceptron,LC-PFN,0.7710649166256189,0.0149099398404359,0.0002250397956231,54,0.9,54,7,879,4.0,4.0,4.0,4.0
3513,104,225,8,Perceptron,MMF4,0.0706700614519529,0.001356391331649,3.391996924189798e-06,54,0.9,54,7,879,1.0,1.0,2.0,1.3333333333333333
3514,104,225,8,Perceptron,WBL4,0.146840676935551,0.0028148996982636,1.0355220836706872e-05,54,0.9,54,7,879,3.0,3.0,3.0,3.0
3515,104,225,8,Perceptron,POW4,0.0825395724653725,0.0015842161072903,3.0309757722e-06,54,0.9,54,7,879,2.0,2.0,1.0,1.6666666666666667
3516,110,192,9,RidgeClassifier,LC-PFN,1.1307592503726482,0.0182642545551061,0.0004144751874264,45,0.9,45,6,880,1.0,1.0,1.0,1.0
3517,110,192,9,RidgeClassifier,MMF4,6.132888773449715,0.093985222312287,0.0089396438588758,45,0.9,45,6,880,4.0,4.0,4.0,4.0
3518,110,192,9,RidgeClassifier,WBL4,5.74041906137052,0.0883013840946444,0.0078953856683937,45,0.9,45,6,880,2.0,2.0,2.0,2.0
3519,110,192,9,RidgeClassifier,POW4,5.966080194488721,0.0915724985313641,0.0084812523441652,45,0.9,45,6,880,3.0,3.0,3.0,3.0
3520,103,54,20,ens.ExtraTrees,LC-PFN,0.3872595494613051,0.0067694983445107,5.726526433136314e-05,53,0.9,53,6,881,2.0,2.0,2.0,2.0
3521,103,54,20,ens.ExtraTrees,MMF4,0.346500767173315,0.0060605321963608,4.666376327402044e-05,53,0.9,53,6,881,1.0,1.0,1.0,1.0
3522,103,54,20,ens.ExtraTrees,WBL4,0.674039532723189,0.0117411353933091,0.000156975293828,53,0.9,53,6,881,3.0,3.0,3.0,3.0
3523,103,54,20,ens.ExtraTrees,POW4,0.9135950822284165,0.0161489118790141,0.0002645056061541,53,0.9,53,6,881,4.0,4.0,4.0,4.0
3524,111,256,17,GaussianNB,LC-PFN,3.699764236807823,0.0354177728295326,0.001255668932572,88,0.9,88,10,882,4.0,4.0,4.0,4.0
3525,111,256,17,GaussianNB,MMF4,0.6456838388329089,0.0064516027759393,4.1818506378508005e-05,88,0.9,88,10,882,3.0,3.0,3.0,3.0
3526,111,256,17,GaussianNB,WBL4,0.3678317228918226,0.0036649999520926,1.3627552648799187e-05,88,0.9,88,10,882,1.0,1.0,1.0,1.0
3527,111,256,17,GaussianNB,POW4,0.6454862339624122,0.006449615441032,4.1792816141143934e-05,88,0.9,88,10,882,2.0,2.0,2.0,2.0
3528,107,239,4,Decision Tree,LC-PFN,0.4978820215910673,0.0080081094056367,0.000105969775177,81,0.9,81,9,883,1.0,1.0,1.0,1.0
3529,107,239,4,Decision Tree,MMF4,1.1194761680852598,0.0181364163135324,0.0003985855481039,81,0.9,81,9,883,3.0,3.0,3.0,3.0
3530,107,239,4,Decision Tree,WBL4,0.9968621080221348,0.0161270390041589,0.0003200364305671,81,0.9,81,9,883,2.0,2.0,2.0,2.0
3531,107,239,4,Decision Tree,POW4,1.2859963215393284,0.0208732612425717,0.0005174547650956,81,0.9,81,9,883,4.0,4.0,4.0,4.0
3532,105,158,22,ens.GradientBoosting,LC-PFN,0.2682644175365567,0.0052474937401711,2.8400152586982585e-05,45,0.9,45,6,884,1.0,1.0,1.0,1.0
3533,105,158,22,ens.GradientBoosting,MMF4,0.3907252409138087,0.0076333542299825,5.891360259536364e-05,45,0.9,45,6,884,3.0,3.0,3.0,3.0
3534,105,158,22,ens.GradientBoosting,WBL4,0.5000359075291666,0.0097581674590271,9.613586048332996e-05,45,0.9,45,6,884,4.0,4.0,4.0,4.0
3535,105,158,22,ens.GradientBoosting,POW4,0.3865316375353647,0.0075517449275673,5.766720764786608e-05,45,0.9,45,6,884,2.0,2.0,2.0,2.0
3536,113,186,6,LogisticRegression,LC-PFN,1.5195849351584911,0.0290512833744287,0.0008453440386801,51,0.9,51,6,885,4.0,4.0,4.0,4.0
3537,113,186,6,LogisticRegression,MMF4,0.086035397712508,0.0016187392129936,3.2127417415450457e-06,51,0.9,51,6,885,1.0,1.0,1.0,1.0
3538,113,186,6,LogisticRegression,WBL4,0.1350269381981252,0.0025390913726936,7.015536006034828e-06,51,0.9,51,6,885,2.0,2.0,2.0,2.0
3539,113,186,6,LogisticRegression,POW4,0.297213133574469,0.0056124301918724,3.322138556769963e-05,51,0.9,51,6,885,3.0,3.0,3.0,3.0
3540,112,36,5,ExtraTree,LC-PFN,0.7041812874376774,0.0127604128792881,0.0001699590648058,44,0.9,44,5,886,4.0,4.0,4.0,4.0
3541,112,36,5,ExtraTree,MMF4,0.2323782569823715,0.0041846534348054,2.7499199958923065e-05,44,0.9,44,5,886,1.0,1.0,1.0,1.0
3542,112,36,5,ExtraTree,WBL4,0.2430815171952536,0.0043781060897314,3.046005122991947e-05,44,0.9,44,5,886,2.0,2.0,2.0,2.0
3543,112,36,5,ExtraTree,POW4,0.3435600507174516,0.0061981609591029,4.848338049555424e-05,44,0.9,44,5,886,3.0,3.0,3.0,3.0
3544,114,111,20,ens.ExtraTrees,LC-PFN,0.2518499735742807,0.0043360712006688,2.2547919797943905e-05,41,0.9,41,5,887,1.0,1.0,1.0,1.0
3545,114,111,20,ens.ExtraTrees,MMF4,0.2847098843808236,0.0048960852562687,4.18287860984109e-05,41,0.9,41,5,887,2.0,2.0,2.0,2.0
3546,114,111,20,ens.ExtraTrees,WBL4,0.3647181493979046,0.0062884560187198,5.236990926729316e-05,41,0.9,41,5,887,4.0,4.0,3.0,3.6666666666666665
3547,114,111,20,ens.ExtraTrees,POW4,0.3612957690377673,0.0061924265084987,7.101580244375558e-05,41,0.9,41,5,887,3.0,3.0,4.0,3.3333333333333335
3548,115,92,17,GaussianNB,LC-PFN,0.8607269264757633,0.0147637920454144,0.000240155524807,72,0.9,72,9,888,1.0,1.0,1.0,1.0
3549,115,92,17,GaussianNB,MMF4,2.8914339071261823,0.0507449587853515,0.0026655219117915,72,0.9,72,9,888,4.0,4.0,4.0,4.0
3550,115,92,17,GaussianNB,WBL4,1.7529646587211556,0.0303638880617685,0.0009488737657733,72,0.9,72,9,888,3.0,3.0,3.0,3.0
3551,115,92,17,GaussianNB,POW4,0.9398170165168432,0.0161715210696516,0.0003068391295965,72,0.9,72,9,888,2.0,2.0,2.0,2.0
3552,117,19,6,LogisticRegression,LC-PFN,0.7757738698273897,0.014446715824306,0.0002110843197442,49,0.9,49,6,889,2.0,2.0,2.0,2.0
3553,117,19,6,LogisticRegression,MMF4,0.6467654981877958,0.0118748026305538,0.000142620319901,49,0.9,49,6,889,1.0,1.0,1.0,1.0
3554,117,19,6,LogisticRegression,WBL4,0.9493376541323796,0.017377473606158,0.0003038127492176,49,0.9,49,6,889,3.0,3.0,3.0,3.0
3555,117,19,6,LogisticRegression,POW4,1.131186538415205,0.0211430437226756,0.0004524746299436,49,0.9,49,6,889,4.0,4.0,4.0,4.0
3556,116,181,19,NearestCentroid,LC-PFN,4.8057518899440765,0.0458124354481697,0.0021113320253789,43,0.9,43,5,890,4.0,4.0,4.0,4.0
3557,116,181,19,NearestCentroid,MMF4,0.6728503091017835,0.0066926109650412,6.219667552125327e-05,43,0.9,43,5,890,3.0,3.0,3.0,3.0
3558,116,181,19,NearestCentroid,WBL4,0.4629370949568107,0.0046187321002461,2.7277021278684743e-05,43,0.9,43,5,890,1.0,1.0,1.0,1.0
3559,116,181,19,NearestCentroid,POW4,0.4629371523075918,0.004618732669426,2.7277037914507678e-05,43,0.9,43,5,890,2.0,2.0,2.0,2.0
3560,121,122,16,ComplementNB,LC-PFN,0.5217935889959335,0.008438192307949,7.309980719583109e-05,72,0.9,72,8,891,2.0,2.0,2.0,2.0
3561,121,122,16,ComplementNB,MMF4,0.1325046303903317,0.002151788627502,4.975625839951449e-06,72,0.9,72,8,891,1.0,1.0,1.0,1.0
3562,121,122,16,ComplementNB,WBL4,0.7620456983066366,0.0124854938114081,0.0001561733581838,72,0.9,72,8,891,4.0,4.0,4.0,4.0
3563,121,122,16,ComplementNB,POW4,0.7620456976211404,0.0124854938000904,0.0001561733579012,72,0.9,72,8,891,3.0,3.0,3.0,3.0
3564,122,22,8,Perceptron,LC-PFN,3.176523000001908,0.039262194186449,0.001812826259993,56,0.9,56,7,892,4.0,4.0,4.0,4.0
3565,122,22,8,Perceptron,MMF4,2.5326574907775283,0.0315636382910157,0.0013155841727286,56,0.9,56,7,892,2.0,2.0,2.0,2.0
3566,122,22,8,Perceptron,WBL4,2.845645936078933,0.0353253007594399,0.0015826399748508,56,0.9,56,7,892,3.0,3.0,3.0,3.0
3567,122,22,8,Perceptron,POW4,1.181899757777085,0.0149181553916595,0.0002806459898093,56,0.9,56,7,892,1.0,1.0,1.0,1.0
3568,119,73,3,SVC_sigmoid,LC-PFN,1.783786155283451,0.022131809964776,0.0005417342181317,63,0.9,63,7,893,2.0,2.0,2.0,2.0
3569,119,73,3,SVC_sigmoid,MMF4,0.577465309316138,0.0072934879007678,7.483154712930447e-05,63,0.9,63,7,893,1.0,1.0,1.0,1.0
3570,119,73,3,SVC_sigmoid,WBL4,5.357534147942722,0.0713425388226768,0.0051337968277287,63,0.9,63,7,893,4.0,4.0,4.0,4.0
3571,119,73,3,SVC_sigmoid,POW4,5.357534147909813,0.0713425388222135,0.0051337968276624,63,0.9,63,7,893,3.0,3.0,3.0,3.0
3572,118,215,3,SVC_sigmoid,LC-PFN,1.4049789868295193,0.0215171966701746,0.0005046185688115,46,0.9,46,6,894,2.0,2.0,2.0,2.0
3573,118,215,3,SVC_sigmoid,MMF4,2.679375176818057,0.0416418344130944,0.0019113384749369,46,0.9,46,6,894,4.0,4.0,4.0,4.0
3574,118,215,3,SVC_sigmoid,WBL4,0.9598438816550808,0.014626910900951,0.000234764840752,46,0.9,46,6,894,1.0,1.0,1.0,1.0
3575,118,215,3,SVC_sigmoid,POW4,1.682506847421011,0.0258682279258875,0.0007741917631393,46,0.9,46,6,894,3.0,3.0,3.0,3.0
3576,120,57,0,SVC_linear,LC-PFN,0.327059137634933,0.0055482187308371,4.136551797273569e-05,45,0.9,45,6,895,4.0,4.0,4.0,4.0
3577,120,57,0,SVC_linear,MMF4,0.1550947081597904,0.0026307409322366,8.044878127538049e-06,45,0.9,45,6,895,1.0,1.0,1.0,1.0
3578,120,57,0,SVC_linear,WBL4,0.1977229563333801,0.0033623276831265,1.6689333845122705e-05,45,0.9,45,6,895,2.0,2.0,2.0,2.0
3579,120,57,0,SVC_linear,POW4,0.3016774097526778,0.0051177446268098,2.925025436936195e-05,45,0.9,45,6,895,3.0,3.0,3.0,3.0
3580,128,124,21,ens.RandomForest,LC-PFN,0.10132712777704,0.0017968161264434,3.919753453374142e-06,57,0.9,57,7,896,1.0,1.0,1.0,1.0
3581,128,124,21,ens.RandomForest,MMF4,0.3376909565836466,0.0059615605877649,3.6992447674514864e-05,57,0.9,57,7,896,3.0,3.0,3.0,3.0
3582,128,124,21,ens.RandomForest,WBL4,0.4546033501431233,0.0080158451689148,6.626154962976624e-05,57,0.9,57,7,896,4.0,4.0,4.0,4.0
3583,128,124,21,ens.RandomForest,POW4,0.1698075874067166,0.0030120105708266,9.67311670311777e-06,57,0.9,57,7,896,2.0,2.0,2.0,2.0
3584,129,148,16,ComplementNB,LC-PFN,0.4989669192582369,0.00786554813385,6.380085687851533e-05,25,0.9,25,3,897,4.0,4.0,4.0,4.0
3585,129,148,16,ComplementNB,MMF4,0.2438244606830406,0.0038542842252142,1.8666155081838143e-05,25,0.9,25,3,897,3.0,3.0,3.0,3.0
3586,129,148,16,ComplementNB,WBL4,0.1866262223688326,0.0029600000000039,1.1428266666688854e-05,25,0.9,25,3,897,2.0,2.0,2.0,2.0
3587,129,148,16,ComplementNB,POW4,0.1866261764741203,0.0029599992703113,1.1428262343624248e-05,25,0.9,25,3,897,1.0,1.0,1.0,1.0
3588,124,179,20,ens.ExtraTrees,LC-PFN,0.9942851960659028,0.0195945352315902,0.0003841792349703,68,0.9,68,8,898,4.0,4.0,4.0,4.0
3589,124,179,20,ens.ExtraTrees,MMF4,0.0184549092233278,0.0003672091622813,1.6310997075648233e-07,68,0.9,68,8,898,1.0,1.0,1.0,1.0
3590,124,179,20,ens.ExtraTrees,WBL4,0.0829630227545483,0.0016499633521118,2.824600275028068e-06,68,0.9,68,8,898,2.0,2.0,2.0,2.0
3591,124,179,20,ens.ExtraTrees,POW4,0.8508484751330534,0.016789285294001,0.000284590639229,68,0.9,68,8,898,3.0,3.0,3.0,3.0
3592,123,156,4,Decision Tree,LC-PFN,1.4129539020359516,0.0267499983310699,0.0007228069007396,45,0.9,45,6,899,4.0,4.0,4.0,4.0
3593,123,156,4,Decision Tree,MMF4,0.4338773151274561,0.0080712784636905,7.44694130119276e-05,45,0.9,45,6,899,2.0,2.0,2.0,2.0
3594,123,156,4,Decision Tree,WBL4,0.6233889718847981,0.0115723701346247,0.0001453437790656,45,0.9,45,6,899,3.0,3.0,3.0,3.0
3595,123,156,4,Decision Tree,POW4,0.3706594475411799,0.0069004017349961,5.645024117678564e-05,45,0.9,45,6,899,1.0,1.0,1.0,1.0
3596,130,18,2,SVC_rbf,LC-PFN,0.8689679205417633,0.0171030238270759,0.0002932448405772,65,0.9,65,8,900,2.0,2.0,2.0,2.0
3597,130,18,2,SVC_rbf,MMF4,0.6595985472282594,0.0130092962804712,0.000169718938748,65,0.9,65,8,900,1.0,1.0,1.0,1.0
3598,130,18,2,SVC_rbf,WBL4,1.0062456766010377,0.0197779447687153,0.0003920433344534,65,0.9,65,8,900,4.0,4.0,4.0,4.0
3599,130,18,2,SVC_rbf,POW4,0.952190524533338,0.018722113772747,0.0003532685187906,65,0.9,65,8,900,3.0,3.0,3.0,3.0
3600,125,56,11,MLP,LC-PFN,0.1676894724369049,0.0030105013865977,1.2895880900032353e-05,53,0.9,53,6,901,1.0,1.0,1.0,1.0
3601,125,56,11,MLP,MMF4,0.8455955973720798,0.0150727247930421,0.0002412392224467,53,0.9,53,6,901,3.0,3.0,3.0,3.0
3602,125,56,11,MLP,WBL4,1.0652259986166563,0.0189443346181807,0.0003825798318081,53,0.9,53,6,901,4.0,4.0,4.0,4.0
3603,125,56,11,MLP,POW4,0.3224821653031505,0.0058053196563733,3.5522967259366206e-05,53,0.9,53,6,901,2.0,2.0,2.0,2.0
3604,131,219,6,LogisticRegression,LC-PFN,0.5244319792836905,0.0076960525475442,6.588918768102303e-05,53,0.9,53,6,902,3.0,3.0,3.0,3.0
3605,131,219,6,LogisticRegression,MMF4,0.120966869216841,0.0017682872168746,4.573332883874356e-06,53,0.9,53,6,902,1.0,1.0,1.0,1.0
3606,131,219,6,LogisticRegression,WBL4,0.4092183498932451,0.0059454017096436,3.5724159706517487e-05,53,0.9,53,6,902,2.0,2.0,2.0,2.0
3607,131,219,6,LogisticRegression,POW4,2.15790625594565,0.0321985402404429,0.0010705926566261,53,0.9,53,6,902,4.0,4.0,4.0,4.0
3608,127,170,20,ens.ExtraTrees,LC-PFN,0.9351341985166072,0.0150685608386993,0.0002516515960451,25,0.9,25,2,903,4.0,4.0,4.0,4.0
3609,127,170,20,ens.ExtraTrees,MMF4,0.6260999323672576,0.0101260640688455,0.0001401250847404,25,0.9,25,2,903,3.0,3.0,3.0,3.0
3610,127,170,20,ens.ExtraTrees,WBL4,0.3420000558199919,0.0055555555555551,4.026864230261848e-05,25,0.9,25,2,903,2.0,2.0,1.0,1.6666666666666667
3611,127,170,20,ens.ExtraTrees,POW4,0.3420000557148995,0.0055555555538721,4.026865073031343e-05,25,0.9,25,2,903,1.0,1.0,2.0,1.3333333333333333
3612,133,7,7,PassiveAggressive,LC-PFN,1.3665813021361828,0.02588109113276,0.0006748051382601,48,0.9,48,6,904,4.0,4.0,4.0,4.0
3613,133,7,7,PassiveAggressive,MMF4,0.7266585582334708,0.0134800133833158,0.0001865612031783,48,0.9,48,6,904,1.0,1.0,1.0,1.0
3614,133,7,7,PassiveAggressive,WBL4,1.0476021038837795,0.0193709418537158,0.0003809020841339,48,0.9,48,6,904,3.0,3.0,3.0,3.0
3615,133,7,7,PassiveAggressive,POW4,1.014012097286373,0.0191398127286671,0.0003761951537273,48,0.9,48,6,904,2.0,2.0,2.0,2.0
3616,136,92,19,NearestCentroid,LC-PFN,4.198617488145828,0.0397941917181015,0.0015879936981946,72,0.9,72,9,905,4.0,4.0,4.0,4.0
3617,136,92,19,NearestCentroid,MMF4,0.0141635083890824,0.0001398772813021,2.2832833601412166e-08,72,0.9,72,9,905,1.0,1.0,1.0,1.0
3618,136,92,19,NearestCentroid,WBL4,0.4984088012979671,0.0049473747175445,2.4495925427242123e-05,72,0.9,72,9,905,3.0,3.0,3.0,3.0
3619,136,92,19,NearestCentroid,POW4,0.4984088011374227,0.0049473747159429,2.449592541137877e-05,72,0.9,72,9,905,2.0,2.0,2.0,2.0
3620,140,98,1,SVC_poly,LC-PFN,0.2981997793540358,0.0050820028409361,3.040531555598136e-05,61,0.9,61,7,906,4.0,4.0,4.0,4.0
3621,140,98,1,SVC_poly,MMF4,0.0385302633258101,0.0006590454007869,5.219716794458361e-07,61,0.9,61,7,906,1.0,1.0,1.0,1.0
3622,140,98,1,SVC_poly,WBL4,0.0505892801955706,0.0008647651758558,9.335541431840408e-07,61,0.9,61,7,906,2.0,2.0,2.0,2.0
3623,140,98,1,SVC_poly,POW4,0.0528212930426901,0.0009036617398027,9.54068856942267e-07,61,0.9,61,7,906,3.0,3.0,3.0,3.0
3624,139,208,19,NearestCentroid,LC-PFN,7.220736145973206,0.0570788159966468,0.0032601286657154,90,0.9,90,10,907,4.0,4.0,4.0,4.0
3625,139,208,19,NearestCentroid,MMF4,0.3736842428029826,0.0031636057907401,1.5295837443831795e-05,90,0.9,90,10,907,1.0,1.0,1.0,1.0
3626,139,208,19,NearestCentroid,WBL4,0.7345066743676523,0.0061884657015387,4.5762319253775536e-05,90,0.9,90,10,907,2.0,2.0,2.0,2.0
3627,139,208,19,NearestCentroid,POW4,1.8086449173766528,0.0156291630892095,0.0002530307823282,90,0.9,90,10,907,3.0,3.0,3.0,3.0
3628,137,116,0,SVC_linear,LC-PFN,0.8020656183362007,0.0157865490764379,0.0002663003688212,49,0.9,49,6,908,4.0,4.0,4.0,4.0
3629,137,116,0,SVC_linear,MMF4,0.1829736014903547,0.003627372921383,1.852803178398608e-05,49,0.9,49,6,908,1.0,1.0,1.0,1.0
3630,137,116,0,SVC_linear,WBL4,0.1875207608005363,0.0037174196449408,1.9250746321156507e-05,49,0.9,49,6,908,2.0,2.0,2.0,2.0
3631,137,116,0,SVC_linear,POW4,0.3450462480472844,0.0068571448245873,6.410957570843305e-05,49,0.9,49,6,908,3.0,3.0,3.0,3.0
3632,141,259,19,NearestCentroid,LC-PFN,1.7059102654457092,0.0191522389650344,0.000369338056771,63,0.9,63,8,909,4.0,4.0,4.0,4.0
3633,141,259,19,NearestCentroid,MMF4,0.2705844087550897,0.0030819859040009,9.59543721174068e-06,63,0.9,63,8,909,1.0,1.0,1.0,1.0
3634,141,259,19,NearestCentroid,WBL4,0.2942706725092301,0.003350989427771,1.1365519782279943e-05,63,0.9,63,8,909,3.0,3.0,3.0,3.0
3635,141,259,19,NearestCentroid,POW4,0.2725272373092166,0.0031040542881265,9.732629770711282e-06,63,0.9,63,8,909,2.0,2.0,2.0,2.0
3636,135,236,17,GaussianNB,LC-PFN,0.1918956520967185,0.0027476649265736,1.048113790602656e-05,49,0.9,49,6,910,2.0,2.0,2.0,2.0
3637,135,236,17,GaussianNB,MMF4,0.2569324889522132,0.0036978532248111,1.4281978423578606e-05,49,0.9,49,6,910,3.0,3.0,3.0,3.0
3638,135,236,17,GaussianNB,WBL4,0.1160185632880536,0.0016671769955649,3.413308468387024e-06,49,0.9,49,6,910,1.0,1.0,1.0,1.0
3639,135,236,17,GaussianNB,POW4,2.164208685697868,0.0317600549587081,0.0010104685846664,49,0.9,49,6,910,4.0,4.0,4.0,4.0
3640,134,181,11,MLP,LC-PFN,6.27802386879921,0.0726683363318443,0.0053706797771155,43,0.9,43,5,911,4.0,4.0,4.0,4.0
3641,134,181,11,MLP,MMF4,2.5138320376303875,0.0302281665700639,0.0010298937412397,43,0.9,43,5,911,2.0,2.0,2.0,2.0
3642,134,181,11,MLP,WBL4,2.663870722368796,0.031979996860881,0.0011391063620028,43,0.9,43,5,911,3.0,3.0,3.0,3.0
3643,134,181,11,MLP,POW4,1.9509909172837123,0.0236100697116955,0.000667231838203,43,0.9,43,5,911,1.0,1.0,1.0,1.0
3644,145,122,17,GaussianNB,LC-PFN,0.0907699461095035,0.0017682239413261,3.243058472435223e-06,72,0.9,72,8,912,2.0,2.0,2.0,2.0
3645,145,122,17,GaussianNB,MMF4,0.0415203295987902,0.0008078073993505,7.229971034100818e-07,72,0.9,72,8,912,1.0,1.0,1.0,1.0
3646,145,122,17,GaussianNB,WBL4,0.105615605133645,0.0020534568308628,4.284701931525757e-06,72,0.9,72,8,912,3.0,3.0,3.0,3.0
3647,145,122,17,GaussianNB,POW4,0.1217534393391802,0.002372570785701,5.903588651864209e-06,72,0.9,72,8,912,4.0,4.0,4.0,4.0
3648,138,24,16,ComplementNB,LC-PFN,0.2829761244356632,0.0036374926567077,2.7108782887808047e-05,40,0.9,40,5,913,1.0,1.0,2.0,1.3333333333333333
3649,138,24,16,ComplementNB,MMF4,0.5815885355267382,0.0074582856672575,5.923244870228185e-05,40,0.9,40,5,913,3.0,3.0,3.0,3.0
3650,138,24,16,ComplementNB,WBL4,0.6255429907691694,0.0080182442165035,6.787739027722819e-05,40,0.9,40,5,913,4.0,4.0,4.0,4.0
3651,138,24,16,ComplementNB,POW4,0.3468251544047035,0.0044591981345175,2.37682300847698e-05,40,0.9,40,5,913,2.0,2.0,1.0,1.6666666666666667
3652,143,262,22,ens.GradientBoosting,LC-PFN,0.5514960270375013,0.0079149743542075,6.576817395398393e-05,115,0.9,115,13,914,4.0,4.0,4.0,4.0
3653,143,262,22,ens.GradientBoosting,MMF4,0.1306949977123011,0.0018673847031113,3.724595412998961e-06,115,0.9,115,13,914,2.0,2.0,2.0,2.0
3654,143,262,22,ens.GradientBoosting,WBL4,0.0772050844905886,0.0011009620355756,1.3464176643784457e-06,115,0.9,115,13,914,1.0,1.0,1.0,1.0
3655,143,262,22,ens.GradientBoosting,POW4,0.3280968179542268,0.0046973645617357,2.25244750338588e-05,115,0.9,115,13,914,3.0,3.0,3.0,3.0
3656,132,165,19,NearestCentroid,LC-PFN,0.915816891938448,0.0130103062838315,0.0001709748903522,119,0.9,119,14,915,1.0,1.0,1.0,1.0
3657,132,165,19,NearestCentroid,MMF4,0.9695419188338652,0.0135151155014763,0.0001826857263967,119,0.9,119,14,915,2.0,2.0,2.0,2.0
3658,132,165,19,NearestCentroid,WBL4,1.0571985579646992,0.0147242374532876,0.0002168305478461,119,0.9,119,14,915,3.0,3.0,3.0,3.0
3659,132,165,19,NearestCentroid,POW4,1.4377109486097337,0.0205378193424754,0.0004318900449987,119,0.9,119,14,915,4.0,4.0,4.0,4.0
3660,149,184,16,ComplementNB,LC-PFN,1.1148914694786072,0.0133247375488281,0.0001848945976234,51,0.9,51,6,916,4.0,4.0,4.0,4.0
3661,149,184,16,ComplementNB,MMF4,0.2235142963193662,0.0026970708239767,8.707132738475703e-06,51,0.9,51,6,916,1.0,1.0,1.0,1.0
3662,149,184,16,ComplementNB,WBL4,0.3483518239631741,0.0041975537141808,1.9055322152061937e-05,51,0.9,51,6,916,3.0,3.0,3.0,3.0
3663,149,184,16,ComplementNB,POW4,0.2247337397587095,0.0027217874087563,9.071504629253594e-06,51,0.9,51,6,916,2.0,2.0,2.0,2.0
3664,148,238,21,ens.RandomForest,LC-PFN,0.3436894621700048,0.0060053705237805,3.706277857418172e-05,85,0.9,85,10,917,2.0,2.0,2.0,2.0
3665,148,238,21,ens.RandomForest,MMF4,1.1965248481271564,0.0207263336718971,0.0004375467841267,85,0.9,85,10,917,3.0,3.0,3.0,3.0
3666,148,238,21,ens.RandomForest,WBL4,1.5259457059721486,0.0263453213444929,0.0007051886648147,85,0.9,85,10,917,4.0,4.0,4.0,4.0
3667,148,238,21,ens.RandomForest,POW4,0.2692627940139811,0.0047105434037828,2.470162227201168e-05,85,0.9,85,10,917,1.0,1.0,1.0,1.0
3668,144,114,5,ExtraTree,LC-PFN,0.9187438525259496,0.0168320536613464,0.0002967768232338,42,0.9,42,5,918,4.0,4.0,4.0,4.0
3669,144,114,5,ExtraTree,MMF4,0.1845479574192425,0.0033572440627154,1.521705617250483e-05,42,0.9,42,5,918,2.0,2.0,1.0,1.6666666666666667
3670,144,114,5,ExtraTree,WBL4,0.196610533119683,0.0035772775638413,1.7678216264165954e-05,42,0.9,42,5,918,3.0,3.0,3.0,3.0
3671,144,114,5,ExtraTree,POW4,0.1797602301733741,0.0032675906528632,1.6669366402384757e-05,42,0.9,42,5,918,1.0,1.0,2.0,1.3333333333333333
3672,154,219,11,MLP,LC-PFN,0.3324344521388411,0.0047520897351205,3.363989890203811e-05,53,0.9,53,6,919,2.0,2.0,2.0,2.0
3673,154,219,11,MLP,MMF4,0.1495290740443745,0.0021300605330191,6.597474675867074e-06,53,0.9,53,6,919,1.0,1.0,1.0,1.0
3674,154,219,11,MLP,WBL4,0.7387518964828903,0.0104505816720688,0.0001166734316423,53,0.9,53,6,919,3.0,3.0,3.0,3.0
3675,154,219,11,MLP,POW4,2.436981964261581,0.035603398219144,0.001306243384102,53,0.9,53,6,919,4.0,4.0,4.0,4.0
3676,146,4,6,LogisticRegression,LC-PFN,0.3638581838458776,0.0051584690809249,4.62121024611406e-05,27,0.9,27,4,920,1.0,1.0,1.0,1.0
3677,146,4,6,LogisticRegression,MMF4,0.4275866686517181,0.0060654057063098,5.347576980593029e-05,27,0.9,27,4,920,3.0,3.0,3.0,3.0
3678,146,4,6,LogisticRegression,WBL4,0.4185919857701783,0.0059370375931393,5.0472499473425714e-05,27,0.9,27,4,920,2.0,2.0,2.0,2.0
3679,146,4,6,LogisticRegression,POW4,0.6373504820703407,0.0090662667352015,0.0001002053671221,27,0.9,27,4,920,4.0,4.0,4.0,4.0
3680,142,71,14,BernoulliNB,LC-PFN,0.1340842223726213,0.0020390662830322,5.265527306619333e-06,55,0.9,55,7,921,4.0,4.0,4.0,4.0
3681,142,71,14,BernoulliNB,MMF4,0.0433272993660118,0.0006585787648737,4.649667523800808e-07,55,0.9,55,7,921,2.0,2.0,2.0,2.0
3682,142,71,14,BernoulliNB,WBL4,0.0211145714028928,0.000320861379336,1.187895585376713e-07,55,0.9,55,7,921,1.0,1.0,1.0,1.0
3683,142,71,14,BernoulliNB,POW4,0.1087614828416486,0.0016543065212038,2.760160605645802e-06,55,0.9,55,7,921,3.0,3.0,3.0,3.0
3684,151,111,1,SVC_poly,LC-PFN,0.2193608088418841,0.0029526711441576,1.2673679520958103e-05,41,0.9,41,5,922,1.0,1.0,1.0,1.0
3685,151,111,1,SVC_poly,MMF4,0.7342254608373159,0.0098167338391974,0.0001022913265809,41,0.9,41,5,922,2.0,2.0,2.0,2.0
3686,151,111,1,SVC_poly,WBL4,1.0387399388154468,0.0138463365191023,0.0001983815588806,41,0.9,41,5,922,4.0,4.0,4.0,4.0
3687,151,111,1,SVC_poly,POW4,0.8649757397806004,0.0117788004333851,0.0001819482665558,41,0.9,41,5,922,3.0,3.0,3.0,3.0
3688,147,163,16,ComplementNB,LC-PFN,0.9172710590064526,0.0177009403705596,0.0003133525606244,45,0.9,45,6,923,4.0,4.0,4.0,4.0
3689,147,163,16,ComplementNB,MMF4,0.0510278865810765,0.0009761507518022,9.864512284789113e-07,45,0.9,45,6,923,2.0,2.0,2.0,2.0
3690,147,163,16,ComplementNB,WBL4,0.0190426716174536,0.0003641520795045,1.71644818426178e-07,45,0.9,45,6,923,1.0,1.0,1.0,1.0
3691,147,163,16,ComplementNB,POW4,0.0645575268792901,0.0012351421137389,1.557975028717984e-06,45,0.9,45,6,923,3.0,3.0,3.0,3.0
3692,155,224,12,LDA,LC-PFN,0.8513459004461765,0.0167539212852716,0.0002806983247864,58,0.9,58,7,924,4.0,4.0,4.0,4.0
3693,155,224,12,LDA,MMF4,0.077937049154089,0.0015456036090228,2.391990279489744e-06,58,0.9,58,7,924,1.0,1.0,1.0,1.0
3694,155,224,12,LDA,WBL4,0.0794404042388262,0.0015753936038808,2.484964770414052e-06,58,0.9,58,7,924,2.0,2.0,2.0,2.0
3695,155,224,12,LDA,POW4,0.1100433689551538,0.0021864281259006,4.800163461284192e-06,58,0.9,58,7,924,3.0,3.0,3.0,3.0
3696,153,22,9,RidgeClassifier,LC-PFN,0.2920550992712378,0.005200786050409,3.2235759135801345e-05,56,0.9,56,7,925,3.0,3.0,3.0,3.0
3697,153,22,9,RidgeClassifier,MMF4,0.1182423954122926,0.0021009238248359,4.671356014197392e-06,56,0.9,56,7,925,2.0,2.0,2.0,2.0
3698,153,22,9,RidgeClassifier,WBL4,0.0293715039698813,0.000521164294223,3.195033687966676e-07,56,0.9,56,7,925,1.0,1.0,1.0,1.0
3699,153,22,9,RidgeClassifier,POW4,0.4391214653706247,0.0078278617687521,6.234115585352361e-05,56,0.9,56,7,925,4.0,4.0,4.0,4.0
3700,152,43,22,ens.GradientBoosting,LC-PFN,1.4608572237193584,0.0253337863832712,0.0007797876605764,41,0.9,41,5,926,2.0,2.0,3.0,2.3333333333333335
3701,152,43,22,ens.GradientBoosting,MMF4,1.583687242970417,0.0273162544038654,0.0007620582512449,41,0.9,41,5,926,3.0,3.0,2.0,2.6666666666666665
3702,152,43,22,ens.GradientBoosting,WBL4,1.348508452233535,0.0233303263802302,0.0005623379139854,41,0.9,41,5,926,1.0,1.0,1.0,1.0
3703,152,43,22,ens.GradientBoosting,POW4,7.996856043933058,0.129584499712192,0.016858508841708,41,0.9,41,5,926,4.0,4.0,4.0,4.0
3704,157,252,14,BernoulliNB,LC-PFN,1.0227213613688946,0.0112740229815244,0.0001377380249323,63,0.9,63,7,927,1.0,1.0,1.0,1.0
3705,157,252,14,BernoulliNB,MMF4,2.136585067978493,0.0232527370499962,0.0005519944985735,63,0.9,63,7,927,4.0,4.0,4.0,4.0
3706,157,252,14,BernoulliNB,WBL4,1.9962689893651504,0.0217647105128395,0.0004897646840829,63,0.9,63,7,927,3.0,3.0,3.0,3.0
3707,157,252,14,BernoulliNB,POW4,1.3530060834033373,0.0148279803445948,0.0002221237297584,63,0.9,63,7,927,2.0,2.0,2.0,2.0
3708,158,120,9,RidgeClassifier,LC-PFN,1.15273455157876,0.0227565076202154,0.0005178588326089,48,0.9,48,6,928,4.0,4.0,4.0,4.0
3709,158,120,9,RidgeClassifier,MMF4,0.0826811479875278,0.001649686666423,2.7214881697171907e-06,48,0.9,48,6,928,2.0,2.0,2.0,2.0
3710,158,120,9,RidgeClassifier,WBL4,0.1169161935974258,0.0023319600403434,5.43803762975857e-06,48,0.9,48,6,928,3.0,3.0,3.0,3.0
3711,158,120,9,RidgeClassifier,POW4,0.0287008459285112,0.0005732894164838,3.304074464585931e-07,48,0.9,48,6,928,1.0,1.0,1.0,1.0
3712,168,129,22,ens.GradientBoosting,LC-PFN,1.0292204096913338,0.0202922914177179,0.0004119726072531,54,0.9,54,7,929,4.0,4.0,4.0,4.0
3713,168,129,22,ens.GradientBoosting,MMF4,0.0206953591828852,0.0004123334933153,1.834773095490134e-07,54,0.9,54,7,929,2.0,2.0,2.0,2.0
3714,168,129,22,ens.GradientBoosting,WBL4,0.0435716433436717,0.0008676198383968,8.470680747550473e-07,54,0.9,54,7,929,3.0,3.0,3.0,3.0
3715,168,129,22,ens.GradientBoosting,POW4,0.0104219895064902,0.0002076201272672,5.458172761054285e-08,54,0.9,54,7,929,1.0,1.0,1.0,1.0
3716,156,62,13,QDA,LC-PFN,17.466790974140167,0.0534275583922863,0.0028946492820978,38,0.9,38,5,930,4.0,4.0,4.0,4.0
3717,156,62,13,QDA,MMF4,1.368754011991255,0.0048981903942312,4.216293841613582e-05,38,0.9,38,5,930,1.0,1.0,1.0,1.0
3718,156,62,13,QDA,WBL4,1.4169976814627971,0.005072443644637,4.416477251269712e-05,38,0.9,38,5,930,2.0,2.0,2.0,2.0
3719,156,62,13,QDA,POW4,1.5767251511370854,0.0056536391885228,5.065150547163269e-05,38,0.9,38,5,930,3.0,3.0,3.0,3.0
3720,162,33,5,ExtraTree,LC-PFN,7.51606822013855,0.0634060129523277,0.0040217833593487,45,0.9,45,5,931,4.0,4.0,4.0,4.0
3721,162,33,5,ExtraTree,MMF4,1.053778751885488,0.0094863110887908,0.0001030013243539,45,0.9,45,5,931,2.0,2.0,2.0,2.0
3722,162,33,5,ExtraTree,WBL4,1.1078473941176423,0.0099669423163567,0.0001135806235356,45,0.9,45,5,931,3.0,3.0,3.0,3.0
3723,162,33,5,ExtraTree,POW4,0.9102945228422,0.0082089847616391,7.858570820498616e-05,45,0.9,45,5,931,1.0,1.0,1.0,1.0
3724,163,235,4,Decision Tree,LC-PFN,0.1741517917253077,0.0034037828445434,1.327583595411852e-05,57,0.9,57,7,932,2.0,2.0,2.0,2.0
3725,163,235,4,Decision Tree,MMF4,0.2103476520231136,0.0041095279710934,1.830245086857363e-05,57,0.9,57,7,932,3.0,3.0,3.0,3.0
3726,163,235,4,Decision Tree,WBL4,0.2434584972188096,0.0047547138957695,2.4411471579953456e-05,57,0.9,57,7,932,4.0,4.0,4.0,4.0
3727,163,235,4,Decision Tree,POW4,0.047967187513112,0.000938718149874,1.0790046505444915e-06,57,0.9,57,7,932,1.0,1.0,1.0,1.0
3728,161,54,19,NearestCentroid,LC-PFN,0.1242844969965517,0.001713236211799,3.668656063382514e-06,53,0.9,53,6,933,1.0,1.0,1.0,1.0
3729,161,54,19,NearestCentroid,MMF4,0.2769932560954713,0.0038199801004025,1.8308768218054235e-05,53,0.9,53,6,933,2.0,2.0,2.0,2.0
3730,161,54,19,NearestCentroid,WBL4,0.6323573692394007,0.0086838627740914,8.326014846004633e-05,53,0.9,53,6,933,3.0,3.0,3.0,3.0
3731,161,54,19,NearestCentroid,POW4,1.8961529714362169,0.0266948639562172,0.000713616983929,53,0.9,53,6,933,4.0,4.0,4.0,4.0
3732,169,222,4,Decision Tree,LC-PFN,0.5713993217796087,0.0104792118072509,0.0001120669330703,57,0.9,57,7,934,2.0,3.0,2.0,2.3333333333333335
3733,169,222,4,Decision Tree,MMF4,0.3910395262785791,0.0071086312160713,5.7266492330383706e-05,57,0.9,57,7,934,1.0,1.0,1.0,1.0
3734,169,222,4,Decision Tree,WBL4,0.5767989964895197,0.0104642070731484,0.0001171454438495,57,0.9,57,7,934,3.0,2.0,3.0,2.6666666666666665
3735,169,222,4,Decision Tree,POW4,0.5978546202418424,0.010970674130915,0.0001220928592017,57,0.9,57,7,934,4.0,4.0,4.0,4.0
3736,164,240,6,LogisticRegression,LC-PFN,2.1634018048644066,0.0287143252789974,0.0009025055915117,58,0.9,58,7,935,4.0,4.0,4.0,4.0
3737,164,240,6,LogisticRegression,MMF4,1.5793355827986102,0.0211084506836568,0.0005622963246629,58,0.9,58,7,935,2.0,2.0,2.0,2.0
3738,164,240,6,LogisticRegression,WBL4,1.5953427359110608,0.0213181710014537,0.000571208597043,58,0.9,58,7,935,3.0,3.0,3.0,3.0
3739,164,240,6,LogisticRegression,POW4,1.3631490706660443,0.0182695542181862,0.0004498292588851,58,0.9,58,7,935,1.0,1.0,1.0,1.0
3740,166,88,8,Perceptron,LC-PFN,1.0102040134370327,0.0135796153917908,0.0003069191297981,63,0.9,63,7,936,3.0,3.0,4.0,3.3333333333333335
3741,166,88,8,Perceptron,MMF4,1.0079121040517494,0.0135475341046298,0.0002521971553181,63,0.9,63,7,936,2.0,2.0,2.0,2.0
3742,166,88,8,Perceptron,WBL4,1.0002666421209137,0.0134436548896817,0.0002432307509493,63,0.9,63,7,936,1.0,1.0,1.0,1.0
3743,166,88,8,Perceptron,POW4,1.0138238518981535,0.0136279394864637,0.0002599232272342,63,0.9,63,7,936,4.0,4.0,3.0,3.6666666666666665
3744,170,228,13,QDA,LC-PFN,60.67320108413696,0.6267117261886597,0.4177272319793701,40,0.9,40,5,937,4.0,4.0,4.0,4.0
3745,170,228,13,QDA,MMF4,33.0111537617929,0.420232293264209,0.2030848447982175,40,0.9,40,5,937,2.0,2.0,2.0,2.0
3746,170,228,13,QDA,WBL4,33.35175330192238,0.4233501066564019,0.2058576800396291,40,0.9,40,5,937,3.0,3.0,3.0,3.0
3747,170,228,13,QDA,POW4,31.35147379765414,0.4048120674406401,0.1896876505221397,40,0.9,40,5,937,1.0,1.0,1.0,1.0
3748,160,75,8,Perceptron,LC-PFN,0.881162378937006,0.0101732490584254,0.0001742334861773,41,0.9,41,5,938,3.0,3.0,3.0,3.0
3749,160,75,8,Perceptron,MMF4,0.7776271013056687,0.0089586368295941,0.0001278226416125,41,0.9,41,5,938,1.0,1.0,1.0,1.0
3750,160,75,8,Perceptron,WBL4,0.8343745783318214,0.0096209606504842,0.0001401283159369,41,0.9,41,5,938,2.0,2.0,2.0,2.0
3751,160,75,8,Perceptron,POW4,1.0620828680975365,0.01228632231936,0.0001998482644094,41,0.9,41,5,938,4.0,4.0,4.0,4.0
3752,172,147,11,MLP,LC-PFN,17.42326021194458,0.0536754317581653,0.0029060442466288,25,0.9,25,3,939,4.0,4.0,4.0,4.0
3753,172,147,11,MLP,MMF4,4.341562708334078,0.0150873337704038,0.0002910364310001,25,0.9,25,3,939,3.0,1.0,3.0,2.3333333333333335
3754,172,147,11,MLP,WBL4,4.314382546894198,0.0162133333349615,0.0002904277333856,25,0.9,25,3,939,2.0,3.0,2.0,2.3333333333333335
3755,172,147,11,MLP,POW4,4.3143824843424,0.016213333088138,0.0002904277252983,25,0.9,25,3,939,1.0,2.0,1.0,1.3333333333333333
3756,171,99,13,QDA,LC-PFN,0.1788971363566815,0.0027801990509033,9.109511665883474e-06,41,0.9,41,5,940,1.0,1.0,1.0,1.0
3757,171,99,13,QDA,MMF4,1.720633199862277,0.0263047025677707,0.0007003033620951,41,0.9,41,5,940,3.0,3.0,3.0,3.0
3758,171,99,13,QDA,WBL4,1.9748375004233925,0.0301159040061513,0.0009197519817588,41,0.9,41,5,940,4.0,4.0,4.0,4.0
3759,171,99,13,QDA,POW4,0.6385056746876826,0.0098286163762143,0.0001397996501366,41,0.9,41,5,940,2.0,2.0,2.0,2.0
3760,175,155,19,NearestCentroid,LC-PFN,0.2179968636482954,0.0030098930001258,1.3795533050142694e-05,72,0.9,72,8,941,1.0,1.0,3.0,1.6666666666666667
3761,175,155,19,NearestCentroid,MMF4,0.2649792079489726,0.0036800734648161,1.3580258038937638e-05,72,0.9,72,8,941,3.0,3.0,2.0,2.6666666666666665
3762,175,155,19,NearestCentroid,WBL4,0.245184933269473,0.0034044897216206,1.1627867593098911e-05,72,0.9,72,8,941,2.0,2.0,1.0,1.6666666666666667
3763,175,155,19,NearestCentroid,POW4,0.5136759818922134,0.0071518740612657,5.119340887351082e-05,72,0.9,72,8,941,4.0,4.0,4.0,4.0
3764,178,130,0,SVC_linear,LC-PFN,1.5115509741008282,0.0229797791689634,0.0008904083515517,62,0.9,62,7,942,3.0,3.0,3.0,3.0
3765,178,130,0,SVC_linear,MMF4,1.4685520919400927,0.0223011597265024,0.0007640308773397,62,0.9,62,7,942,2.0,2.0,2.0,2.0
3766,178,130,0,SVC_linear,WBL4,1.321269101223408,0.020024411182473,0.0006646070617325,62,0.9,62,7,942,1.0,1.0,1.0,1.0
3767,178,130,0,SVC_linear,POW4,1.9112878693014967,0.0292042578192853,0.0012120184577176,62,0.9,62,7,942,4.0,4.0,4.0,4.0
3768,179,3,5,ExtraTree,LC-PFN,0.4712326917797327,0.0075175762176513,7.372241088887677e-05,48,0.9,48,6,943,2.0,2.0,1.0,1.6666666666666667
3769,179,3,5,ExtraTree,MMF4,0.6226760459142328,0.009909882699356,0.0001602138378084,48,0.9,48,6,943,4.0,4.0,4.0,4.0
3770,179,3,5,ExtraTree,WBL4,0.4599020016267868,0.0073492782468821,9.166680391493652e-05,48,0.9,48,6,943,1.0,1.0,2.0,1.3333333333333333
3771,179,3,5,ExtraTree,POW4,0.5215203994490676,0.0083087139914269,0.0001239414202579,48,0.9,48,6,943,3.0,3.0,3.0,3.0
3772,174,159,13,QDA,LC-PFN,0.3727753879502415,0.0061907269991934,4.216760862618685e-05,45,0.9,45,6,944,2.0,2.0,1.0,1.6666666666666667
3773,174,159,13,QDA,MMF4,1.145268069741603,0.01920156038527,0.0003863557189106,45,0.9,45,6,944,4.0,4.0,4.0,4.0
3774,174,159,13,QDA,WBL4,0.3553511253863811,0.0058966304134664,4.428512504982423e-05,45,0.9,45,6,944,1.0,1.0,2.0,1.3333333333333333
3775,174,159,13,QDA,POW4,0.5357492768705469,0.0089525203252591,0.00011693242943,45,0.9,45,6,944,3.0,3.0,3.0,3.0
3776,181,216,1,SVC_poly,LC-PFN,0.4819625057280063,0.0079066697508096,6.711864989483729e-05,85,0.9,85,10,945,4.0,4.0,4.0,4.0
3777,181,216,1,SVC_poly,MMF4,0.2239774862699791,0.0036852524503138,1.5024916582905472e-05,85,0.9,85,10,945,2.0,2.0,2.0,2.0
3778,181,216,1,SVC_poly,WBL4,0.3145542574528241,0.0051706634723077,2.9794388095014025e-05,85,0.9,85,10,945,3.0,3.0,3.0,3.0
3779,181,216,1,SVC_poly,POW4,0.0635755029512483,0.0010485099741513,1.3605962694976084e-06,85,0.9,85,10,945,1.0,1.0,1.0,1.0
3780,183,245,1,SVC_poly,LC-PFN,2.5421656668186188,0.0391404367983341,0.0019069663248956,92,0.9,92,11,946,1.0,1.0,1.0,1.0
3781,183,245,1,SVC_poly,MMF4,4.134492696687415,0.0648401156617809,0.0045101005235306,92,0.9,92,11,946,3.0,3.0,3.0,3.0
3782,183,245,1,SVC_poly,WBL4,4.127288612601248,0.0647218822895376,0.0044939158424481,92,0.9,92,11,946,2.0,2.0,2.0,2.0
3783,183,245,1,SVC_poly,POW4,4.136114977440847,0.0648667439459107,0.0045137798636691,92,0.9,92,11,946,4.0,4.0,4.0,4.0
3784,182,16,2,SVC_rbf,LC-PFN,0.3851494519039988,0.0069743650965392,4.9246958951698616e-05,58,0.9,58,7,947,4.0,4.0,4.0,4.0
3785,182,16,2,SVC_rbf,MMF4,0.0233715438706061,0.0004215237089368,2.0910747641548705e-07,58,0.9,58,7,947,2.0,2.0,2.0,2.0
3786,182,16,2,SVC_rbf,WBL4,0.0399771176703593,0.0007212402807915,5.471834069121622e-07,58,0.9,58,7,947,3.0,3.0,3.0,3.0
3787,182,16,2,SVC_rbf,POW4,0.0199044553967791,0.0003589678408894,1.603829657101356e-07,58,0.9,58,7,947,1.0,1.0,1.0,1.0
3788,177,8,14,BernoulliNB,LC-PFN,6.356975436210632,0.0552738457918167,0.0030665674712508,48,0.9,48,6,948,4.0,4.0,4.0,4.0
3789,177,8,14,BernoulliNB,MMF4,0.6616503957695742,0.0060821588209756,3.824425211416359e-05,48,0.9,48,6,948,2.0,2.0,2.0,2.0
3790,177,8,14,BernoulliNB,WBL4,0.8621714797007693,0.0079092539563017,6.385259444157056e-05,48,0.9,48,6,948,3.0,3.0,3.0,3.0
3791,177,8,14,BernoulliNB,POW4,0.0891012454432842,0.0008240087265186,1.181055722288088e-06,48,0.9,48,6,948,1.0,1.0,1.0,1.0
3792,187,83,2,SVC_rbf,LC-PFN,0.1989568350836634,0.0035156607627868,1.5382602214231156e-05,41,0.9,41,5,949,1.0,1.0,1.0,1.0
3793,187,83,2,SVC_rbf,MMF4,0.4332019138675915,0.0076321249821249,7.885566414316245e-05,41,0.9,41,5,949,3.0,3.0,3.0,3.0
3794,187,83,2,SVC_rbf,WBL4,0.604995854645214,0.0106346015705546,0.0001381594011677,41,0.9,41,5,949,4.0,4.0,4.0,4.0
3795,187,83,2,SVC_rbf,POW4,0.3534049254406173,0.0062339774746706,5.79814963203957e-05,41,0.9,41,5,949,2.0,2.0,2.0,2.0
3796,188,203,9,RidgeClassifier,LC-PFN,0.2010819502174854,0.0029923233669251,1.1126506251457611e-05,54,0.9,54,7,950,1.0,1.0,1.0,1.0
3797,188,203,9,RidgeClassifier,MMF4,1.3128328110671743,0.0192712341278798,0.0003764513589334,54,0.9,54,7,950,3.0,3.0,3.0,3.0
3798,188,203,9,RidgeClassifier,WBL4,1.2435617708970812,0.0182660630778229,0.0003382725727485,54,0.9,54,7,950,2.0,2.0,2.0,2.0
3799,188,203,9,RidgeClassifier,POW4,1.6361748620044452,0.0239429945554577,0.0005805153392311,54,0.9,54,7,950,4.0,4.0,4.0,4.0
3800,176,81,6,LogisticRegression,LC-PFN,2.0898083224892616,0.0228177700191736,0.0005346804973669,49,0.9,49,6,951,4.0,4.0,4.0,4.0
3801,176,81,6,LogisticRegression,MMF4,0.1212452977920288,0.0013515012571048,3.0930617581497945e-06,49,0.9,49,6,951,1.0,1.0,1.0,1.0
3802,176,81,6,LogisticRegression,WBL4,0.1617680161587151,0.0018020943674802,4.510906597156322e-06,49,0.9,49,6,951,2.0,2.0,2.0,2.0
3803,176,81,6,LogisticRegression,POW4,0.7050901233316406,0.0079216478498822,7.029536586412669e-05,49,0.9,49,6,951,3.0,3.0,3.0,3.0
3804,186,244,4,Decision Tree,LC-PFN,0.1794433104805648,0.0032591989729553,1.4565464880433863e-05,58,0.9,58,7,952,1.0,1.0,1.0,1.0
3805,186,244,4,Decision Tree,MMF4,0.4290134504556854,0.0077553850050955,6.383886070272866e-05,58,0.9,58,7,952,3.0,3.0,3.0,3.0
3806,186,244,4,Decision Tree,WBL4,0.395472238881385,0.0071514742425804,5.474642243786587e-05,58,0.9,58,7,952,2.0,2.0,2.0,2.0
3807,186,244,4,Decision Tree,POW4,0.4985229629766023,0.0090055369524492,8.499637531035754e-05,58,0.9,58,7,952,4.0,4.0,4.0,4.0
3808,185,59,1,SVC_poly,LC-PFN,19.65003311634064,0.0904301851987838,0.0081951338797807,41,0.9,41,5,953,4.0,4.0,4.0,4.0
3809,185,59,1,SVC_poly,MMF4,0.5541957073527274,0.0031210785540176,1.4579917409693528e-05,41,0.9,41,5,953,2.0,2.0,3.0,2.3333333333333335
3810,185,59,1,SVC_poly,WBL4,0.4467747446951898,0.0025055735555277,8.802490698565997e-06,41,0.9,41,5,953,1.0,1.0,1.0,1.0
3811,185,59,1,SVC_poly,POW4,0.5696424385719688,0.0031640910426952,1.149617684592162e-05,41,0.9,41,5,953,3.0,3.0,2.0,2.6666666666666665
3812,184,163,1,SVC_poly,LC-PFN,0.9821134619414806,0.0188791658729314,0.0003581352939363,45,0.9,45,6,954,4.0,4.0,4.0,4.0
3813,184,163,1,SVC_poly,MMF4,0.1837629282205494,0.0034879061313336,1.4585699359240118e-05,45,0.9,45,6,954,2.0,2.0,2.0,2.0
3814,184,163,1,SVC_poly,WBL4,0.1147959603203761,0.002180007892732,6.58132165927466e-06,45,0.9,45,6,954,1.0,1.0,1.0,1.0
3815,184,163,1,SVC_poly,POW4,0.2804091052106461,0.0053201657839028,2.9917960751893425e-05,45,0.9,45,6,954,3.0,3.0,3.0,3.0
3816,190,103,21,ens.RandomForest,LC-PFN,0.1607385696843266,0.0031408071517944,1.0626368748489767e-05,42,0.9,42,5,955,1.0,1.0,1.0,1.0
3817,190,103,21,ens.RandomForest,MMF4,0.2230396544752105,0.0043552944710878,1.972608929870786e-05,42,0.9,42,5,955,3.0,3.0,3.0,3.0
3818,190,103,21,ens.RandomForest,WBL4,0.2888462345506086,0.0056364857420625,3.255583772118957e-05,42,0.9,42,5,955,4.0,4.0,4.0,4.0
3819,190,103,21,ens.RandomForest,POW4,0.222282191227006,0.0043405375831536,1.9597618584773213e-05,42,0.9,42,5,955,2.0,2.0,2.0,2.0
3820,180,31,15,MultinomialNB,LC-PFN,0.3250803332775831,0.0052267787978053,2.9780665499856696e-05,81,0.9,81,10,956,4.0,4.0,4.0,4.0
3821,180,31,15,MultinomialNB,MMF4,0.0551625099663274,0.0008897038850659,8.367510561739207e-07,81,0.9,81,10,956,2.0,2.0,2.0,2.0
3822,180,31,15,MultinomialNB,WBL4,0.1519751708397787,0.0024487311058563,6.070462244164042e-06,81,0.9,81,10,956,3.0,3.0,3.0,3.0
3823,180,31,15,MultinomialNB,POW4,0.0498396897988295,0.0008038997620651,6.893836135880263e-07,81,0.9,81,10,956,1.0,1.0,1.0,1.0
3824,191,58,15,MultinomialNB,LC-PFN,0.4456124734133482,0.0066769942641258,4.53171887784265e-05,66,0.9,66,8,957,3.0,3.0,3.0,3.0
3825,191,58,15,MultinomialNB,MMF4,0.3423090529164133,0.0051269602478363,2.8372748412665275e-05,66,0.9,66,8,957,2.0,2.0,2.0,2.0
3826,191,58,15,MultinomialNB,WBL4,0.1112080679973988,0.0016572498267726,2.8791750790761544e-06,66,0.9,66,8,957,1.0,1.0,1.0,1.0
3827,191,58,15,MultinomialNB,POW4,1.2763862104711996,0.0192989420010786,0.0003874521079261,66,0.9,66,8,957,4.0,4.0,4.0,4.0
3828,192,145,13,QDA,LC-PFN,0.7377129048109055,0.0128909470513463,0.0002443019184283,42,0.9,42,5,958,1.0,1.0,1.0,1.0
3829,192,145,13,QDA,MMF4,1.6019394027541565,0.0283314424883251,0.0010945822288713,42,0.9,42,5,958,2.0,2.0,2.0,2.0
3830,192,145,13,QDA,WBL4,2.619610307518592,0.0469234564749454,0.002494585167556,42,0.9,42,5,958,3.0,3.0,3.0,3.0
3831,192,145,13,QDA,POW4,3.2229936683926472,0.0581313842437048,0.0036664667384584,42,0.9,42,5,958,4.0,4.0,4.0,4.0
3832,198,236,4,Decision Tree,LC-PFN,0.1801817095838487,0.0032536487560719,1.5572084521409124e-05,49,0.9,49,6,959,1.0,1.0,1.0,1.0
3833,198,236,4,Decision Tree,MMF4,1.2602828858509552,0.0225077549795634,0.0005374564472852,49,0.9,49,6,959,3.0,3.0,3.0,3.0
3834,198,236,4,Decision Tree,WBL4,1.5471144375678807,0.027547916988143,0.000795786224111,49,0.9,49,6,959,4.0,4.0,4.0,4.0
3835,198,236,4,Decision Tree,POW4,0.2220468881344301,0.0040064441398003,2.4259712681892304e-05,49,0.9,49,6,959,2.0,2.0,2.0,2.0
3836,197,132,19,NearestCentroid,LC-PFN,0.13578716898337,0.002368040382862,8.278954737761524e-06,65,0.9,65,8,960,3.0,3.0,3.0,3.0
3837,197,132,19,NearestCentroid,MMF4,0.527691672925739,0.0092721115876639,9.287877252822385e-05,65,0.9,65,8,960,4.0,4.0,4.0,4.0
3838,197,132,19,NearestCentroid,WBL4,0.0511728268221187,0.0008935937269264,8.16033470871452e-07,65,0.9,65,8,960,2.0,2.0,2.0,2.0
3839,197,132,19,NearestCentroid,POW4,0.0253637312229374,0.0004430276649702,2.1376916039525145e-07,65,0.9,65,8,960,1.0,1.0,1.0,1.0
3840,194,237,10,SGDClassifier,LC-PFN,1.5306041575968266,0.0292394012212753,0.0008588283671997,35,0.9,35,4,961,4.0,4.0,4.0,4.0
3841,194,237,10,SGDClassifier,MMF4,0.5815220107834714,0.0110143934612491,0.0001406806764435,35,0.9,35,4,961,2.0,2.0,2.0,2.0
3842,194,237,10,SGDClassifier,WBL4,0.9257475539810904,0.017590678624892,0.0003333921101534,35,0.9,35,4,961,3.0,3.0,3.0,3.0
3843,194,237,10,SGDClassifier,POW4,0.3378475515888052,0.0063345937320952,4.448804935720592e-05,35,0.9,35,4,961,1.0,1.0,1.0,1.0
3844,195,20,1,SVC_poly,LC-PFN,0.3384140785783529,0.0051852227188646,2.9380466003203765e-05,38,0.9,38,5,962,4.0,4.0,4.0,4.0
3845,195,20,1,SVC_poly,MMF4,0.1287152436616375,0.0019761480430598,4.6991108222819376e-06,38,0.9,38,5,962,2.0,2.0,2.0,2.0
3846,195,20,1,SVC_poly,WBL4,0.2779881290585151,0.0042647046812152,2.1086423743679615e-05,38,0.9,38,5,962,3.0,3.0,3.0,3.0
3847,195,20,1,SVC_poly,POW4,0.0976415290713274,0.0014983406621005,3.968761816317478e-06,38,0.9,38,5,962,1.0,1.0,1.0,1.0
3848,193,143,14,BernoulliNB,LC-PFN,0.5426538176834583,0.0082316845655441,7.094964530551806e-05,34,0.9,34,4,963,1.0,1.0,1.0,1.0
3849,193,143,14,BernoulliNB,MMF4,0.7588438149265794,0.0116607122579201,0.000137420890299,34,0.9,34,4,963,3.0,3.0,3.0,3.0
3850,193,143,14,BernoulliNB,WBL4,0.7616453228788085,0.0117040953354943,0.000138434466907,34,0.9,34,4,963,4.0,4.0,4.0,4.0
3851,193,143,14,BernoulliNB,POW4,0.7124960077031841,0.0109433438119152,0.000121224719559,34,0.9,34,4,963,2.0,2.0,2.0,2.0
3852,196,178,18,KNN,LC-PFN,2.1595489233732224,0.0231027342379093,0.0005463736015371,60,0.9,60,7,964,4.0,4.0,4.0,4.0
3853,196,178,18,KNN,MMF4,1.1227729681238183,0.0121473811396837,0.0001559451332479,60,0.9,60,7,964,3.0,3.0,3.0,3.0
3854,196,178,18,KNN,WBL4,0.8805678325059799,0.009550030477717,9.656368540638512e-05,60,0.9,60,7,964,1.0,1.0,1.0,1.0
3855,196,178,18,KNN,POW4,0.9071060470738131,0.0098342432245364,0.0001020064602082,60,0.9,60,7,964,2.0,2.0,2.0,2.0
3856,199,209,12,LDA,LC-PFN,0.6122332066297531,0.0089754909276962,0.0001134963677031,35,0.9,35,4,965,1.0,1.0,1.0,1.0
3857,199,209,12,LDA,MMF4,1.4536940391768578,0.0210903234115105,0.0005807759490131,35,0.9,35,4,965,2.0,2.0,2.0,2.0
3858,199,209,12,LDA,WBL4,1.809937467612612,0.0261417716985783,0.0008422355224232,35,0.9,35,4,965,4.0,4.0,4.0,4.0
3859,199,209,12,LDA,POW4,1.636430152880671,0.0236503202525656,0.0005909143250795,35,0.9,35,4,965,3.0,3.0,3.0,3.0
3860,165,190,3,SVC_sigmoid,LC-PFN,3.709749504923821,0.0310627948492765,0.0011136452667415,58,0.9,58,7,966,4.0,4.0,4.0,4.0
3861,165,190,3,SVC_sigmoid,MMF4,1.5832107516090417,0.0137900144273948,0.0002616274688174,58,0.9,58,7,966,1.0,1.0,1.0,1.0
3862,165,190,3,SVC_sigmoid,WBL4,1.6338075911058685,0.0142404498205438,0.0002771551558118,58,0.9,58,7,966,3.0,3.0,3.0,3.0
3863,165,190,3,SVC_sigmoid,POW4,1.6134212648636186,0.0140588992859853,0.0002703181134735,58,0.9,58,7,966,2.0,2.0,2.0,2.0
3864,43,66,12,LDA,LC-PFN,1.8981099128723145,0.0236510038375854,0.0005795311881229,41,0.9,41,5,967,2.0,2.0,2.0,2.0
3865,43,66,12,LDA,MMF4,2.810100155764049,0.0346893007262354,0.001225481641489,41,0.9,41,5,967,4.0,4.0,4.0,4.0
3866,43,66,12,LDA,WBL4,2.448089263810397,0.0303391485299741,0.0009740026989559,41,0.9,41,5,967,3.0,3.0,3.0,3.0
3867,43,66,12,LDA,POW4,0.3981678785009364,0.0050279344699746,3.140418971834272e-05,41,0.9,41,5,967,1.0,1.0,1.0,1.0
3868,33,5,3,SVC_sigmoid,LC-PFN,9.947451204061508,0.0456956140697002,0.0027642527129501,48,0.9,48,6,968,2.0,2.0,2.0,2.0
3869,33,5,3,SVC_sigmoid,MMF4,20.944684890754548,0.1316434677288146,0.0208855237186133,48,0.9,48,6,968,4.0,4.0,4.0,4.0
3870,33,5,3,SVC_sigmoid,WBL4,5.167976849034139,0.025477392561533,0.0012566805474359,48,0.9,48,6,968,1.0,1.0,1.0,1.0
3871,33,5,3,SVC_sigmoid,POW4,10.329481226068618,0.0557196163457206,0.0044615840868697,48,0.9,48,6,968,3.0,3.0,3.0,3.0
3872,159,181,20,ens.ExtraTrees,LC-PFN,1.5729038044810295,0.018164062872529,0.0003347629099152,43,0.9,43,5,969,4.0,4.0,4.0,4.0
3873,159,181,20,ens.ExtraTrees,MMF4,0.2297783606484686,0.0026907038680606,7.320557260919258e-06,43,0.9,43,5,969,1.0,1.0,1.0,1.0
3874,159,181,20,ens.ExtraTrees,WBL4,0.7679356715154559,0.0089532711586761,9.578618870146994e-05,43,0.9,43,5,969,3.0,3.0,3.0,3.0
3875,159,181,20,ens.ExtraTrees,POW4,0.4550899096373483,0.0052943214298521,3.773564458465799e-05,43,0.9,43,5,969,2.0,2.0,2.0,2.0
3876,64,72,8,Perceptron,LC-PFN,4.458042606711388,0.0514477044343948,0.0029215486720204,68,0.9,68,8,970,3.0,3.0,3.0,3.0
3877,64,72,8,Perceptron,MMF4,5.4463174834505645,0.0622133911469812,0.004176811390069,68,0.9,68,8,970,4.0,4.0,4.0,4.0
3878,64,72,8,Perceptron,WBL4,2.731601223759235,0.0321588962912512,0.0013188799642768,68,0.9,68,8,970,2.0,2.0,2.0,2.0
3879,64,72,8,Perceptron,POW4,2.4737607205321237,0.0291706995896045,0.0010519829960721,68,0.9,68,8,970,1.0,1.0,1.0,1.0
