,Curve_idx,Dataset_idx,Learner_idx,Learner_name,Model,SMAPE,MAE,MSE,Cutoff_idx,Cutoff_percentage,Train_points,Test_points,curve_idx,SMAPE_rank,MAE_rank,MSE_rank,Average_rank,Scenario
0,15,150,2,SVC_rbf,LC-PFN,0.1467416994273662,0.0024774770718067,9.889569810184184e-06,25,0.1,25,6,4,4.0,4.0,4.0,4.0,Flat
1,15,150,2,SVC_rbf,MMF4,2.0930809755883218e-07,3.542137028134107e-09,1.2653213935308072e-17,25,0.1,25,6,4,1.0,1.0,1.0,1.0,Flat
2,15,150,2,SVC_rbf,WBL4,0.0016356503142454,2.7680694471621248e-05,7.757404308598258e-10,25,0.1,25,6,4,3.0,3.0,3.0,3.0,Flat
3,15,150,2,SVC_rbf,POW4,6.245754043795155e-06,1.0569738297568541e-07,1.1592175089491387e-14,25,0.1,25,6,4,2.0,2.0,2.0,2.0,Flat
4,11,139,2,SVC_rbf,LC-PFN,0.5682751070708036,0.0100529007613658,0.0001328952930634,25,0.1,25,25,7,4.0,4.0,4.0,4.0,Flat
5,11,139,2,SVC_rbf,MMF4,0.1100097010518036,0.0019298332497133,4.053960201990616e-06,25,0.1,25,25,7,3.0,3.0,3.0,3.0,Flat
6,11,139,2,SVC_rbf,WBL4,0.0933032560955658,0.0016370554504805,3.028292204650848e-06,25,0.1,25,25,7,1.0,1.0,1.0,1.0,Flat
7,11,139,2,SVC_rbf,POW4,0.1047255776991206,0.001837245951049,3.662955816428309e-06,25,0.1,25,25,7,2.0,2.0,2.0,2.0,Flat
8,22,165,1,SVC_poly,LC-PFN,0.986671820282936,0.0190413370728492,0.0003628390259109,25,0.1,25,107,16,4.0,4.0,4.0,4.0,Flat
9,22,165,1,SVC_poly,MMF4,0.0290099159467819,0.0005544825316096,3.078385606280728e-07,25,0.1,25,107,16,2.0,2.0,2.0,2.0,Flat
10,22,165,1,SVC_poly,WBL4,0.0039407588020121,7.529705191364486e-05,5.669646029763245e-09,25,0.1,25,107,16,1.0,1.0,1.0,1.0,Flat
11,22,165,1,SVC_poly,POW4,0.1356221315041086,0.0025950121777493,6.782120571944997e-06,25,0.1,25,107,16,3.0,3.0,3.0,3.0,Flat
12,16,188,2,SVC_rbf,LC-PFN,1.2311208993196487,0.0199297126382589,0.0005173602257855,25,0.1,25,40,17,1.0,1.0,1.0,1.0,Flat
13,16,188,2,SVC_rbf,MMF4,2.231329810874467,0.0356706499453836,0.0016555896388715,25,0.1,25,40,17,3.0,3.0,3.0,3.0,Flat
14,16,188,2,SVC_rbf,WBL4,2.295603736690241,0.0366684088912956,0.0017326579364465,25,0.1,25,40,17,4.0,4.0,4.0,4.0,Flat
15,16,188,2,SVC_rbf,POW4,1.9101026972231168,0.0306647475482273,0.0012960800550506,25,0.1,25,40,17,2.0,2.0,2.0,2.0,Flat
16,23,157,14,BernoulliNB,LC-PFN,1.3609927147626877,0.0254221688956022,0.0006659765494987,25,0.1,25,26,19,4.0,4.0,4.0,4.0,Flat
17,23,157,14,BernoulliNB,MMF4,1.6471126915322715e-06,3.033531225788293e-08,1.145804210556616e-15,25,0.1,25,26,19,2.0,2.0,2.0,2.0,Flat
18,23,157,14,BernoulliNB,WBL4,4.9083723199416805e-09,9.039879955707876e-11,8.1719429613609e-21,25,0.1,25,26,19,1.0,1.0,1.0,1.0,Flat
19,23,157,14,BernoulliNB,POW4,1.76502335345962e-05,3.250691178159092e-07,1.2624237460906094e-13,25,0.1,25,26,19,3.0,3.0,3.0,3.0,Flat
20,25,258,14,BernoulliNB,LC-PFN,3.3583443611860275,0.0476095452904701,0.0027999507728964,25,0.1,25,103,22,4.0,4.0,4.0,4.0,Flat
21,25,258,14,BernoulliNB,MMF4,0.2964662120047595,0.0040399255605635,1.901405879563393e-05,25,0.1,25,103,22,1.0,1.0,1.0,1.0,Flat
22,25,258,14,BernoulliNB,WBL4,0.3784647708635413,0.0051205304952011,2.6458460988549823e-05,25,0.1,25,103,22,2.0,2.0,2.0,2.0,Flat
23,25,258,14,BernoulliNB,POW4,0.4195324533797212,0.0057278001688868,3.890608952055092e-05,25,0.1,25,103,22,3.0,3.0,3.0,3.0,Flat
24,24,191,3,SVC_sigmoid,LC-PFN,5.547769740223885,0.0321767926216125,0.0021828070748597,25,0.1,25,3,28,1.0,1.0,3.0,1.6666666666666667,Flat
25,24,191,3,SVC_sigmoid,MMF4,6.232353483586075,0.0366900182337033,0.0013552847163207,25,0.1,25,3,28,2.0,2.0,1.0,1.6666666666666667,Flat
26,24,191,3,SVC_sigmoid,WBL4,12.19402381367746,0.0786388988524611,0.0076042613816982,25,0.1,25,3,28,4.0,4.0,4.0,4.0,Flat
27,24,191,3,SVC_sigmoid,POW4,7.081643108235605,0.0420559221229296,0.0020857425615763,25,0.1,25,3,28,3.0,3.0,2.0,2.6666666666666665,Flat
28,20,130,1,SVC_poly,LC-PFN,1.1039361357688904,0.0199914947152137,0.0004363034968264,25,0.1,25,44,29,4.0,4.0,4.0,4.0,Flat
29,20,130,1,SVC_poly,MMF4,0.0462571899800496,0.0008271921600097,7.540751706525584e-07,25,0.1,25,44,29,3.0,3.0,3.0,3.0,Flat
30,20,130,1,SVC_poly,WBL4,0.0432116330962639,0.0007727562106476,6.565382742733403e-07,25,0.1,25,44,29,2.0,2.0,2.0,2.0,Flat
31,20,130,1,SVC_poly,POW4,0.0231335357862535,0.0004137787903673,2.137467241669053e-07,25,0.1,25,44,29,1.0,1.0,1.0,1.0,Flat
32,34,254,1,SVC_poly,LC-PFN,8.630041778087616,0.0768122225999832,0.0060234488919377,25,0.1,25,68,30,1.0,1.0,1.0,1.0,Flat
33,34,254,1,SVC_poly,MMF4,12.604606844084817,0.1109772093940585,0.015073287058993,25,0.1,25,68,30,3.0,3.0,3.0,3.0,Flat
34,34,254,1,SVC_poly,WBL4,12.815136307953082,0.1125825636514792,0.0154881375501541,25,0.1,25,68,30,4.0,4.0,4.0,4.0,Flat
35,34,254,1,SVC_poly,POW4,11.902973498890416,0.1055930401264868,0.0138046541735779,25,0.1,25,68,30,2.0,2.0,2.0,2.0,Flat
36,33,5,3,SVC_sigmoid,LC-PFN,23.756229877471924,0.0876493379473686,0.010482563637197,25,0.1,25,29,31,1.0,1.0,1.0,1.0,Flat
37,33,5,3,SVC_sigmoid,MMF4,28.20535703982488,0.0994052941456865,0.0128757592695787,25,0.1,25,29,31,4.0,4.0,4.0,4.0,Flat
38,33,5,3,SVC_sigmoid,WBL4,27.7788925949979,0.0983261302113467,0.0126623746475788,25,0.1,25,29,31,2.0,2.0,2.0,2.0,Flat
39,33,5,3,SVC_sigmoid,POW4,27.77889266421372,0.0983261303868212,0.012662374681625,25,0.1,25,29,31,3.0,3.0,3.0,3.0,Flat
40,49,34,14,BernoulliNB,LC-PFN,1.623489148914814,0.0229240320622921,0.0006855902029201,25,0.1,25,42,42,4.0,4.0,4.0,4.0,Flat
41,49,34,14,BernoulliNB,MMF4,0.5405681855423975,0.0074237277058288,6.409828575546663e-05,25,0.1,25,42,42,1.0,1.0,1.0,1.0,Flat
42,49,34,14,BernoulliNB,WBL4,0.5735373616988059,0.0078735086973018,7.171851279202037e-05,25,0.1,25,42,42,2.0,2.0,2.0,2.0,Flat
43,49,34,14,BernoulliNB,POW4,0.7225788797067629,0.0100412338377814,0.0001026174245667,25,0.1,25,42,42,3.0,3.0,3.0,3.0,Flat
44,52,252,1,SVC_poly,LC-PFN,31.16633892059326,0.1808209121227264,0.0440972782671451,25,0.1,25,45,46,4.0,4.0,4.0,4.0,Flat
45,52,252,1,SVC_poly,MMF4,19.143128945975004,0.1311347304350328,0.033025714149674,25,0.1,25,45,46,2.0,2.0,2.0,2.0,Flat
46,52,252,1,SVC_poly,WBL4,19.325658781145357,0.1320177601985493,0.0332585135384845,25,0.1,25,45,46,3.0,3.0,3.0,3.0,Flat
47,52,252,1,SVC_poly,POW4,16.510001543348125,0.1178963730912139,0.0290965329118931,25,0.1,25,45,46,1.0,1.0,1.0,1.0,Flat
48,53,163,2,SVC_rbf,LC-PFN,1.7953889444470406,0.0332684554159641,0.0012487464118748,25,0.1,25,26,47,2.0,2.0,2.0,2.0,Flat
49,53,163,2,SVC_rbf,MMF4,1.086315579396978,0.0208976902622032,0.0005889416269487,25,0.1,25,26,47,1.0,1.0,1.0,1.0,Flat
50,53,163,2,SVC_rbf,WBL4,2.011018130222841,0.0387661950597227,0.00169638456124,25,0.1,25,26,47,3.0,3.0,4.0,3.3333333333333335,Flat
51,53,163,2,SVC_rbf,POW4,2.1444797622154903,0.0393117978478364,0.0016011552525424,25,0.1,25,26,47,4.0,4.0,3.0,3.6666666666666665,Flat
52,79,143,1,SVC_poly,LC-PFN,0.1685261726379394,0.002708655083552,1.237612286786316e-05,25,0.1,25,13,83,1.0,1.0,1.0,1.0,Flat
53,79,143,1,SVC_poly,MMF4,0.3369566514030487,0.0054354391843152,3.201265115599982e-05,25,0.1,25,13,83,2.0,2.0,2.0,2.0,Flat
54,79,143,1,SVC_poly,WBL4,0.5030081655014988,0.0081283142387195,6.853814534565368e-05,25,0.1,25,13,83,4.0,4.0,4.0,4.0,Flat
55,79,143,1,SVC_poly,POW4,0.5030081423089279,0.0081283138619754,6.853813921370637e-05,25,0.1,25,13,83,3.0,3.0,3.0,3.0,Flat
56,90,248,1,SVC_poly,LC-PFN,2.122107706964016,0.0363521352410316,0.0016652736812829,25,0.1,25,34,86,2.0,2.0,2.0,2.0,Flat
57,90,248,1,SVC_poly,MMF4,4.639525916828705,0.077150787634558,0.0076070095422978,25,0.1,25,34,86,3.0,3.0,3.0,3.0,Flat
58,90,248,1,SVC_poly,WBL4,5.220340464625954,0.0862111204132316,0.0092458846112684,25,0.1,25,34,86,4.0,4.0,4.0,4.0,Flat
59,90,248,1,SVC_poly,POW4,1.0694585557663947,0.0185197098695026,0.0003601234444604,25,0.1,25,34,86,1.0,1.0,1.0,1.0,Flat
60,95,178,3,SVC_sigmoid,LC-PFN,4.42180372774601,0.035712581127882,0.0017218017019331,25,0.1,25,42,91,4.0,4.0,4.0,4.0,Flat
61,95,178,3,SVC_sigmoid,MMF4,1.3136243257117783,0.0105544680083733,0.0001879972877557,25,0.1,25,42,91,2.0,2.0,2.0,2.0,Flat
62,95,178,3,SVC_sigmoid,WBL4,1.0863761380550836,0.0086922900663031,0.0001463876996372,25,0.1,25,42,91,1.0,1.0,1.0,1.0,Flat
63,95,178,3,SVC_sigmoid,POW4,2.60378177183998,0.0212982956663781,0.0005586437897202,25,0.1,25,42,91,3.0,3.0,3.0,3.0,Flat
64,98,131,3,SVC_sigmoid,LC-PFN,1.6798343509435654,0.0319848321378231,0.0010296826949343,25,0.1,25,46,94,4.0,4.0,4.0,4.0,Flat
65,98,131,3,SVC_sigmoid,MMF4,5.986945036599038e-05,1.1206425444131935e-06,5.475786886301483e-11,25,0.1,25,46,94,3.0,3.0,1.0,2.3333333333333335,Flat
66,98,131,3,SVC_sigmoid,WBL4,5.836939526482017e-05,1.0925636241035497e-06,5.489507657993535e-11,25,0.1,25,46,94,1.0,1.0,2.0,1.3333333333333333,Flat
67,98,131,3,SVC_sigmoid,POW4,5.866383296176087e-05,1.098075083527661e-06,5.491594795946724e-11,25,0.1,25,46,94,2.0,2.0,3.0,2.3333333333333335,Flat
68,109,228,1,SVC_poly,LC-PFN,3.5723116248846054,0.0521288961172103,0.0036484615411609,25,0.1,25,22,103,1.0,1.0,1.0,1.0,Flat
69,109,228,1,SVC_poly,MMF4,5.637835692917521,0.0807498271964139,0.0099793414800235,25,0.1,25,22,103,3.0,3.0,3.0,3.0,Flat
70,109,228,1,SVC_poly,WBL4,9.043127109349882,0.1237295614084196,0.0214057355966599,25,0.1,25,22,103,4.0,4.0,4.0,4.0,Flat
71,109,228,1,SVC_poly,POW4,4.714626974836708,0.0667744258011652,0.0051442578321533,25,0.1,25,22,103,2.0,2.0,2.0,2.0,Flat
72,119,73,3,SVC_sigmoid,LC-PFN,5.679620802402496,0.0806446298956871,0.0090938080102205,25,0.1,25,45,115,4.0,4.0,4.0,4.0,Flat
73,119,73,3,SVC_sigmoid,MMF4,4.30515585533461,0.0598634624240864,0.0051517843109754,25,0.1,25,45,115,2.0,2.0,2.0,2.0,Flat
74,119,73,3,SVC_sigmoid,WBL4,4.177692495241336,0.0579777677111829,0.0048932601807995,25,0.1,25,45,115,1.0,1.0,1.0,1.0,Flat
75,119,73,3,SVC_sigmoid,POW4,5.296441782823434,0.0747456493871304,0.0076875078800341,25,0.1,25,45,115,3.0,3.0,3.0,3.0,Flat
76,130,18,2,SVC_rbf,LC-PFN,1.1763152666389942,0.0226143077015876,0.0006360337720252,25,0.1,25,48,119,1.0,1.0,1.0,1.0,Flat
77,130,18,2,SVC_rbf,MMF4,2.262117554234792,0.0430222960363127,0.0024196593463794,25,0.1,25,48,119,2.0,2.0,3.0,2.3333333333333335,Flat
78,130,18,2,SVC_rbf,WBL4,3.997276498559283,0.0744343094160121,0.0065733100667387,25,0.1,25,48,119,4.0,4.0,4.0,4.0,Flat
79,130,18,2,SVC_rbf,POW4,2.4769452062949453,0.0457935385679585,0.0023065478141624,25,0.1,25,48,119,3.0,3.0,2.0,2.6666666666666665,Flat
80,118,215,3,SVC_sigmoid,LC-PFN,2.0649906247854237,0.0302435513585805,0.001228175824508,25,0.1,25,27,126,2.0,2.0,2.0,2.0,Flat
81,118,215,3,SVC_sigmoid,MMF4,2.610353699302034,0.0379817689497296,0.0019699298176338,25,0.1,25,27,126,4.0,4.0,4.0,4.0,Flat
82,118,215,3,SVC_sigmoid,WBL4,1.4193595369277148,0.0209224739671036,0.0006341282260494,25,0.1,25,27,126,1.0,1.0,1.0,1.0,Flat
83,118,215,3,SVC_sigmoid,POW4,2.5422366369704794,0.0370217971759131,0.0018630568860287,25,0.1,25,27,126,3.0,3.0,3.0,3.0,Flat
84,142,71,14,BernoulliNB,LC-PFN,0.7828271947801113,0.0120258731767535,0.0002075797965517,25,0.1,25,37,131,4.0,4.0,4.0,4.0,Flat
85,142,71,14,BernoulliNB,MMF4,0.4100401401845073,0.0062011739751286,4.090789909636394e-05,25,0.1,25,37,131,2.0,2.0,2.0,2.0,Flat
86,142,71,14,BernoulliNB,WBL4,0.5156736089163799,0.0077900222021311,6.401095097341817e-05,25,0.1,25,37,131,3.0,3.0,3.0,3.0,Flat
87,142,71,14,BernoulliNB,POW4,0.1407863759597357,0.0021424101910203,6.931344460161678e-06,25,0.1,25,37,131,1.0,1.0,1.0,1.0,Flat
88,140,98,1,SVC_poly,LC-PFN,0.198903982527554,0.0033531202934682,1.6201000107685104e-05,25,0.1,25,43,135,1.0,1.0,1.0,1.0,Flat
89,140,98,1,SVC_poly,MMF4,0.3796802633845237,0.0065134962354207,7.437573557352693e-05,25,0.1,25,43,135,4.0,4.0,4.0,4.0,Flat
90,140,98,1,SVC_poly,WBL4,0.2987843902409038,0.0051142964201769,4.32052928704084e-05,25,0.1,25,43,135,2.0,2.0,2.0,2.0,Flat
91,140,98,1,SVC_poly,POW4,0.357421765728563,0.0061270055903047,6.481856273503083e-05,25,0.1,25,43,135,3.0,3.0,3.0,3.0,Flat
92,151,111,1,SVC_poly,LC-PFN,2.6856569573283195,0.033784981817007,0.0011712780687958,25,0.1,25,21,147,3.0,3.0,3.0,3.0,Flat
93,151,111,1,SVC_poly,MMF4,1.816606938708636,0.0246820209910472,0.0011209594033799,25,0.1,25,21,147,2.0,2.0,2.0,2.0,Flat
94,151,111,1,SVC_poly,WBL4,5.591956628770835,0.0818281346119886,0.0118047638092734,25,0.1,25,21,147,4.0,4.0,4.0,4.0,Flat
95,151,111,1,SVC_poly,POW4,0.9362959248373536,0.0117683463793025,0.0001784512516258,25,0.1,25,21,147,1.0,1.0,1.0,1.0,Flat
96,165,190,3,SVC_sigmoid,LC-PFN,4.781503230333328,0.0412795916199684,0.0024994285777211,25,0.1,25,40,158,2.0,2.0,2.0,2.0,Flat
97,165,190,3,SVC_sigmoid,MMF4,6.1167638306893934,0.0569755402521432,0.0042529357629304,25,0.1,25,40,158,3.0,3.0,3.0,3.0,Flat
98,165,190,3,SVC_sigmoid,WBL4,2.441648511924713,0.0216086521650839,0.0006741645095804,25,0.1,25,40,158,1.0,1.0,1.0,1.0,Flat
99,165,190,3,SVC_sigmoid,POW4,8.30536677084028,0.0810170212360592,0.0096008072248201,25,0.1,25,40,158,4.0,4.0,4.0,4.0,Flat
100,177,8,14,BernoulliNB,LC-PFN,3.714565932750702,0.035181488841772,0.0016574917826801,25,0.1,25,29,169,2.0,2.0,2.0,2.0,Flat
101,177,8,14,BernoulliNB,MMF4,4.499032106827749,0.0433126489393214,0.0021551346390677,25,0.1,25,29,169,3.0,3.0,3.0,3.0,Flat
102,177,8,14,BernoulliNB,WBL4,2.846348935381911,0.0267788000569419,0.0007796514029275,25,0.1,25,29,169,1.0,1.0,1.0,1.0,Flat
103,177,8,14,BernoulliNB,POW4,4.880031947807654,0.047252204801863,0.0026061886065,25,0.1,25,29,169,4.0,4.0,4.0,4.0,Flat
104,182,16,2,SVC_rbf,LC-PFN,1.0662046261131763,0.0194144751876592,0.0003997747262474,25,0.1,25,40,172,4.0,4.0,4.0,4.0,Flat
105,182,16,2,SVC_rbf,MMF4,0.2030485614340963,0.0036734404882145,2.6142984362377456e-05,25,0.1,25,40,172,3.0,3.0,3.0,3.0,Flat
106,182,16,2,SVC_rbf,WBL4,0.0646549468935701,0.0011637188992133,2.6540630341478954e-06,25,0.1,25,40,172,2.0,2.0,2.0,2.0,Flat
107,182,16,2,SVC_rbf,POW4,0.0639807403171656,0.0011515990631388,2.60039447133779e-06,25,0.1,25,40,172,1.0,1.0,1.0,1.0,Flat
108,181,216,1,SVC_poly,LC-PFN,3.4178510308265686,0.0514323413372039,0.0031750425696372,25,0.1,25,70,173,1.0,1.0,1.0,1.0,Flat
109,181,216,1,SVC_poly,MMF4,7.033781116172764,0.1017109855609604,0.0123867781418036,25,0.1,25,70,173,3.0,3.0,3.0,3.0,Flat
110,181,216,1,SVC_poly,WBL4,7.224957718631315,0.1042550461554713,0.0129254579560878,25,0.1,25,70,173,4.0,4.0,4.0,4.0,Flat
111,181,216,1,SVC_poly,POW4,4.836322475218916,0.0717405229200246,0.0065635386659011,25,0.1,25,70,173,2.0,2.0,2.0,2.0,Flat
112,184,163,1,SVC_poly,LC-PFN,0.6048818118870258,0.0112198498100042,0.0001692247460596,25,0.1,25,26,175,2.0,2.0,2.0,2.0,Flat
113,184,163,1,SVC_poly,MMF4,0.6896920647354661,0.0128194425872621,0.000251842698352,25,0.1,25,26,175,3.0,3.0,3.0,3.0,Flat
114,184,163,1,SVC_poly,WBL4,1.3538246406602954,0.0249369159355831,0.0009633576211037,25,0.1,25,26,175,4.0,4.0,4.0,4.0,Flat
115,184,163,1,SVC_poly,POW4,0.5155927133494829,0.0095692203721037,9.74734752653312e-05,25,0.1,25,26,175,1.0,1.0,1.0,1.0,Flat
116,183,245,1,SVC_poly,LC-PFN,1.224928442388773,0.0197079610079526,0.0012321294052526,25,0.1,25,78,176,4.0,4.0,4.0,4.0,Flat
117,183,245,1,SVC_poly,MMF4,1.1472097347865469,0.018312636334302,0.0005971340427628,25,0.1,25,78,176,2.0,2.0,2.0,2.0,Flat
118,183,245,1,SVC_poly,WBL4,1.160338494652258,0.0185238844438091,0.0005993737426603,25,0.1,25,78,176,3.0,3.0,3.0,3.0,Flat
119,183,245,1,SVC_poly,POW4,1.0713839685667252,0.0170906159690238,0.0005905768922801,25,0.1,25,78,176,1.0,1.0,1.0,1.0,Flat
120,187,83,2,SVC_rbf,LC-PFN,0.3509451169520616,0.0061087296344339,4.220249320496805e-05,25,0.1,25,21,179,2.0,2.0,2.0,2.0,Flat
121,187,83,2,SVC_rbf,MMF4,0.4550068853880036,0.0079199610550127,9.973678418406204e-05,25,0.1,25,21,179,3.0,3.0,3.0,3.0,Flat
122,187,83,2,SVC_rbf,WBL4,0.7144933715270647,0.0123864308599124,0.0002280822311859,25,0.1,25,21,179,4.0,4.0,4.0,4.0,Flat
123,187,83,2,SVC_rbf,POW4,0.1731986124880038,0.0030202419873949,1.744614657101126e-05,25,0.1,25,21,179,1.0,1.0,1.0,1.0,Flat
124,193,143,14,BernoulliNB,LC-PFN,1.2608394026756289,0.019550135359168,0.0004690020577982,25,0.1,25,13,183,3.0,3.0,3.0,3.0,Flat
125,193,143,14,BernoulliNB,MMF4,1.180586733819727,0.0182795123660678,0.000368287756412,25,0.1,25,13,183,2.0,2.0,2.0,2.0,Flat
126,193,143,14,BernoulliNB,WBL4,1.093456547179965,0.0169138879695057,0.0003197321465521,25,0.1,25,13,183,1.0,1.0,1.0,1.0,Flat
127,193,143,14,BernoulliNB,POW4,2.253271777056404,0.0353356428412121,0.0014270183465731,25,0.1,25,13,183,4.0,4.0,4.0,4.0,Flat
128,195,20,1,SVC_poly,LC-PFN,0.6595633458346128,0.0101640056818723,0.0001342390023637,25,0.1,25,18,187,2.0,2.0,2.0,2.0,Flat
129,195,20,1,SVC_poly,MMF4,0.880202899018488,0.013639066840388,0.0002700029999044,25,0.1,25,18,187,3.0,3.0,3.0,3.0,Flat
130,195,20,1,SVC_poly,WBL4,0.959139788377247,0.0148811205320297,0.0003225302005999,25,0.1,25,18,187,4.0,4.0,4.0,4.0,Flat
131,195,20,1,SVC_poly,POW4,0.5476683168120533,0.0084392231935381,9.989143643150358e-05,25,0.1,25,18,187,1.0,1.0,1.0,1.0,Flat
132,17,42,3,SVC_sigmoid,LC-PFN,29.93000447750092,0.3291922807693481,0.1172976940870285,25,0.1,25,44,190,3.0,3.0,3.0,3.0,Flat
133,17,42,3,SVC_sigmoid,MMF4,33.77641010717189,0.3752606840214421,0.1624989546151624,25,0.1,25,44,190,4.0,4.0,4.0,4.0,Flat
134,17,42,3,SVC_sigmoid,WBL4,7.440638602341385,0.1172523366124452,0.0200839908716462,25,0.1,25,44,190,1.0,1.0,1.0,1.0,Flat
135,17,42,3,SVC_sigmoid,POW4,25.40515344499709,0.3005307398226335,0.1035966900836906,25,0.1,25,44,190,2.0,2.0,2.0,2.0,Flat
136,157,252,14,BernoulliNB,LC-PFN,19.44931298494339,0.1436555683612823,0.0212085582315921,25,0.1,25,45,193,2.0,2.0,2.0,2.0,Flat
137,157,252,14,BernoulliNB,MMF4,22.406771150868774,0.1676282207426536,0.0339681832448294,25,0.1,25,45,193,3.0,3.0,3.0,3.0,Flat
138,157,252,14,BernoulliNB,WBL4,22.885210760316856,0.1704191242593198,0.0349205938053089,25,0.1,25,45,193,4.0,4.0,4.0,4.0,Flat
139,157,252,14,BernoulliNB,POW4,2.763523625179833,0.026682309109976,0.0009514891119757,25,0.1,25,45,193,1.0,1.0,1.0,1.0,Flat
140,185,59,1,SVC_poly,LC-PFN,26.461681723594666,0.0978952273726463,0.0105228889733552,25,0.1,25,21,194,4.0,4.0,4.0,4.0,Flat
141,185,59,1,SVC_poly,MMF4,9.731554712309444,0.0429855294424109,0.0028980285708366,25,0.1,25,21,194,2.0,2.0,2.0,2.0,Flat
142,185,59,1,SVC_poly,WBL4,10.917845888667806,0.047461806788602,0.0033846208150409,25,0.1,25,21,194,3.0,3.0,3.0,3.0,Flat
143,185,59,1,SVC_poly,POW4,0.8096751365106722,0.0035247242404777,1.964396164989836e-05,25,0.1,25,21,194,1.0,1.0,1.0,1.0,Flat
144,11,139,2,SVC_rbf,LC-PFN,0.5682751070708036,0.0100529007613658,0.0001328952930634,25,0.3,25,25,202,4.0,4.0,4.0,4.0,Flat
145,11,139,2,SVC_rbf,MMF4,0.1100097010518036,0.0019298332497133,4.053960201990616e-06,25,0.3,25,25,202,3.0,3.0,3.0,3.0,Flat
146,11,139,2,SVC_rbf,WBL4,0.0933032560955658,0.0016370554504805,3.028292204650848e-06,25,0.3,25,25,202,1.0,1.0,1.0,1.0,Flat
147,11,139,2,SVC_rbf,POW4,0.1047255776991206,0.001837245951049,3.662955816428309e-06,25,0.3,25,25,202,2.0,2.0,2.0,2.0,Flat
148,22,165,1,SVC_poly,LC-PFN,0.983544997870922,0.0189803168177604,0.00036036624806,39,0.3,39,93,209,4.0,4.0,4.0,4.0,Flat
149,22,165,1,SVC_poly,MMF4,0.0092990980559983,0.0001777036905369,3.157868279308829e-08,39,0.3,39,93,209,2.0,2.0,2.0,2.0,Flat
150,22,165,1,SVC_poly,WBL4,0.0014301892024795,2.732766444367385e-05,7.468012439460356e-10,39,0.3,39,93,209,1.0,1.0,1.0,1.0,Flat
151,22,165,1,SVC_poly,POW4,0.0694885927307204,0.0013287118417859,1.7664485404588003e-06,39,0.3,39,93,209,3.0,3.0,3.0,3.0,Flat
152,15,150,2,SVC_rbf,LC-PFN,0.1467416994273662,0.0024774770718067,9.889569810184184e-06,25,0.3,25,6,211,4.0,4.0,4.0,4.0,Flat
153,15,150,2,SVC_rbf,MMF4,2.0930809755883218e-07,3.542137028134107e-09,1.2653213935308072e-17,25,0.3,25,6,211,1.0,1.0,1.0,1.0,Flat
154,15,150,2,SVC_rbf,WBL4,0.0016356503142454,2.7680694471621248e-05,7.757404308598258e-10,25,0.3,25,6,211,3.0,3.0,3.0,3.0,Flat
155,15,150,2,SVC_rbf,POW4,6.245754043795155e-06,1.0569738297568541e-07,1.1592175089491387e-14,25,0.3,25,6,211,2.0,2.0,2.0,2.0,Flat
156,16,188,2,SVC_rbf,LC-PFN,1.2311208993196487,0.0199297126382589,0.0005173602257855,25,0.3,25,40,212,1.0,1.0,1.0,1.0,Flat
157,16,188,2,SVC_rbf,MMF4,2.231329810874467,0.0356706499453836,0.0016555896388715,25,0.3,25,40,212,3.0,3.0,3.0,3.0,Flat
158,16,188,2,SVC_rbf,WBL4,2.295603736690241,0.0366684088912956,0.0017326579364465,25,0.3,25,40,212,4.0,4.0,4.0,4.0,Flat
159,16,188,2,SVC_rbf,POW4,1.9101026972231168,0.0306647475482273,0.0012960800550506,25,0.3,25,40,212,2.0,2.0,2.0,2.0,Flat
160,23,157,14,BernoulliNB,LC-PFN,1.3609927147626877,0.0254221688956022,0.0006659765494987,25,0.3,25,26,214,4.0,4.0,4.0,4.0,Flat
161,23,157,14,BernoulliNB,MMF4,1.6471126915322715e-06,3.033531225788293e-08,1.145804210556616e-15,25,0.3,25,26,214,2.0,2.0,2.0,2.0,Flat
162,23,157,14,BernoulliNB,WBL4,4.9083723199416805e-09,9.039879955707876e-11,8.1719429613609e-21,25,0.3,25,26,214,1.0,1.0,1.0,1.0,Flat
163,23,157,14,BernoulliNB,POW4,1.76502335345962e-05,3.250691178159092e-07,1.2624237460906094e-13,25,0.3,25,26,214,3.0,3.0,3.0,3.0,Flat
164,25,258,14,BernoulliNB,LC-PFN,2.378451637923717,0.0332845039665699,0.0013431464321911,38,0.3,38,90,217,4.0,4.0,4.0,4.0,Flat
165,25,258,14,BernoulliNB,MMF4,0.618582443496855,0.0084634394160056,7.63390833784714e-05,38,0.3,38,90,217,2.0,2.0,2.0,2.0,Flat
166,25,258,14,BernoulliNB,WBL4,0.1398423223420113,0.0019033873163427,3.776253797787389e-06,38,0.3,38,90,217,1.0,1.0,1.0,1.0,Flat
167,25,258,14,BernoulliNB,POW4,0.7085244899666314,0.0097037086900471,0.0001007904068136,38,0.3,38,90,217,3.0,3.0,3.0,3.0,Flat
168,24,191,3,SVC_sigmoid,LC-PFN,5.547769740223885,0.0321767926216125,0.0021828070748597,25,0.3,25,3,223,1.0,1.0,3.0,1.6666666666666667,Flat
169,24,191,3,SVC_sigmoid,MMF4,6.232353483586075,0.0366900182337033,0.0013552847163207,25,0.3,25,3,223,2.0,2.0,1.0,1.6666666666666667,Flat
170,24,191,3,SVC_sigmoid,WBL4,12.19402381367746,0.0786388988524611,0.0076042613816982,25,0.3,25,3,223,4.0,4.0,4.0,4.0,Flat
171,24,191,3,SVC_sigmoid,POW4,7.081643108235605,0.0420559221229296,0.0020857425615763,25,0.3,25,3,223,3.0,3.0,2.0,2.6666666666666665,Flat
172,20,130,1,SVC_poly,LC-PFN,1.1039361357688904,0.0199914947152137,0.0004363034968264,25,0.3,25,44,224,4.0,4.0,4.0,4.0,Flat
173,20,130,1,SVC_poly,MMF4,0.0462571899800496,0.0008271921600097,7.540751706525584e-07,25,0.3,25,44,224,3.0,3.0,3.0,3.0,Flat
174,20,130,1,SVC_poly,WBL4,0.0432116330962639,0.0007727562106476,6.565382742733403e-07,25,0.3,25,44,224,2.0,2.0,2.0,2.0,Flat
175,20,130,1,SVC_poly,POW4,0.0231335357862535,0.0004137787903673,2.137467241669053e-07,25,0.3,25,44,224,1.0,1.0,1.0,1.0,Flat
176,34,254,1,SVC_poly,LC-PFN,7.796827703714371,0.0700398907065391,0.0049723251722753,27,0.3,27,66,226,1.0,1.0,1.0,1.0,Flat
177,34,254,1,SVC_poly,MMF4,11.04242246880746,0.0992737158660953,0.0122107527005912,27,0.3,27,66,226,3.0,3.0,3.0,3.0,Flat
178,34,254,1,SVC_poly,WBL4,11.314762040139527,0.1014335307766695,0.0127778320668917,27,0.3,27,66,226,4.0,4.0,4.0,4.0,Flat
179,34,254,1,SVC_poly,POW4,10.9436153987733,0.0984867400749909,0.0120082354603071,27,0.3,27,66,226,2.0,2.0,2.0,2.0,Flat
180,33,5,3,SVC_sigmoid,LC-PFN,23.756229877471924,0.0876493379473686,0.010482563637197,25,0.3,25,29,227,1.0,1.0,1.0,1.0,Flat
181,33,5,3,SVC_sigmoid,MMF4,28.20535703982488,0.0994052941456865,0.0128757592695787,25,0.3,25,29,227,4.0,4.0,4.0,4.0,Flat
182,33,5,3,SVC_sigmoid,WBL4,27.7788925949979,0.0983261302113467,0.0126623746475788,25,0.3,25,29,227,2.0,2.0,2.0,2.0,Flat
183,33,5,3,SVC_sigmoid,POW4,27.77889266421372,0.0983261303868212,0.012662374681625,25,0.3,25,29,227,3.0,3.0,3.0,3.0,Flat
184,49,34,14,BernoulliNB,LC-PFN,1.623489148914814,0.0229240320622921,0.0006855902029201,25,0.3,25,42,241,4.0,4.0,4.0,4.0,Flat
185,49,34,14,BernoulliNB,MMF4,0.5405681855423975,0.0074237277058288,6.409828575546663e-05,25,0.3,25,42,241,1.0,1.0,1.0,1.0,Flat
186,49,34,14,BernoulliNB,WBL4,0.5735373616988059,0.0078735086973018,7.171851279202037e-05,25,0.3,25,42,241,2.0,2.0,2.0,2.0,Flat
187,49,34,14,BernoulliNB,POW4,0.7225788797067629,0.0100412338377814,0.0001026174245667,25,0.3,25,42,241,3.0,3.0,3.0,3.0,Flat
188,52,252,1,SVC_poly,LC-PFN,31.16633892059326,0.1808209121227264,0.0440972782671451,25,0.3,25,45,242,4.0,4.0,4.0,4.0,Flat
189,52,252,1,SVC_poly,MMF4,19.143128945975004,0.1311347304350328,0.033025714149674,25,0.3,25,45,242,2.0,2.0,2.0,2.0,Flat
190,52,252,1,SVC_poly,WBL4,19.325658781145357,0.1320177601985493,0.0332585135384845,25,0.3,25,45,242,3.0,3.0,3.0,3.0,Flat
191,52,252,1,SVC_poly,POW4,16.510001543348125,0.1178963730912139,0.0290965329118931,25,0.3,25,45,242,1.0,1.0,1.0,1.0,Flat
192,53,163,2,SVC_rbf,LC-PFN,1.7953889444470406,0.0332684554159641,0.0012487464118748,25,0.3,25,26,245,2.0,2.0,2.0,2.0,Flat
193,53,163,2,SVC_rbf,MMF4,1.086315579396978,0.0208976902622032,0.0005889416269487,25,0.3,25,26,245,1.0,1.0,1.0,1.0,Flat
194,53,163,2,SVC_rbf,WBL4,2.011018130222841,0.0387661950597227,0.00169638456124,25,0.3,25,26,245,3.0,3.0,4.0,3.3333333333333335,Flat
195,53,163,2,SVC_rbf,POW4,2.1444797622154903,0.0393117978478364,0.0016011552525424,25,0.3,25,26,245,4.0,4.0,3.0,3.6666666666666665,Flat
196,79,143,1,SVC_poly,LC-PFN,0.1685261726379394,0.002708655083552,1.237612286786316e-05,25,0.3,25,13,271,1.0,1.0,1.0,1.0,Flat
197,79,143,1,SVC_poly,MMF4,0.3369566514030487,0.0054354391843152,3.201265115599982e-05,25,0.3,25,13,271,2.0,2.0,2.0,2.0,Flat
198,79,143,1,SVC_poly,WBL4,0.5030081655014988,0.0081283142387195,6.853814534565368e-05,25,0.3,25,13,271,4.0,4.0,4.0,4.0,Flat
199,79,143,1,SVC_poly,POW4,0.5030081423089279,0.0081283138619754,6.853813921370637e-05,25,0.3,25,13,271,3.0,3.0,3.0,3.0,Flat
200,95,178,3,SVC_sigmoid,LC-PFN,4.42180372774601,0.035712581127882,0.0017218017019331,25,0.3,25,42,282,4.0,4.0,4.0,4.0,Flat
201,95,178,3,SVC_sigmoid,MMF4,1.3136243257117783,0.0105544680083733,0.0001879972877557,25,0.3,25,42,282,2.0,2.0,2.0,2.0,Flat
202,95,178,3,SVC_sigmoid,WBL4,1.0863761380550836,0.0086922900663031,0.0001463876996372,25,0.3,25,42,282,1.0,1.0,1.0,1.0,Flat
203,95,178,3,SVC_sigmoid,POW4,2.60378177183998,0.0212982956663781,0.0005586437897202,25,0.3,25,42,282,3.0,3.0,3.0,3.0,Flat
204,90,248,1,SVC_poly,LC-PFN,2.122107706964016,0.0363521352410316,0.0016652736812829,25,0.3,25,34,284,2.0,2.0,2.0,2.0,Flat
205,90,248,1,SVC_poly,MMF4,4.639525916828705,0.077150787634558,0.0076070095422978,25,0.3,25,34,284,3.0,3.0,3.0,3.0,Flat
206,90,248,1,SVC_poly,WBL4,5.220340464625954,0.0862111204132316,0.0092458846112684,25,0.3,25,34,284,4.0,4.0,4.0,4.0,Flat
207,90,248,1,SVC_poly,POW4,1.0694585557663947,0.0185197098695026,0.0003601234444604,25,0.3,25,34,284,1.0,1.0,1.0,1.0,Flat
208,98,131,3,SVC_sigmoid,LC-PFN,1.6798343509435654,0.0319848321378231,0.0010296826949343,25,0.3,25,46,287,4.0,4.0,4.0,4.0,Flat
209,98,131,3,SVC_sigmoid,MMF4,5.986945036599038e-05,1.1206425444131935e-06,5.475786886301483e-11,25,0.3,25,46,287,3.0,3.0,1.0,2.3333333333333335,Flat
210,98,131,3,SVC_sigmoid,WBL4,5.836939526482017e-05,1.0925636241035497e-06,5.489507657993535e-11,25,0.3,25,46,287,1.0,1.0,2.0,1.3333333333333333,Flat
211,98,131,3,SVC_sigmoid,POW4,5.866383296176087e-05,1.098075083527661e-06,5.491594795946724e-11,25,0.3,25,46,287,2.0,2.0,3.0,2.3333333333333335,Flat
212,109,228,1,SVC_poly,LC-PFN,3.5723116248846054,0.0521288961172103,0.0036484615411609,25,0.3,25,22,297,1.0,1.0,1.0,1.0,Flat
213,109,228,1,SVC_poly,MMF4,5.637835692917521,0.0807498271964139,0.0099793414800235,25,0.3,25,22,297,3.0,3.0,3.0,3.0,Flat
214,109,228,1,SVC_poly,WBL4,9.043127109349882,0.1237295614084196,0.0214057355966599,25,0.3,25,22,297,4.0,4.0,4.0,4.0,Flat
215,109,228,1,SVC_poly,POW4,4.714626974836708,0.0667744258011652,0.0051442578321533,25,0.3,25,22,297,2.0,2.0,2.0,2.0,Flat
216,119,73,3,SVC_sigmoid,LC-PFN,5.679620802402496,0.0806446298956871,0.0090938080102205,25,0.3,25,45,305,4.0,4.0,4.0,4.0,Flat
217,119,73,3,SVC_sigmoid,MMF4,4.30515585533461,0.0598634624240864,0.0051517843109754,25,0.3,25,45,305,2.0,2.0,2.0,2.0,Flat
218,119,73,3,SVC_sigmoid,WBL4,4.177692495241336,0.0579777677111829,0.0048932601807995,25,0.3,25,45,305,1.0,1.0,1.0,1.0,Flat
219,119,73,3,SVC_sigmoid,POW4,5.296441782823434,0.0747456493871304,0.0076875078800341,25,0.3,25,45,305,3.0,3.0,3.0,3.0,Flat
220,130,18,2,SVC_rbf,LC-PFN,1.1763152666389942,0.0226143077015876,0.0006360337720252,25,0.3,25,48,315,1.0,1.0,1.0,1.0,Flat
221,130,18,2,SVC_rbf,MMF4,2.262117554234792,0.0430222960363127,0.0024196593463794,25,0.3,25,48,315,2.0,2.0,3.0,2.3333333333333335,Flat
222,130,18,2,SVC_rbf,WBL4,3.997276498559283,0.0744343094160121,0.0065733100667387,25,0.3,25,48,315,4.0,4.0,4.0,4.0,Flat
223,130,18,2,SVC_rbf,POW4,2.4769452062949453,0.0457935385679585,0.0023065478141624,25,0.3,25,48,315,3.0,3.0,2.0,2.6666666666666665,Flat
224,118,215,3,SVC_sigmoid,LC-PFN,2.0649906247854237,0.0302435513585805,0.001228175824508,25,0.3,25,27,321,2.0,2.0,2.0,2.0,Flat
225,118,215,3,SVC_sigmoid,MMF4,2.610353699302034,0.0379817689497296,0.0019699298176338,25,0.3,25,27,321,4.0,4.0,4.0,4.0,Flat
226,118,215,3,SVC_sigmoid,WBL4,1.4193595369277148,0.0209224739671036,0.0006341282260494,25,0.3,25,27,321,1.0,1.0,1.0,1.0,Flat
227,118,215,3,SVC_sigmoid,POW4,2.5422366369704794,0.0370217971759131,0.0018630568860287,25,0.3,25,27,321,3.0,3.0,3.0,3.0,Flat
228,140,98,1,SVC_poly,LC-PFN,0.198903982527554,0.0033531202934682,1.6201000107685104e-05,25,0.3,25,43,328,1.0,1.0,1.0,1.0,Flat
229,140,98,1,SVC_poly,MMF4,0.3796802633845237,0.0065134962354207,7.437573557352693e-05,25,0.3,25,43,328,4.0,4.0,4.0,4.0,Flat
230,140,98,1,SVC_poly,WBL4,0.2987843902409038,0.0051142964201769,4.32052928704084e-05,25,0.3,25,43,328,2.0,2.0,2.0,2.0,Flat
231,140,98,1,SVC_poly,POW4,0.357421765728563,0.0061270055903047,6.481856273503083e-05,25,0.3,25,43,328,3.0,3.0,3.0,3.0,Flat
232,142,71,14,BernoulliNB,LC-PFN,0.7828271947801113,0.0120258731767535,0.0002075797965517,25,0.3,25,37,329,4.0,4.0,4.0,4.0,Flat
233,142,71,14,BernoulliNB,MMF4,0.4100401401845073,0.0062011739751286,4.090789909636394e-05,25,0.3,25,37,329,2.0,2.0,2.0,2.0,Flat
234,142,71,14,BernoulliNB,WBL4,0.5156736089163799,0.0077900222021311,6.401095097341817e-05,25,0.3,25,37,329,3.0,3.0,3.0,3.0,Flat
235,142,71,14,BernoulliNB,POW4,0.1407863759597357,0.0021424101910203,6.931344460161678e-06,25,0.3,25,37,329,1.0,1.0,1.0,1.0,Flat
236,151,111,1,SVC_poly,LC-PFN,2.6856569573283195,0.033784981817007,0.0011712780687958,25,0.3,25,21,342,3.0,3.0,3.0,3.0,Flat
237,151,111,1,SVC_poly,MMF4,1.816606938708636,0.0246820209910472,0.0011209594033799,25,0.3,25,21,342,2.0,2.0,2.0,2.0,Flat
238,151,111,1,SVC_poly,WBL4,5.591956628770835,0.0818281346119886,0.0118047638092734,25,0.3,25,21,342,4.0,4.0,4.0,4.0,Flat
239,151,111,1,SVC_poly,POW4,0.9362959248373536,0.0117683463793025,0.0001784512516258,25,0.3,25,21,342,1.0,1.0,1.0,1.0,Flat
240,165,190,3,SVC_sigmoid,LC-PFN,4.781503230333328,0.0412795916199684,0.0024994285777211,25,0.3,25,40,347,2.0,2.0,2.0,2.0,Flat
241,165,190,3,SVC_sigmoid,MMF4,6.1167638306893934,0.0569755402521432,0.0042529357629304,25,0.3,25,40,347,3.0,3.0,3.0,3.0,Flat
242,165,190,3,SVC_sigmoid,WBL4,2.441648511924713,0.0216086521650839,0.0006741645095804,25,0.3,25,40,347,1.0,1.0,1.0,1.0,Flat
243,165,190,3,SVC_sigmoid,POW4,8.30536677084028,0.0810170212360592,0.0096008072248201,25,0.3,25,40,347,4.0,4.0,4.0,4.0,Flat
244,177,8,14,BernoulliNB,LC-PFN,3.714565932750702,0.035181488841772,0.0016574917826801,25,0.3,25,29,362,2.0,2.0,2.0,2.0,Flat
245,177,8,14,BernoulliNB,MMF4,4.499032106827749,0.0433126489393214,0.0021551346390677,25,0.3,25,29,362,3.0,3.0,3.0,3.0,Flat
246,177,8,14,BernoulliNB,WBL4,2.846348935381911,0.0267788000569419,0.0007796514029275,25,0.3,25,29,362,1.0,1.0,1.0,1.0,Flat
247,177,8,14,BernoulliNB,POW4,4.880031947807654,0.047252204801863,0.0026061886065,25,0.3,25,29,362,4.0,4.0,4.0,4.0,Flat
248,182,16,2,SVC_rbf,LC-PFN,1.0662046261131763,0.0194144751876592,0.0003997747262474,25,0.3,25,40,367,4.0,4.0,4.0,4.0,Flat
249,182,16,2,SVC_rbf,MMF4,0.2030485614340963,0.0036734404882145,2.6142984362377456e-05,25,0.3,25,40,367,3.0,3.0,3.0,3.0,Flat
250,182,16,2,SVC_rbf,WBL4,0.0646549468935701,0.0011637188992133,2.6540630341478954e-06,25,0.3,25,40,367,2.0,2.0,2.0,2.0,Flat
251,182,16,2,SVC_rbf,POW4,0.0639807403171656,0.0011515990631388,2.60039447133779e-06,25,0.3,25,40,367,1.0,1.0,1.0,1.0,Flat
252,181,216,1,SVC_poly,LC-PFN,2.5793492794036865,0.039341926574707,0.0018880680436268,28,0.3,28,67,368,1.0,1.0,1.0,1.0,Flat
253,181,216,1,SVC_poly,MMF4,5.579891275680617,0.0822909479486775,0.008329120957641,28,0.3,28,67,368,4.0,4.0,3.0,3.6666666666666665,Flat
254,181,216,1,SVC_poly,WBL4,5.56258244168454,0.0820581518257417,0.0083676468798586,28,0.3,28,67,368,3.0,3.0,4.0,3.3333333333333335,Flat
255,181,216,1,SVC_poly,POW4,4.395805935970806,0.0657360206112304,0.005449637302663,28,0.3,28,67,368,2.0,2.0,2.0,2.0,Flat
256,187,83,2,SVC_rbf,LC-PFN,0.3509451169520616,0.0061087296344339,4.220249320496805e-05,25,0.3,25,21,369,2.0,2.0,2.0,2.0,Flat
257,187,83,2,SVC_rbf,MMF4,0.4550068853880036,0.0079199610550127,9.973678418406204e-05,25,0.3,25,21,369,3.0,3.0,3.0,3.0,Flat
258,187,83,2,SVC_rbf,WBL4,0.7144933715270647,0.0123864308599124,0.0002280822311859,25,0.3,25,21,369,4.0,4.0,4.0,4.0,Flat
259,187,83,2,SVC_rbf,POW4,0.1731986124880038,0.0030202419873949,1.744614657101126e-05,25,0.3,25,21,369,1.0,1.0,1.0,1.0,Flat
260,183,245,1,SVC_poly,LC-PFN,1.1346891522407532,0.0181514620780944,0.0011289885733276,30,0.3,30,73,370,2.0,2.0,4.0,2.6666666666666665,Flat
261,183,245,1,SVC_poly,MMF4,1.152110707084269,0.0183797309706494,0.0006310855586773,30,0.3,30,73,370,3.0,3.0,2.0,2.6666666666666665,Flat
262,183,245,1,SVC_poly,WBL4,1.186080670885051,0.0189273958276835,0.0006335224952692,30,0.3,30,73,370,4.0,4.0,3.0,3.6666666666666665,Flat
263,183,245,1,SVC_poly,POW4,1.1329946635570312,0.0180712076843797,0.0006308678744787,30,0.3,30,73,370,1.0,1.0,1.0,1.0,Flat
264,184,163,1,SVC_poly,LC-PFN,0.6048818118870258,0.0112198498100042,0.0001692247460596,25,0.3,25,26,372,2.0,2.0,2.0,2.0,Flat
265,184,163,1,SVC_poly,MMF4,0.6896920647354661,0.0128194425872621,0.000251842698352,25,0.3,25,26,372,3.0,3.0,3.0,3.0,Flat
266,184,163,1,SVC_poly,WBL4,1.3538246406602954,0.0249369159355831,0.0009633576211037,25,0.3,25,26,372,4.0,4.0,4.0,4.0,Flat
267,184,163,1,SVC_poly,POW4,0.5155927133494829,0.0095692203721037,9.74734752653312e-05,25,0.3,25,26,372,1.0,1.0,1.0,1.0,Flat
268,193,143,14,BernoulliNB,LC-PFN,1.2608394026756289,0.019550135359168,0.0004690020577982,25,0.3,25,13,378,3.0,3.0,3.0,3.0,Flat
269,193,143,14,BernoulliNB,MMF4,1.180586733819727,0.0182795123660678,0.000368287756412,25,0.3,25,13,378,2.0,2.0,2.0,2.0,Flat
270,193,143,14,BernoulliNB,WBL4,1.093456547179965,0.0169138879695057,0.0003197321465521,25,0.3,25,13,378,1.0,1.0,1.0,1.0,Flat
271,193,143,14,BernoulliNB,POW4,2.253271777056404,0.0353356428412121,0.0014270183465731,25,0.3,25,13,378,4.0,4.0,4.0,4.0,Flat
272,17,42,3,SVC_sigmoid,LC-PFN,29.93000447750092,0.3291922807693481,0.1172976940870285,25,0.3,25,44,382,3.0,3.0,3.0,3.0,Flat
273,17,42,3,SVC_sigmoid,MMF4,33.77641010717189,0.3752606840214421,0.1624989546151624,25,0.3,25,44,382,4.0,4.0,4.0,4.0,Flat
274,17,42,3,SVC_sigmoid,WBL4,7.440638602341385,0.1172523366124452,0.0200839908716462,25,0.3,25,44,382,1.0,1.0,1.0,1.0,Flat
275,17,42,3,SVC_sigmoid,POW4,25.40515344499709,0.3005307398226335,0.1035966900836906,25,0.3,25,44,382,2.0,2.0,2.0,2.0,Flat
276,195,20,1,SVC_poly,LC-PFN,0.6595633458346128,0.0101640056818723,0.0001342390023637,25,0.3,25,18,383,2.0,2.0,2.0,2.0,Flat
277,195,20,1,SVC_poly,MMF4,0.880202899018488,0.013639066840388,0.0002700029999044,25,0.3,25,18,383,3.0,3.0,3.0,3.0,Flat
278,195,20,1,SVC_poly,WBL4,0.959139788377247,0.0148811205320297,0.0003225302005999,25,0.3,25,18,383,4.0,4.0,4.0,4.0,Flat
279,195,20,1,SVC_poly,POW4,0.5476683168120533,0.0084392231935381,9.989143643150358e-05,25,0.3,25,18,383,1.0,1.0,1.0,1.0,Flat
280,157,252,14,BernoulliNB,LC-PFN,19.44931298494339,0.1436555683612823,0.0212085582315921,25,0.3,25,45,387,2.0,2.0,2.0,2.0,Flat
281,157,252,14,BernoulliNB,MMF4,22.406771150868774,0.1676282207426536,0.0339681832448294,25,0.3,25,45,387,3.0,3.0,3.0,3.0,Flat
282,157,252,14,BernoulliNB,WBL4,22.885210760316856,0.1704191242593198,0.0349205938053089,25,0.3,25,45,387,4.0,4.0,4.0,4.0,Flat
283,157,252,14,BernoulliNB,POW4,2.763523625179833,0.026682309109976,0.0009514891119757,25,0.3,25,45,387,1.0,1.0,1.0,1.0,Flat
284,185,59,1,SVC_poly,LC-PFN,26.461681723594666,0.0978952273726463,0.0105228889733552,25,0.3,25,21,388,4.0,4.0,4.0,4.0,Flat
285,185,59,1,SVC_poly,MMF4,9.731554712309444,0.0429855294424109,0.0028980285708366,25,0.3,25,21,388,2.0,2.0,2.0,2.0,Flat
286,185,59,1,SVC_poly,WBL4,10.917845888667806,0.047461806788602,0.0033846208150409,25,0.3,25,21,388,3.0,3.0,3.0,3.0,Flat
287,185,59,1,SVC_poly,POW4,0.8096751365106722,0.0035247242404777,1.964396164989836e-05,25,0.3,25,21,388,1.0,1.0,1.0,1.0,Flat
288,11,139,2,SVC_rbf,LC-PFN,0.5682751070708036,0.0100529007613658,0.0001328952930634,25,0.5,25,25,393,4.0,4.0,4.0,4.0,Flat
289,11,139,2,SVC_rbf,MMF4,0.1100097010518036,0.0019298332497133,4.053960201990616e-06,25,0.5,25,25,393,3.0,3.0,3.0,3.0,Flat
290,11,139,2,SVC_rbf,WBL4,0.0933032560955658,0.0016370554504805,3.028292204650848e-06,25,0.5,25,25,393,1.0,1.0,1.0,1.0,Flat
291,11,139,2,SVC_rbf,POW4,0.1047255776991206,0.001837245951049,3.662955816428309e-06,25,0.5,25,25,393,2.0,2.0,2.0,2.0,Flat
292,22,165,1,SVC_poly,LC-PFN,0.9652191773056984,0.0186231974512338,0.000346891087247,66,0.5,66,66,403,3.0,3.0,3.0,3.0,Flat
293,22,165,1,SVC_poly,MMF4,1.516224513277088,0.0294972358135098,0.0010229037964574,66,0.5,66,66,403,4.0,4.0,4.0,4.0,Flat
294,22,165,1,SVC_poly,WBL4,0.0006391002155321,1.2211848872436336e-05,1.491292528832246e-10,66,0.5,66,66,403,1.0,1.0,1.0,1.0,Flat
295,22,165,1,SVC_poly,POW4,0.0319926916185447,0.0006115119909592,3.739476160124234e-07,66,0.5,66,66,403,2.0,2.0,2.0,2.0,Flat
296,17,42,3,SVC_sigmoid,LC-PFN,8.796422183513641,0.1359567940235138,0.0217931922525167,34,0.5,34,35,404,2.0,2.0,2.0,2.0,Flat
297,17,42,3,SVC_sigmoid,MMF4,7.537093022864302,0.1215595226084566,0.0213901068980477,34,0.5,34,35,404,1.0,1.0,1.0,1.0,Flat
298,17,42,3,SVC_sigmoid,WBL4,16.930683180918464,0.2440622506479818,0.0775551682048684,34,0.5,34,35,404,3.0,3.0,4.0,3.3333333333333335,Flat
299,17,42,3,SVC_sigmoid,POW4,19.88206351525513,0.2699961261296263,0.0775126968233184,34,0.5,34,35,404,4.0,4.0,3.0,3.6666666666666665,Flat
300,15,150,2,SVC_rbf,LC-PFN,0.1467416994273662,0.0024774770718067,9.889569810184184e-06,25,0.5,25,6,405,4.0,4.0,4.0,4.0,Flat
301,15,150,2,SVC_rbf,MMF4,2.0930809755883218e-07,3.542137028134107e-09,1.2653213935308072e-17,25,0.5,25,6,405,1.0,1.0,1.0,1.0,Flat
302,15,150,2,SVC_rbf,WBL4,0.0016356503142454,2.7680694471621248e-05,7.757404308598258e-10,25,0.5,25,6,405,3.0,3.0,3.0,3.0,Flat
303,15,150,2,SVC_rbf,POW4,6.245754043795155e-06,1.0569738297568541e-07,1.1592175089491387e-14,25,0.5,25,6,405,2.0,2.0,2.0,2.0,Flat
304,16,188,2,SVC_rbf,LC-PFN,1.4360187575221062,0.0232744608074426,0.0006115602445788,32,0.5,32,33,406,1.0,1.0,1.0,1.0,Flat
305,16,188,2,SVC_rbf,MMF4,2.299900440707086,0.0369293770884949,0.0015922509796645,32,0.5,32,33,406,3.0,3.0,3.0,3.0,Flat
306,16,188,2,SVC_rbf,WBL4,2.406683433357521,0.0385972819720112,0.0017258778964999,32,0.5,32,33,406,4.0,4.0,4.0,4.0,Flat
307,16,188,2,SVC_rbf,POW4,2.207523062585946,0.0354836457121061,0.0014821750162439,32,0.5,32,33,406,2.0,2.0,2.0,2.0,Flat
308,23,157,14,BernoulliNB,LC-PFN,1.3609927147626877,0.0254221688956022,0.0006659765494987,25,0.5,25,26,410,4.0,4.0,4.0,4.0,Flat
309,23,157,14,BernoulliNB,MMF4,1.6471126915322715e-06,3.033531225788293e-08,1.145804210556616e-15,25,0.5,25,26,410,2.0,2.0,2.0,2.0,Flat
310,23,157,14,BernoulliNB,WBL4,4.9083723199416805e-09,9.039879955707876e-11,8.1719429613609e-21,25,0.5,25,26,410,1.0,1.0,1.0,1.0,Flat
311,23,157,14,BernoulliNB,POW4,1.76502335345962e-05,3.250691178159092e-07,1.2624237460906094e-13,25,0.5,25,26,410,3.0,3.0,3.0,3.0,Flat
312,24,191,3,SVC_sigmoid,LC-PFN,5.547769740223885,0.0321767926216125,0.0021828070748597,25,0.5,25,3,411,1.0,1.0,3.0,1.6666666666666667,Flat
313,24,191,3,SVC_sigmoid,MMF4,6.232353483586075,0.0366900182337033,0.0013552847163207,25,0.5,25,3,411,2.0,2.0,1.0,1.6666666666666667,Flat
314,24,191,3,SVC_sigmoid,WBL4,12.19402381367746,0.0786388988524611,0.0076042613816982,25,0.5,25,3,411,4.0,4.0,4.0,4.0,Flat
315,24,191,3,SVC_sigmoid,POW4,7.081643108235605,0.0420559221229296,0.0020857425615763,25,0.5,25,3,411,3.0,3.0,2.0,2.6666666666666665,Flat
316,25,258,14,BernoulliNB,LC-PFN,0.7931441068649292,0.0108874384313821,0.0001538408396299,64,0.5,64,64,417,4.0,4.0,4.0,4.0,Flat
317,25,258,14,BernoulliNB,MMF4,0.1267205265448311,0.0017245502037925,3.082330493477954e-06,64,0.5,64,64,417,2.0,2.0,2.0,2.0,Flat
318,25,258,14,BernoulliNB,WBL4,0.0420865160155982,0.0005722402342149,3.77364911222421e-07,64,0.5,64,64,417,1.0,1.0,1.0,1.0,Flat
319,25,258,14,BernoulliNB,POW4,0.1876936635186605,0.0025559341540707,6.6843353423600205e-06,64,0.5,64,64,417,3.0,3.0,3.0,3.0,Flat
320,34,254,1,SVC_poly,LC-PFN,3.9539258927106857,0.0384265109896659,0.0015299071092158,46,0.5,46,47,418,4.0,4.0,4.0,4.0,Flat
321,34,254,1,SVC_poly,MMF4,1.6466629290545245,0.0181751604010625,0.0005372901281907,46,0.5,46,47,418,3.0,3.0,3.0,3.0,Flat
322,34,254,1,SVC_poly,WBL4,1.574850134853488,0.0173838430810687,0.0005022502243706,46,0.5,46,47,418,2.0,2.0,2.0,2.0,Flat
323,34,254,1,SVC_poly,POW4,0.4293461860962056,0.0042483386078183,2.389946294997752e-05,46,0.5,46,47,418,1.0,1.0,1.0,1.0,Flat
324,33,5,3,SVC_sigmoid,LC-PFN,25.46219229698181,0.0940446481108665,0.0113176116719841,27,0.5,27,27,421,1.0,1.0,1.0,1.0,Flat
325,33,5,3,SVC_sigmoid,MMF4,29.88093851007748,0.1057560226189424,0.0137142762683698,27,0.5,27,27,421,4.0,4.0,4.0,4.0,Flat
326,33,5,3,SVC_sigmoid,WBL4,29.506510197141527,0.1047983537785251,0.0135126349027772,27,0.5,27,27,421,2.0,2.0,2.0,2.0,Flat
327,33,5,3,SVC_sigmoid,POW4,29.506510282428582,0.1047983539973513,0.0135126349487066,27,0.5,27,27,421,3.0,3.0,3.0,3.0,Flat
328,20,130,1,SVC_poly,LC-PFN,0.8504041470587254,0.0153557723388075,0.000252622179687,34,0.5,34,35,423,4.0,4.0,4.0,4.0,Flat
329,20,130,1,SVC_poly,MMF4,0.3965401780201952,0.0071537549059813,0.0001055852256005,34,0.5,34,35,423,3.0,3.0,3.0,3.0,Flat
330,20,130,1,SVC_poly,WBL4,0.2229956684035741,0.0040046172761603,2.6127676194446576e-05,34,0.5,34,35,423,2.0,2.0,2.0,2.0,Flat
331,20,130,1,SVC_poly,POW4,0.1280682802494703,0.0022972107751493,1.01926400193757e-05,34,0.5,34,35,423,1.0,1.0,1.0,1.0,Flat
332,49,34,14,BernoulliNB,LC-PFN,0.8192236535251141,0.0114708086475729,0.0001974396873265,33,0.5,33,34,433,4.0,4.0,4.0,4.0,Flat
333,49,34,14,BernoulliNB,MMF4,0.4365329142600694,0.0060089475534711,3.996629848866533e-05,33,0.5,33,34,433,2.0,2.0,2.0,2.0,Flat
334,49,34,14,BernoulliNB,WBL4,0.5203790049075457,0.0071565330602388,5.573969484841423e-05,33,0.5,33,34,433,3.0,3.0,3.0,3.0,Flat
335,49,34,14,BernoulliNB,POW4,0.3336674655932883,0.0046242316607861,2.288091665423163e-05,33,0.5,33,34,433,1.0,1.0,1.0,1.0,Flat
336,52,252,1,SVC_poly,LC-PFN,30.40255010128021,0.1934207528829574,0.049147393554449,35,0.5,35,35,440,4.0,4.0,4.0,4.0,Flat
337,52,252,1,SVC_poly,MMF4,15.2578117434304,0.118810172200994,0.0272022495266645,35,0.5,35,35,440,3.0,3.0,3.0,3.0,Flat
338,52,252,1,SVC_poly,WBL4,15.175829749233351,0.1183378987449077,0.0270768698714013,35,0.5,35,35,440,2.0,2.0,2.0,2.0,Flat
339,52,252,1,SVC_poly,POW4,14.8321800248068,0.1162192874625029,0.0261557060119448,35,0.5,35,35,440,1.0,1.0,1.0,1.0,Flat
340,53,163,2,SVC_rbf,LC-PFN,1.7953889444470406,0.0332684554159641,0.0012487464118748,25,0.5,25,26,443,2.0,2.0,2.0,2.0,Flat
341,53,163,2,SVC_rbf,MMF4,1.086315579396978,0.0208976902622032,0.0005889416269487,25,0.5,25,26,443,1.0,1.0,1.0,1.0,Flat
342,53,163,2,SVC_rbf,WBL4,2.011018130222841,0.0387661950597227,0.00169638456124,25,0.5,25,26,443,3.0,3.0,4.0,3.3333333333333335,Flat
343,53,163,2,SVC_rbf,POW4,2.1444797622154903,0.0393117978478364,0.0016011552525424,25,0.5,25,26,443,4.0,4.0,3.0,3.6666666666666665,Flat
344,79,143,1,SVC_poly,LC-PFN,0.1685261726379394,0.002708655083552,1.237612286786316e-05,25,0.5,25,13,473,1.0,1.0,1.0,1.0,Flat
345,79,143,1,SVC_poly,MMF4,0.3369566514030487,0.0054354391843152,3.201265115599982e-05,25,0.5,25,13,473,2.0,2.0,2.0,2.0,Flat
346,79,143,1,SVC_poly,WBL4,0.5030081655014988,0.0081283142387195,6.853814534565368e-05,25,0.5,25,13,473,4.0,4.0,4.0,4.0,Flat
347,79,143,1,SVC_poly,POW4,0.5030081423089279,0.0081283138619754,6.853813921370637e-05,25,0.5,25,13,473,3.0,3.0,3.0,3.0,Flat
348,90,248,1,SVC_poly,LC-PFN,2.4449050426483154,0.04195012524724,0.0020740006584674,29,0.5,29,30,477,2.0,2.0,2.0,2.0,Flat
349,90,248,1,SVC_poly,MMF4,3.985384783354162,0.0672605488089548,0.0056813876451626,29,0.5,29,30,477,3.0,3.0,3.0,3.0,Flat
350,90,248,1,SVC_poly,WBL4,4.500371549839604,0.0754911090886877,0.0070203472567762,29,0.5,29,30,477,4.0,4.0,4.0,4.0,Flat
351,90,248,1,SVC_poly,POW4,0.4413426956629875,0.0077416176928272,8.965244502568715e-05,29,0.5,29,30,477,1.0,1.0,1.0,1.0,Flat
352,98,131,3,SVC_sigmoid,LC-PFN,1.7061583697795868,0.0324927903711795,0.0010588240111246,35,0.5,35,36,483,4.0,4.0,4.0,4.0,Flat
353,98,131,3,SVC_sigmoid,MMF4,7.749745755668978e-05,1.450605887505353e-06,6.970789542729664e-11,35,0.5,35,36,483,3.0,3.0,1.0,2.3333333333333335,Flat
354,98,131,3,SVC_sigmoid,WBL4,7.457732078444338e-05,1.3959450381924772e-06,7.014390512794034e-11,35,0.5,35,36,483,1.0,1.0,2.0,1.3333333333333333,Flat
355,98,131,3,SVC_sigmoid,POW4,7.534195889122162e-05,1.4102579878019465e-06,7.020083681856332e-11,35,0.5,35,36,483,2.0,2.0,3.0,2.3333333333333335,Flat
356,95,178,3,SVC_sigmoid,LC-PFN,4.063372313976288,0.0312158185988664,0.0013146513374522,33,0.5,33,34,484,4.0,4.0,4.0,4.0,Flat
357,95,178,3,SVC_sigmoid,MMF4,1.3800068276272786,0.0110495496972952,0.0001951000615798,33,0.5,33,34,484,2.0,2.0,2.0,2.0,Flat
358,95,178,3,SVC_sigmoid,WBL4,1.2371799426543624,0.0098819671289597,0.0001698644087395,33,0.5,33,34,484,1.0,1.0,1.0,1.0,Flat
359,95,178,3,SVC_sigmoid,POW4,2.284908291178792,0.0185275680747468,0.0004265178691297,33,0.5,33,34,484,3.0,3.0,3.0,3.0,Flat
360,109,228,1,SVC_poly,LC-PFN,3.5723116248846054,0.0521288961172103,0.0036484615411609,25,0.5,25,22,496,1.0,1.0,1.0,1.0,Flat
361,109,228,1,SVC_poly,MMF4,5.637835692917521,0.0807498271964139,0.0099793414800235,25,0.5,25,22,496,3.0,3.0,3.0,3.0,Flat
362,109,228,1,SVC_poly,WBL4,9.043127109349882,0.1237295614084196,0.0214057355966599,25,0.5,25,22,496,4.0,4.0,4.0,4.0,Flat
363,109,228,1,SVC_poly,POW4,4.714626974836708,0.0667744258011652,0.0051442578321533,25,0.5,25,22,496,2.0,2.0,2.0,2.0,Flat
364,119,73,3,SVC_sigmoid,LC-PFN,5.375367030501366,0.0746687948703765,0.0070015541277825,35,0.5,35,35,507,4.0,4.0,4.0,4.0,Flat
365,119,73,3,SVC_sigmoid,MMF4,5.0098721757006,0.0692257231837444,0.005759053583705,35,0.5,35,35,507,1.0,1.0,1.0,1.0,Flat
366,119,73,3,SVC_sigmoid,WBL4,5.010357894645921,0.0692328610442675,0.0057599870751405,35,0.5,35,35,507,2.0,2.0,2.0,2.0,Flat
367,119,73,3,SVC_sigmoid,POW4,5.156323792813579,0.0713823563066781,0.00608126083048,35,0.5,35,35,507,3.0,3.0,3.0,3.0,Flat
368,130,18,2,SVC_rbf,LC-PFN,0.6937964353710413,0.013528081588447,0.0002247152442578,36,0.5,36,37,516,1.0,1.0,1.0,1.0,Flat
369,130,18,2,SVC_rbf,MMF4,2.259092386781894,0.0432851113946839,0.0020520893173695,36,0.5,36,37,516,3.0,3.0,3.0,3.0,Flat
370,130,18,2,SVC_rbf,WBL4,2.922836256811696,0.0556099796607756,0.0033422279758092,36,0.5,36,37,516,4.0,4.0,4.0,4.0,Flat
371,130,18,2,SVC_rbf,POW4,1.835436215876592,0.0349869408465244,0.0013263988113809,36,0.5,36,37,516,2.0,2.0,2.0,2.0,Flat
372,140,98,1,SVC_poly,LC-PFN,0.2516163513064384,0.0042857020162045,2.353135096200276e-05,34,0.5,34,34,527,1.0,1.0,1.0,1.0,Flat
373,140,98,1,SVC_poly,MMF4,0.8658489504175748,0.0149566353636006,0.0003119904850219,34,0.5,34,34,527,4.0,4.0,4.0,4.0,Flat
374,140,98,1,SVC_poly,WBL4,0.8134832621783692,0.0140384913795891,0.0002706636304997,34,0.5,34,34,527,3.0,3.0,2.0,2.6666666666666665,Flat
375,140,98,1,SVC_poly,POW4,0.8093152660882478,0.0139701812224387,0.0002737165065659,34,0.5,34,34,527,2.0,2.0,3.0,2.3333333333333335,Flat
376,142,71,14,BernoulliNB,LC-PFN,0.7392076309770346,0.0113467732444405,0.0001784822234185,31,0.5,31,31,530,4.0,4.0,4.0,4.0,Flat
377,142,71,14,BernoulliNB,MMF4,0.1578397326689803,0.0023948205538887,6.4048460513039226e-06,31,0.5,31,31,530,2.0,2.0,2.0,2.0,Flat
378,142,71,14,BernoulliNB,WBL4,0.2225594056893991,0.0033745656249406,1.2092110517618478e-05,31,0.5,31,31,530,3.0,3.0,3.0,3.0,Flat
379,142,71,14,BernoulliNB,POW4,0.1369759274343542,0.0020844259458657,5.914233305940857e-06,31,0.5,31,31,530,1.0,1.0,1.0,1.0,Flat
380,157,252,14,BernoulliNB,LC-PFN,3.058405965566635,0.0250479951500892,0.001033240230754,35,0.5,35,35,537,1.0,1.0,1.0,1.0,Flat
381,157,252,14,BernoulliNB,MMF4,3.076268329164062,0.0302201498653088,0.0016393982314593,35,0.5,35,35,537,2.0,2.0,2.0,2.0,Flat
382,157,252,14,BernoulliNB,WBL4,6.466368323136082,0.0606376156590313,0.0063882391976315,35,0.5,35,35,537,4.0,4.0,4.0,4.0,Flat
383,157,252,14,BernoulliNB,POW4,4.097555572485894,0.0424131023549652,0.0021989355421444,35,0.5,35,35,537,3.0,3.0,3.0,3.0,Flat
384,151,111,1,SVC_poly,LC-PFN,2.6856569573283195,0.033784981817007,0.0011712780687958,25,0.5,25,21,538,3.0,3.0,3.0,3.0,Flat
385,151,111,1,SVC_poly,MMF4,1.816606938708636,0.0246820209910472,0.0011209594033799,25,0.5,25,21,538,2.0,2.0,2.0,2.0,Flat
386,151,111,1,SVC_poly,WBL4,5.591956628770835,0.0818281346119886,0.0118047638092734,25,0.5,25,21,538,4.0,4.0,4.0,4.0,Flat
387,151,111,1,SVC_poly,POW4,0.9362959248373536,0.0117683463793025,0.0001784512516258,25,0.5,25,21,538,1.0,1.0,1.0,1.0,Flat
388,118,215,3,SVC_sigmoid,LC-PFN,2.0769139751791954,0.0304518118500709,0.0012266734847798,26,0.5,26,26,543,2.0,2.0,2.0,2.0,Flat
389,118,215,3,SVC_sigmoid,MMF4,2.572785468225386,0.0375010506988907,0.001865317405295,26,0.5,26,26,543,4.0,4.0,4.0,4.0,Flat
390,118,215,3,SVC_sigmoid,WBL4,1.212282028976906,0.0180279231594997,0.0005407309382534,26,0.5,26,26,543,1.0,1.0,1.0,1.0,Flat
391,118,215,3,SVC_sigmoid,POW4,2.479602661706924,0.036180984087273,0.0017297533657091,26,0.5,26,26,543,3.0,3.0,3.0,3.0,Flat
392,182,16,2,SVC_rbf,LC-PFN,0.8457326330244541,0.0153637928888201,0.000245087838266,32,0.5,32,33,561,4.0,4.0,4.0,4.0,Flat
393,182,16,2,SVC_rbf,MMF4,0.1495304372862355,0.0027042810829737,1.5864790585940656e-05,32,0.5,32,33,561,3.0,3.0,3.0,3.0,Flat
394,182,16,2,SVC_rbf,WBL4,0.0586827866272884,0.0010565795891139,1.9650063328295234e-06,32,0.5,32,33,561,1.0,1.0,1.0,1.0,Flat
395,182,16,2,SVC_rbf,POW4,0.0766605173044825,0.001379843993028,3.192184133503659e-06,32,0.5,32,33,561,2.0,2.0,2.0,2.0,Flat
396,177,8,14,BernoulliNB,LC-PFN,2.871863916516304,0.0267045851796865,0.0009516237769275,27,0.5,27,27,562,3.0,3.0,3.0,3.0,Flat
397,177,8,14,BernoulliNB,MMF4,2.327375224156836,0.0217720933081622,0.0005082943803598,27,0.5,27,27,562,2.0,2.0,2.0,2.0,Flat
398,177,8,14,BernoulliNB,WBL4,0.8054377843841727,0.0073900345876851,6.968749564305419e-05,27,0.5,27,27,562,1.0,1.0,1.0,1.0,Flat
399,177,8,14,BernoulliNB,POW4,3.482389451537715,0.0330629454011713,0.0012037774698448,27,0.5,27,27,562,4.0,4.0,4.0,4.0,Flat
400,181,216,1,SVC_poly,LC-PFN,1.083983201533556,0.0172297097742557,0.000441447016783,47,0.5,47,48,564,4.0,4.0,4.0,4.0,Flat
401,181,216,1,SVC_poly,MMF4,0.8143126666938388,0.0131682162120536,0.0002068690528121,47,0.5,47,48,564,3.0,3.0,3.0,3.0,Flat
402,181,216,1,SVC_poly,WBL4,0.2757044642081707,0.0043587405609767,2.268510607976461e-05,47,0.5,47,48,564,1.0,1.0,1.0,1.0,Flat
403,181,216,1,SVC_poly,POW4,0.5682585715024602,0.0091992411465322,0.00011004015396,47,0.5,47,48,564,2.0,2.0,2.0,2.0,Flat
404,183,245,1,SVC_poly,LC-PFN,1.5114248730242252,0.0241645760834217,0.0015722300158813,51,0.5,51,52,565,4.0,4.0,4.0,4.0,Flat
405,183,245,1,SVC_poly,MMF4,1.3081738293311391,0.0207908631371454,0.0010319064279396,51,0.5,51,52,565,3.0,3.0,3.0,3.0,Flat
406,183,245,1,SVC_poly,WBL4,1.2911069140825169,0.0205110895110638,0.0009890483733824,51,0.5,51,52,565,1.0,1.0,1.0,1.0,Flat
407,183,245,1,SVC_poly,POW4,1.3080637338205754,0.0207889814705387,0.0010294233803437,51,0.5,51,52,565,2.0,2.0,2.0,2.0,Flat
408,184,163,1,SVC_poly,LC-PFN,0.6048818118870258,0.0112198498100042,0.0001692247460596,25,0.5,25,26,567,2.0,2.0,2.0,2.0,Flat
409,184,163,1,SVC_poly,MMF4,0.6896920647354661,0.0128194425872621,0.000251842698352,25,0.5,25,26,567,3.0,3.0,3.0,3.0,Flat
410,184,163,1,SVC_poly,WBL4,1.3538246406602954,0.0249369159355831,0.0009633576211037,25,0.5,25,26,567,4.0,4.0,4.0,4.0,Flat
411,184,163,1,SVC_poly,POW4,0.5155927133494829,0.0095692203721037,9.74734752653312e-05,25,0.5,25,26,567,1.0,1.0,1.0,1.0,Flat
412,187,83,2,SVC_rbf,LC-PFN,0.3509451169520616,0.0061087296344339,4.220249320496805e-05,25,0.5,25,21,570,2.0,2.0,2.0,2.0,Flat
413,187,83,2,SVC_rbf,MMF4,0.4550068853880036,0.0079199610550127,9.973678418406204e-05,25,0.5,25,21,570,3.0,3.0,3.0,3.0,Flat
414,187,83,2,SVC_rbf,WBL4,0.7144933715270647,0.0123864308599124,0.0002280822311859,25,0.5,25,21,570,4.0,4.0,4.0,4.0,Flat
415,187,83,2,SVC_rbf,POW4,0.1731986124880038,0.0030202419873949,1.744614657101126e-05,25,0.5,25,21,570,1.0,1.0,1.0,1.0,Flat
416,193,143,14,BernoulliNB,LC-PFN,1.2608394026756289,0.019550135359168,0.0004690020577982,25,0.5,25,13,573,3.0,3.0,3.0,3.0,Flat
417,193,143,14,BernoulliNB,MMF4,1.180586733819727,0.0182795123660678,0.000368287756412,25,0.5,25,13,573,2.0,2.0,2.0,2.0,Flat
418,193,143,14,BernoulliNB,WBL4,1.093456547179965,0.0169138879695057,0.0003197321465521,25,0.5,25,13,573,1.0,1.0,1.0,1.0,Flat
419,193,143,14,BernoulliNB,POW4,2.253271777056404,0.0353356428412121,0.0014270183465731,25,0.5,25,13,573,4.0,4.0,4.0,4.0,Flat
420,195,20,1,SVC_poly,LC-PFN,0.6595633458346128,0.0101640056818723,0.0001342390023637,25,0.5,25,18,575,2.0,2.0,2.0,2.0,Flat
421,195,20,1,SVC_poly,MMF4,0.880202899018488,0.013639066840388,0.0002700029999044,25,0.5,25,18,575,3.0,3.0,3.0,3.0,Flat
422,195,20,1,SVC_poly,WBL4,0.959139788377247,0.0148811205320297,0.0003225302005999,25,0.5,25,18,575,4.0,4.0,4.0,4.0,Flat
423,195,20,1,SVC_poly,POW4,0.5476683168120533,0.0084392231935381,9.989143643150358e-05,25,0.5,25,18,575,1.0,1.0,1.0,1.0,Flat
424,165,190,3,SVC_sigmoid,LC-PFN,7.442891597747803,0.0704532265663147,0.0063250344246625,32,0.5,32,33,581,3.0,3.0,3.0,3.0,Flat
425,165,190,3,SVC_sigmoid,MMF4,5.918083034615091,0.0546877862287065,0.0037257934002321,32,0.5,32,33,581,2.0,2.0,2.0,2.0,Flat
426,165,190,3,SVC_sigmoid,WBL4,3.899432616314011,0.0350015135925534,0.0016441334809436,32,0.5,32,33,581,1.0,1.0,1.0,1.0,Flat
427,165,190,3,SVC_sigmoid,POW4,12.335421043849836,0.1263001277866723,0.0210380798017364,32,0.5,32,33,581,4.0,4.0,4.0,4.0,Flat
428,185,59,1,SVC_poly,LC-PFN,26.461681723594666,0.0978952273726463,0.0105228889733552,25,0.5,25,21,582,4.0,4.0,4.0,4.0,Flat
429,185,59,1,SVC_poly,MMF4,9.731554712309444,0.0429855294424109,0.0028980285708366,25,0.5,25,21,582,2.0,2.0,2.0,2.0,Flat
430,185,59,1,SVC_poly,WBL4,10.917845888667806,0.047461806788602,0.0033846208150409,25,0.5,25,21,582,3.0,3.0,3.0,3.0,Flat
431,185,59,1,SVC_poly,POW4,0.8096751365106722,0.0035247242404777,1.964396164989836e-05,25,0.5,25,21,582,1.0,1.0,1.0,1.0,Flat
432,17,42,3,SVC_sigmoid,LC-PFN,2.79089380055666,0.0496006868779659,0.0025647096335887,48,0.7,48,21,596,1.0,1.0,1.0,1.0,Flat
433,17,42,3,SVC_sigmoid,MMF4,3.6268377458576486,0.0639196514856628,0.0042040607376438,48,0.7,48,21,596,2.0,2.0,2.0,2.0,Flat
434,17,42,3,SVC_sigmoid,WBL4,7.072403159613162,0.1207852192347297,0.0157432691566672,48,0.7,48,21,596,3.0,3.0,3.0,3.0,Flat
435,17,42,3,SVC_sigmoid,POW4,15.07417821909431,0.2375263856627046,0.0565917902572637,48,0.7,48,21,596,4.0,4.0,4.0,4.0,Flat
436,16,188,2,SVC_rbf,LC-PFN,0.5926701240241528,0.0097903758287429,0.000108847147203,45,0.7,45,20,597,4.0,4.0,4.0,4.0,Flat
437,16,188,2,SVC_rbf,MMF4,0.4336228905126246,0.0071828495989725,6.344833062802021e-05,45,0.7,45,20,597,2.0,2.0,2.0,2.0,Flat
438,16,188,2,SVC_rbf,WBL4,0.3057160103898731,0.0050745553818487,3.401110804425974e-05,45,0.7,45,20,597,1.0,1.0,1.0,1.0,Flat
439,16,188,2,SVC_rbf,POW4,0.4583719855069853,0.0075902246517299,7.034881949471964e-05,45,0.7,45,20,597,3.0,3.0,3.0,3.0,Flat
440,15,150,2,SVC_rbf,LC-PFN,0.1467416994273662,0.0024774770718067,9.889569810184184e-06,25,0.7,25,6,598,4.0,4.0,4.0,4.0,Flat
441,15,150,2,SVC_rbf,MMF4,2.0930809755883218e-07,3.542137028134107e-09,1.2653213935308072e-17,25,0.7,25,6,598,1.0,1.0,1.0,1.0,Flat
442,15,150,2,SVC_rbf,WBL4,0.0016356503142454,2.7680694471621248e-05,7.757404308598258e-10,25,0.7,25,6,598,3.0,3.0,3.0,3.0,Flat
443,15,150,2,SVC_rbf,POW4,6.245754043795155e-06,1.0569738297568541e-07,1.1592175089491387e-14,25,0.7,25,6,598,2.0,2.0,2.0,2.0,Flat
444,20,130,1,SVC_poly,LC-PFN,0.606653094291687,0.0109259625896811,0.0001279324496863,48,0.7,48,21,599,4.0,4.0,4.0,4.0,Flat
445,20,130,1,SVC_poly,MMF4,0.1208713186401818,0.002166427041754,6.55374883052328e-06,48,0.7,48,21,599,3.0,3.0,3.0,3.0,Flat
446,20,130,1,SVC_poly,WBL4,0.0749841846702409,0.0013430167774915,2.349575955889807e-06,48,0.7,48,21,599,2.0,2.0,2.0,2.0,Flat
447,20,130,1,SVC_poly,POW4,0.0323374673692718,0.0005788314837474,3.786231190784269e-07,48,0.7,48,21,599,1.0,1.0,1.0,1.0,Flat
448,22,165,1,SVC_poly,LC-PFN,0.9261338971555232,0.0178620293736457,0.0003191223950125,92,0.7,92,40,600,4.0,4.0,4.0,4.0,Flat
449,22,165,1,SVC_poly,MMF4,0.7311187354506224,0.0141086714140422,0.0002675905049885,92,0.7,92,40,600,3.0,3.0,3.0,3.0,Flat
450,22,165,1,SVC_poly,WBL4,0.0004169187916047,7.96645105635152e-06,6.346434243324425e-11,92,0.7,92,40,600,1.0,1.0,1.0,1.0,Flat
451,22,165,1,SVC_poly,POW4,0.0207608944577646,0.0003967815466975,1.5743559656060785e-07,92,0.7,92,40,600,2.0,2.0,2.0,2.0,Flat
452,23,157,14,BernoulliNB,LC-PFN,1.0229315608739853,0.0190375335514545,0.0003684229741338,35,0.7,35,16,601,4.0,4.0,4.0,4.0,Flat
453,23,157,14,BernoulliNB,MMF4,7.170570290373094e-07,1.3206230067841496e-08,1.974959595106924e-16,35,0.7,35,16,601,1.0,1.0,1.0,1.0,Flat
454,23,157,14,BernoulliNB,WBL4,0.0019596101769695,3.60913932132903e-05,1.3462587715500514e-09,35,0.7,35,16,601,3.0,3.0,3.0,3.0,Flat
455,23,157,14,BernoulliNB,POW4,3.2245086753296894e-06,5.9386636601377336e-08,3.6933568387804505e-15,35,0.7,35,16,601,2.0,2.0,2.0,2.0,Flat
456,24,191,3,SVC_sigmoid,LC-PFN,5.547769740223885,0.0321767926216125,0.0021828070748597,25,0.7,25,3,603,1.0,1.0,3.0,1.6666666666666667,Flat
457,24,191,3,SVC_sigmoid,MMF4,6.232353483586075,0.0366900182337033,0.0013552847163207,25,0.7,25,3,603,2.0,2.0,1.0,1.6666666666666667,Flat
458,24,191,3,SVC_sigmoid,WBL4,12.19402381367746,0.0786388988524611,0.0076042613816982,25,0.7,25,3,603,4.0,4.0,4.0,4.0,Flat
459,24,191,3,SVC_sigmoid,POW4,7.081643108235605,0.0420559221229296,0.0020857425615763,25,0.7,25,3,603,3.0,3.0,2.0,2.6666666666666665,Flat
460,11,139,2,SVC_rbf,LC-PFN,0.5357661750167608,0.009466397576034,0.0001079560825019,35,0.7,35,15,604,4.0,4.0,4.0,4.0,Flat
461,11,139,2,SVC_rbf,MMF4,0.469144668672322,0.0082876758499867,9.160231109809994e-05,35,0.7,35,15,604,3.0,3.0,3.0,3.0,Flat
462,11,139,2,SVC_rbf,WBL4,0.2737119717005652,0.004820005630814,2.6395016663174557e-05,35,0.7,35,15,604,1.0,1.0,1.0,1.0,Flat
463,11,139,2,SVC_rbf,POW4,0.2924518283195735,0.005152648584752,3.28800958856681e-05,35,0.7,35,15,604,2.0,2.0,2.0,2.0,Flat
464,34,254,1,SVC_poly,LC-PFN,3.583180904388428,0.0372211933135986,0.0014142487198114,65,0.7,65,28,617,4.0,4.0,4.0,4.0,Flat
465,34,254,1,SVC_poly,MMF4,0.7511545983645623,0.008206676220391,7.570338738649295e-05,65,0.7,65,28,617,2.0,2.0,2.0,2.0,Flat
466,34,254,1,SVC_poly,WBL4,0.1759089629415216,0.0018852962352355,4.581105981598837e-06,65,0.7,65,28,617,1.0,1.0,1.0,1.0,Flat
467,34,254,1,SVC_poly,POW4,0.7707063774506685,0.0084593898393355,8.736303106702268e-05,65,0.7,65,28,617,3.0,3.0,3.0,3.0,Flat
468,25,258,14,BernoulliNB,LC-PFN,0.2386663574725389,0.0032491560559719,1.3496291103365364e-05,89,0.7,89,39,619,4.0,4.0,4.0,4.0,Flat
469,25,258,14,BernoulliNB,MMF4,0.075342127765565,0.001024611481913,1.064867821471368e-06,89,0.7,89,39,619,2.0,2.0,2.0,2.0,Flat
470,25,258,14,BernoulliNB,WBL4,0.0386567650468801,0.0005255125728321,2.907250028232648e-07,89,0.7,89,39,619,1.0,1.0,1.0,1.0,Flat
471,25,258,14,BernoulliNB,POW4,0.1216523673776153,0.0016551791347177,2.7560943398067625e-06,89,0.7,89,39,619,3.0,3.0,3.0,3.0,Flat
472,49,34,14,BernoulliNB,LC-PFN,0.4938060417771339,0.0068737440742552,6.516429129987955e-05,46,0.7,46,21,627,4.0,4.0,4.0,4.0,Flat
473,49,34,14,BernoulliNB,MMF4,0.2804498777367797,0.0038714945908223,1.5971027031415927e-05,46,0.7,46,21,627,2.0,2.0,2.0,2.0,Flat
474,49,34,14,BernoulliNB,WBL4,0.3841183134995414,0.0052968622977583,2.902634916952068e-05,46,0.7,46,21,627,3.0,3.0,3.0,3.0,Flat
475,49,34,14,BernoulliNB,POW4,0.1238485903011368,0.001715720881922,4.046715801871386e-06,46,0.7,46,21,627,1.0,1.0,1.0,1.0,Flat
476,52,252,1,SVC_poly,LC-PFN,32.06135332584381,0.2347042709589004,0.0631787329912185,49,0.7,49,21,631,4.0,4.0,4.0,4.0,Flat
477,52,252,1,SVC_poly,MMF4,15.913368705914548,0.1373132913560553,0.0254922118304653,49,0.7,49,21,631,2.0,2.0,2.0,2.0,Flat
478,52,252,1,SVC_poly,WBL4,15.721067696286436,0.1359255787471399,0.0249790906633083,49,0.7,49,21,631,1.0,1.0,1.0,1.0,Flat
479,52,252,1,SVC_poly,POW4,17.888981403712812,0.1511223825095025,0.0305945470603231,49,0.7,49,21,631,3.0,3.0,3.0,3.0,Flat
480,53,163,2,SVC_rbf,LC-PFN,0.9395552799105644,0.0180348344147205,0.0003592367283999,35,0.7,35,16,633,3.0,3.0,3.0,3.0,Flat
481,53,163,2,SVC_rbf,MMF4,0.4933004393345367,0.00937508840312,0.0001203834166545,35,0.7,35,16,633,1.0,1.0,1.0,1.0,Flat
482,53,163,2,SVC_rbf,WBL4,1.0387966024729234,0.0196084607473377,0.0004396678476227,35,0.7,35,16,633,4.0,4.0,4.0,4.0,Flat
483,53,163,2,SVC_rbf,POW4,0.763344694108997,0.0143782732631522,0.000230361701467,35,0.7,35,16,633,2.0,2.0,2.0,2.0,Flat
484,79,143,1,SVC_poly,LC-PFN,0.1581227057613432,0.0025386165361851,8.967614121502265e-06,26,0.7,26,12,666,1.0,1.0,1.0,1.0,Flat
485,79,143,1,SVC_poly,MMF4,0.197322738955176,0.0031774130564629,1.3026319119855512e-05,26,0.7,26,12,666,2.0,2.0,2.0,2.0,Flat
486,79,143,1,SVC_poly,WBL4,0.4980900160710451,0.0080469176212008,6.710185961202545e-05,26,0.7,26,12,666,4.0,4.0,4.0,4.0,Flat
487,79,143,1,SVC_poly,POW4,0.4980899438543713,0.0080469164484474,6.710184070870547e-05,26,0.7,26,12,666,3.0,3.0,3.0,3.0,Flat
488,90,248,1,SVC_poly,LC-PFN,1.147277932614088,0.0204289779067039,0.0005178055143915,41,0.7,41,18,672,2.0,2.0,2.0,2.0,Flat
489,90,248,1,SVC_poly,MMF4,1.7668603342946108,0.0312117481518102,0.0011413457232595,41,0.7,41,18,672,3.0,3.0,3.0,3.0,Flat
490,90,248,1,SVC_poly,WBL4,1.7813300255377054,0.0314702003986359,0.0011927722859515,41,0.7,41,18,672,4.0,4.0,4.0,4.0,Flat
491,90,248,1,SVC_poly,POW4,0.935949588553314,0.0167039127959295,0.00034091968931,41,0.7,41,18,672,1.0,1.0,1.0,1.0,Flat
492,98,131,3,SVC_sigmoid,LC-PFN,1.7018603160977364,0.0324090681970119,0.001052601612173,49,0.7,49,22,677,4.0,4.0,4.0,4.0,Flat
493,98,131,3,SVC_sigmoid,MMF4,0.0001228595013502,2.299695676419048e-06,1.146296678966184e-10,49,0.7,49,22,677,2.0,2.0,1.0,1.6666666666666667,Flat
494,98,131,3,SVC_sigmoid,WBL4,0.0017866506507395,3.344406081644143e-05,1.3030881063400163e-09,49,0.7,49,22,677,3.0,3.0,3.0,3.0,Flat
495,98,131,3,SVC_sigmoid,POW4,0.0001220998008286,2.2854751517420446e-06,1.147893535012678e-10,49,0.7,49,22,677,1.0,1.0,2.0,1.3333333333333333,Flat
496,95,178,3,SVC_sigmoid,LC-PFN,5.751728266477585,0.042858425527811,0.0022667031735181,46,0.7,46,21,678,4.0,4.0,4.0,4.0,Flat
497,95,178,3,SVC_sigmoid,MMF4,1.4485245137971203,0.0114931082776751,0.000216457118908,46,0.7,46,21,678,2.0,2.0,2.0,2.0,Flat
498,95,178,3,SVC_sigmoid,WBL4,1.4155734687389838,0.0112254250899243,0.0002097221459753,46,0.7,46,21,678,1.0,1.0,1.0,1.0,Flat
499,95,178,3,SVC_sigmoid,POW4,2.0211006661468742,0.0161733806004313,0.0003489176887879,46,0.7,46,21,678,3.0,3.0,3.0,3.0,Flat
500,109,228,1,SVC_poly,LC-PFN,3.3368930220603943,0.0503958389163017,0.0028788619674742,32,0.7,32,15,691,1.0,1.0,1.0,1.0,Flat
501,109,228,1,SVC_poly,MMF4,5.384880908994652,0.0797445707799483,0.0075436098643461,32,0.7,32,15,691,3.0,3.0,3.0,3.0,Flat
502,109,228,1,SVC_poly,WBL4,7.042684527799449,0.1024620440373982,0.0125612809502289,32,0.7,32,15,691,4.0,4.0,4.0,4.0,Flat
503,109,228,1,SVC_poly,POW4,4.7915802108684336,0.070788283034936,0.0052313928587031,32,0.7,32,15,691,2.0,2.0,2.0,2.0,Flat
504,119,73,3,SVC_sigmoid,LC-PFN,1.423671841621399,0.0184090845286846,0.0004096570773981,49,0.7,49,21,696,1.0,1.0,1.0,1.0,Flat
505,119,73,3,SVC_sigmoid,MMF4,3.0779798813746373,0.0375780666543056,0.0019178624539682,49,0.7,49,21,696,2.0,2.0,2.0,2.0,Flat
506,119,73,3,SVC_sigmoid,WBL4,5.411764392065596,0.0733938023826126,0.0056544152877534,49,0.7,49,21,696,4.0,4.0,4.0,4.0,Flat
507,119,73,3,SVC_sigmoid,POW4,5.411764376420002,0.0733938021576558,0.005654415254733,49,0.7,49,21,696,3.0,3.0,3.0,3.0,Flat
508,130,18,2,SVC_rbf,LC-PFN,0.6451000459492207,0.012678300961852,0.0001776053977664,51,0.7,51,22,704,1.0,1.0,1.0,1.0,Flat
509,130,18,2,SVC_rbf,MMF4,1.059905932470572,0.0207380952264287,0.0004395683432617,51,0.7,51,22,704,2.0,2.0,2.0,2.0,Flat
510,130,18,2,SVC_rbf,WBL4,1.5499210871349018,0.0301763315824111,0.0009293389001324,51,0.7,51,22,704,4.0,4.0,4.0,4.0,Flat
511,130,18,2,SVC_rbf,POW4,1.3135331690899956,0.0255821513253947,0.0006876526628021,51,0.7,51,22,704,3.0,3.0,3.0,3.0,Flat
512,140,98,1,SVC_poly,LC-PFN,0.1881775911897421,0.0032059210352599,1.4570634448318742e-05,47,0.7,47,21,714,4.0,4.0,4.0,4.0,Flat
513,140,98,1,SVC_poly,MMF4,0.1468791466575427,0.0025118298193217,6.998742597864272e-06,47,0.7,47,21,714,3.0,3.0,3.0,3.0,Flat
514,140,98,1,SVC_poly,WBL4,0.0652510652314517,0.0011140476457876,1.7213615798815373e-06,47,0.7,47,21,714,1.0,1.0,1.0,1.0,Flat
515,140,98,1,SVC_poly,POW4,0.1437657596863268,0.0024586453494506,6.794658797183139e-06,47,0.7,47,21,714,2.0,2.0,2.0,2.0,Flat
516,142,71,14,BernoulliNB,LC-PFN,0.4594437312334776,0.0070193377323448,6.185554957482964e-05,43,0.7,43,19,718,4.0,4.0,4.0,4.0,Flat
517,142,71,14,BernoulliNB,MMF4,0.1017597306631037,0.001547618639364,2.762245541699847e-06,43,0.7,43,19,718,2.0,2.0,2.0,2.0,Flat
518,142,71,14,BernoulliNB,WBL4,0.0656601601631837,0.0009981556377139,1.2470720499620562e-06,43,0.7,43,19,718,1.0,1.0,1.0,1.0,Flat
519,142,71,14,BernoulliNB,POW4,0.1776135989397112,0.0027034791527304,7.889301837506781e-06,43,0.7,43,19,718,3.0,3.0,3.0,3.0,Flat
520,157,252,14,BernoulliNB,LC-PFN,6.528923660516739,0.0630499124526977,0.0040528671815991,49,0.7,49,21,728,3.0,3.0,2.0,2.6666666666666665,Flat
521,157,252,14,BernoulliNB,MMF4,6.393023549852847,0.0629225649974512,0.0050983387968874,49,0.7,49,21,728,2.0,2.0,3.0,2.3333333333333335,Flat
522,157,252,14,BernoulliNB,WBL4,8.056801752299634,0.0777805854121541,0.0074833444518573,49,0.7,49,21,728,4.0,4.0,4.0,4.0,Flat
523,157,252,14,BernoulliNB,POW4,1.083411389443228,0.0112200174629618,0.0001503359152617,49,0.7,49,21,728,1.0,1.0,1.0,1.0,Flat
524,165,190,3,SVC_sigmoid,LC-PFN,4.485006630420685,0.0366913378238678,0.0016152823809534,45,0.7,45,20,740,3.0,2.0,2.0,2.3333333333333335,Flat
525,165,190,3,SVC_sigmoid,MMF4,4.169407624438862,0.0368386019413636,0.0016697812956324,45,0.7,45,20,740,2.0,3.0,3.0,2.6666666666666665,Flat
526,165,190,3,SVC_sigmoid,WBL4,3.7000725152564464,0.0324881019368607,0.0013669128169938,45,0.7,45,20,740,1.0,1.0,1.0,1.0,Flat
527,165,190,3,SVC_sigmoid,POW4,4.847214184998594,0.0432049796649041,0.002139923507366,45,0.7,45,20,740,4.0,4.0,4.0,4.0,Flat
528,177,8,14,BernoulliNB,LC-PFN,4.288841411471367,0.0374200865626335,0.0015190569683909,37,0.7,37,17,753,4.0,4.0,4.0,4.0,Flat
529,177,8,14,BernoulliNB,MMF4,0.3502112171706326,0.0032081086614597,1.3422177480466172e-05,37,0.7,37,17,753,1.0,1.0,1.0,1.0,Flat
530,177,8,14,BernoulliNB,WBL4,0.4618666214787539,0.0042248430316702,2.89382398879281e-05,37,0.7,37,17,753,2.0,2.0,2.0,2.0,Flat
531,177,8,14,BernoulliNB,POW4,1.1994537344266696,0.0111058173902502,0.0001263372001728,37,0.7,37,17,753,3.0,3.0,3.0,3.0,Flat
532,181,216,1,SVC_poly,LC-PFN,0.805244967341423,0.0129934670403599,0.000212368366192,66,0.7,66,29,755,4.0,4.0,4.0,4.0,Flat
533,181,216,1,SVC_poly,MMF4,0.3857491592776494,0.0062640786904997,5.453221944663568e-05,66,0.7,66,29,755,2.0,2.0,2.0,2.0,Flat
534,181,216,1,SVC_poly,WBL4,0.7386873619863286,0.0119386545911626,0.0001973479108774,66,0.7,66,29,755,3.0,3.0,3.0,3.0,Flat
535,181,216,1,SVC_poly,POW4,0.0351691874868096,0.0005675311488062,4.1506538737460537e-07,66,0.7,66,29,755,1.0,1.0,1.0,1.0,Flat
536,183,245,1,SVC_poly,LC-PFN,2.42917463183403,0.0387960001826286,0.0026492155157029,72,0.7,72,31,756,4.0,4.0,4.0,4.0,Flat
537,183,245,1,SVC_poly,MMF4,2.2956818362111187,0.036578952032997,0.0024339238770425,72,0.7,72,31,756,3.0,3.0,3.0,3.0,Flat
538,183,245,1,SVC_poly,WBL4,2.243653623857508,0.0357143995114549,0.0023285659733353,72,0.7,72,31,756,1.0,1.0,1.0,1.0,Flat
539,183,245,1,SVC_poly,POW4,2.29420244156724,0.0365543544734195,0.0024311613774998,72,0.7,72,31,756,2.0,2.0,2.0,2.0,Flat
540,184,163,1,SVC_poly,LC-PFN,0.3446030430495739,0.0064676292240619,4.909627750748768e-05,35,0.7,35,16,758,1.0,1.0,1.0,1.0,Flat
541,184,163,1,SVC_poly,MMF4,1.1090416478141578,0.0206692805862473,0.000493416830695,35,0.7,35,16,758,3.0,3.0,3.0,3.0,Flat
542,184,163,1,SVC_poly,WBL4,1.2509317674351528,0.0232774742369741,0.0006373404635837,35,0.7,35,16,758,4.0,4.0,4.0,4.0,Flat
543,184,163,1,SVC_poly,POW4,0.7324623072875612,0.0137088783350074,0.0002169387480806,35,0.7,35,16,758,2.0,2.0,2.0,2.0,Flat
544,187,83,2,SVC_rbf,LC-PFN,0.479460833594203,0.0083646522834897,7.756497507216409e-05,32,0.7,32,14,760,2.0,2.0,2.0,2.0,Flat
545,187,83,2,SVC_rbf,MMF4,0.5333516100028908,0.0093111688115549,0.000110751931657,32,0.7,32,14,760,3.0,3.0,3.0,3.0,Flat
546,187,83,2,SVC_rbf,WBL4,0.7670700477012379,0.013352312063148,0.000218523651768,32,0.7,32,14,760,4.0,4.0,4.0,4.0,Flat
547,187,83,2,SVC_rbf,POW4,0.2570743902794979,0.0045088914621186,3.4585364779060265e-05,32,0.7,32,14,760,1.0,1.0,1.0,1.0,Flat
548,185,59,1,SVC_poly,LC-PFN,29.21682894229889,0.1134951040148735,0.0133184483274817,32,0.7,32,14,761,4.0,4.0,4.0,4.0,Flat
549,185,59,1,SVC_poly,MMF4,11.639187213197918,0.0529646295973589,0.0033230469356561,32,0.7,32,14,761,2.0,2.0,2.0,2.0,Flat
550,185,59,1,SVC_poly,WBL4,12.339503080998606,0.0557472232469456,0.0036434010115677,32,0.7,32,14,761,3.0,3.0,3.0,3.0,Flat
551,185,59,1,SVC_poly,POW4,2.200192816625042,0.0109351489694422,0.0001343940221712,32,0.7,32,14,761,1.0,1.0,1.0,1.0,Flat
552,193,143,14,BernoulliNB,LC-PFN,1.15627134218812,0.0178892761468887,0.0003781570121645,26,0.7,26,12,764,2.0,2.0,3.0,2.3333333333333335,Flat
553,193,143,14,BernoulliNB,MMF4,1.2084281965594947,0.0186977601351167,0.0003695443235094,26,0.7,26,12,764,3.0,3.0,2.0,2.6666666666666665,Flat
554,193,143,14,BernoulliNB,WBL4,1.1345127749884585,0.0175401604939003,0.0003273745481941,26,0.7,26,12,764,1.0,1.0,1.0,1.0,Flat
555,193,143,14,BernoulliNB,POW4,1.8914443448323808,0.0294903161185474,0.0009409314885181,26,0.7,26,12,764,4.0,4.0,4.0,4.0,Flat
556,195,20,1,SVC_poly,LC-PFN,0.6844323594123125,0.0105440616607666,0.000124390469864,30,0.7,30,13,766,1.0,1.0,1.0,1.0,Flat
557,195,20,1,SVC_poly,MMF4,1.044745179200406,0.0161782372302476,0.0002968744076767,30,0.7,30,13,766,3.0,3.0,3.0,3.0,Flat
558,195,20,1,SVC_poly,WBL4,1.0761780788515014,0.0166719698531804,0.0003157516739843,30,0.7,30,13,766,4.0,4.0,4.0,4.0,Flat
559,195,20,1,SVC_poly,POW4,0.8604980705642297,0.0132944861886564,0.0002007398692041,30,0.7,30,13,766,2.0,2.0,2.0,2.0,Flat
560,182,16,2,SVC_rbf,LC-PFN,0.5760005675256252,0.0104419197887182,0.0001127244904637,45,0.7,45,20,768,4.0,4.0,4.0,4.0,Flat
561,182,16,2,SVC_rbf,MMF4,0.071084803072854,0.0012803307916369,2.1408641369211623e-06,45,0.7,45,20,768,2.0,2.0,2.0,2.0,Flat
562,182,16,2,SVC_rbf,WBL4,0.0846334992536685,0.0015240919221391,2.9959839144714637e-06,45,0.7,45,20,768,3.0,3.0,3.0,3.0,Flat
563,182,16,2,SVC_rbf,POW4,0.0221507726947573,0.0003991635123129,2.370674236978318e-07,45,0.7,45,20,768,1.0,1.0,1.0,1.0,Flat
564,33,5,3,SVC_sigmoid,LC-PFN,31.71170949935913,0.1234451159834861,0.0157366637140512,37,0.7,37,17,773,3.0,3.0,3.0,3.0,Flat
565,33,5,3,SVC_sigmoid,MMF4,36.22650707988317,0.398032890593979,0.2525036966954635,37,0.7,37,17,773,4.0,4.0,4.0,4.0,Flat
566,33,5,3,SVC_sigmoid,WBL4,13.209719595340063,0.0602919843378789,0.0040585138022275,37,0.7,37,17,773,2.0,2.0,2.0,2.0,Flat
567,33,5,3,SVC_sigmoid,POW4,10.207198014267968,0.0475955395079358,0.002670358956629,37,0.7,37,17,773,1.0,1.0,1.0,1.0,Flat
568,151,111,1,SVC_poly,LC-PFN,1.419095229357481,0.018463734537363,0.0003658905625343,32,0.7,32,14,775,2.0,2.0,2.0,2.0,Flat
569,151,111,1,SVC_poly,MMF4,1.471073754029167,0.0192082898183953,0.0005117152458424,32,0.7,32,14,775,3.0,3.0,3.0,3.0,Flat
570,151,111,1,SVC_poly,WBL4,2.3376833578219123,0.0301846838498638,0.0011152644871332,32,0.7,32,14,775,4.0,4.0,4.0,4.0,Flat
571,151,111,1,SVC_poly,POW4,0.8740624771216633,0.0118344154233742,0.0002336704735246,32,0.7,32,14,775,1.0,1.0,1.0,1.0,Flat
572,118,215,3,SVC_sigmoid,LC-PFN,0.6177276372909546,0.0093569457530975,0.0001230878697242,36,0.7,36,16,776,2.0,2.0,2.0,2.0,Flat
573,118,215,3,SVC_sigmoid,MMF4,14.487911763726444,0.1872919977619764,0.0412936575057132,36,0.7,36,16,776,4.0,4.0,4.0,4.0,Flat
574,118,215,3,SVC_sigmoid,WBL4,0.4893386518975577,0.0074202869653183,7.987320125254462e-05,36,0.7,36,16,776,1.0,1.0,1.0,1.0,Flat
575,118,215,3,SVC_sigmoid,POW4,1.1816480018949398,0.0177158028012135,0.0004020645504337,36,0.7,36,16,776,3.0,3.0,3.0,3.0,Flat
576,11,139,2,SVC_rbf,LC-PFN,0.1061403774656355,0.0018648743862286,4.567117230180884e-06,45,0.9,45,5,786,3.0,3.0,4.0,3.3333333333333335,Flat
577,11,139,2,SVC_rbf,MMF4,0.1144965068383554,0.0020125553606598,4.516597064917236e-06,45,0.9,45,5,786,4.0,4.0,3.0,3.6666666666666665,Flat
578,11,139,2,SVC_rbf,WBL4,0.0467523047256866,0.0008211607709083,7.69870857235478e-07,45,0.9,45,5,786,2.0,2.0,2.0,2.0,Flat
579,11,139,2,SVC_rbf,POW4,0.0263218498971508,0.0004622087999041,2.753066094569597e-07,45,0.9,45,5,786,1.0,1.0,1.0,1.0,Flat
580,15,150,2,SVC_rbf,LC-PFN,0.2313957549631595,0.003905564546585,1.7487815057393163e-05,27,0.9,27,4,790,4.0,4.0,4.0,4.0,Flat
581,15,150,2,SVC_rbf,MMF4,1.119674301758486e-06,1.8948334123969346e-08,3.612771584159848e-16,27,0.9,27,4,790,1.0,1.0,1.0,1.0,Flat
582,15,150,2,SVC_rbf,WBL4,0.0006100404551155,1.0323824869901133e-05,1.0716061515458324e-10,27,0.9,27,4,790,3.0,3.0,3.0,3.0,Flat
583,15,150,2,SVC_rbf,POW4,4.634705885933566e-06,7.843348792668793e-08,6.266948709532547e-15,27,0.9,27,4,790,2.0,2.0,2.0,2.0,Flat
584,16,188,2,SVC_rbf,LC-PFN,0.7359015289694071,0.0122639285400509,0.0001515601907158,58,0.9,58,7,791,4.0,4.0,4.0,4.0,Flat
585,16,188,2,SVC_rbf,MMF4,0.2082577626294237,0.003489012335456,1.277860368944891e-05,58,0.9,58,7,791,2.0,2.0,2.0,2.0,Flat
586,16,188,2,SVC_rbf,WBL4,0.1481755682930031,0.0024836138143448,6.762715975060589e-06,58,0.9,58,7,791,1.0,1.0,1.0,1.0,Flat
587,16,188,2,SVC_rbf,POW4,0.3124494663532428,0.005229491872029,2.8073430805964734e-05,58,0.9,58,7,791,3.0,3.0,3.0,3.0,Flat
588,17,42,3,SVC_sigmoid,LC-PFN,1.479493826627731,0.028283255174756,0.0008106129243969,62,0.9,62,7,792,3.0,3.0,3.0,3.0,Flat
589,17,42,3,SVC_sigmoid,MMF4,0.7373450032855918,0.0140077228455247,0.0002030352214195,62,0.9,62,7,792,1.0,1.0,1.0,1.0,Flat
590,17,42,3,SVC_sigmoid,WBL4,0.9222122799703928,0.0172236010028893,0.0003101412967412,62,0.9,62,7,792,2.0,2.0,2.0,2.0,Flat
591,17,42,3,SVC_sigmoid,POW4,10.81841535246632,0.1838547986269549,0.0338474722431135,62,0.9,62,7,792,4.0,4.0,4.0,4.0,Flat
592,20,130,1,SVC_poly,LC-PFN,0.3439616411924362,0.0061771273612976,4.0525716030970216e-05,62,0.9,62,7,793,4.0,4.0,4.0,4.0,Flat
593,20,130,1,SVC_poly,MMF4,0.0565280063730556,0.0010120846552215,1.1085634699811018e-06,62,0.9,62,7,793,3.0,3.0,3.0,3.0,Flat
594,20,130,1,SVC_poly,WBL4,0.0184939784504472,0.0003309789592464,1.1268640555162935e-07,62,0.9,62,7,793,2.0,2.0,2.0,2.0,Flat
595,20,130,1,SVC_poly,POW4,0.0076907642999659,0.0001376228346321,1.904439704587008e-08,62,0.9,62,7,793,1.0,1.0,1.0,1.0,Flat
596,23,157,14,BernoulliNB,LC-PFN,0.8273888379335403,0.0153661267831921,0.0002375193871557,45,0.9,45,6,794,4.0,4.0,4.0,4.0,Flat
597,23,157,14,BernoulliNB,MMF4,4.94146240401308e-07,9.100822799072242e-09,8.42200017877129e-17,45,0.9,45,6,794,2.0,2.0,2.0,2.0,Flat
598,23,157,14,BernoulliNB,WBL4,0.0011426029121998,2.104386353603734e-05,4.4488516017913677e-10,45,0.9,45,6,794,3.0,3.0,3.0,3.0,Flat
599,23,157,14,BernoulliNB,POW4,6.232539332644834e-08,1.147863359918233e-09,1.4962582482250526e-18,45,0.9,45,6,794,1.0,1.0,1.0,1.0,Flat
600,24,191,3,SVC_sigmoid,LC-PFN,5.547769740223885,0.0321767926216125,0.0021828070748597,25,0.9,25,3,799,1.0,1.0,3.0,1.6666666666666667,Flat
601,24,191,3,SVC_sigmoid,MMF4,6.232353483586075,0.0366900182337033,0.0013552847163207,25,0.9,25,3,799,2.0,2.0,1.0,1.6666666666666667,Flat
602,24,191,3,SVC_sigmoid,WBL4,12.19402381367746,0.0786388988524611,0.0076042613816982,25,0.9,25,3,799,4.0,4.0,4.0,4.0,Flat
603,24,191,3,SVC_sigmoid,POW4,7.081643108235605,0.0420559221229296,0.0020857425615763,25,0.9,25,3,799,3.0,3.0,2.0,2.6666666666666665,Flat
604,25,258,14,BernoulliNB,LC-PFN,0.0893595570232719,0.0012158796889707,2.258765107399085e-06,115,0.9,115,13,805,4.0,4.0,4.0,4.0,Flat
605,25,258,14,BernoulliNB,MMF4,0.0499523732744249,0.0006791130830071,4.677413660676804e-07,115,0.9,115,13,805,2.0,2.0,2.0,2.0,Flat
606,25,258,14,BernoulliNB,WBL4,0.0279332947220612,0.0003796732835947,1.5070100937622538e-07,115,0.9,115,13,805,1.0,1.0,1.0,1.0,Flat
607,25,258,14,BernoulliNB,POW4,0.0836154281486073,0.0011371556794759,1.2996630479354764e-06,115,0.9,115,13,805,3.0,3.0,3.0,3.0,Flat
608,22,165,1,SVC_poly,LC-PFN,0.8279432542622089,0.0159524641931056,0.0002545762690715,118,0.9,118,14,810,4.0,4.0,4.0,4.0,Flat
609,22,165,1,SVC_poly,MMF4,0.0018487039371407,3.532568789826884e-05,1.247904225485898e-09,118,0.9,118,14,810,2.0,2.0,2.0,2.0,Flat
610,22,165,1,SVC_poly,WBL4,0.0003092329651563,5.908805226233811e-06,3.4913979201567994e-11,118,0.9,118,14,810,1.0,1.0,1.0,1.0,Flat
611,22,165,1,SVC_poly,POW4,0.0153587833139288,0.0002935207127728,8.615440882726643e-08,118,0.9,118,14,810,3.0,3.0,3.0,3.0,Flat
612,34,254,1,SVC_poly,LC-PFN,2.0809777081012726,0.0226428154855966,0.0005209241644479,83,0.9,83,10,815,4.0,4.0,4.0,4.0,Flat
613,34,254,1,SVC_poly,MMF4,0.1531493233669552,0.0017069913279351,4.129492179323198e-06,83,0.9,83,10,815,1.0,1.0,1.0,1.0,Flat
614,34,254,1,SVC_poly,WBL4,0.3738835469965465,0.0041504405070513,2.123879892603908e-05,83,0.9,83,10,815,3.0,3.0,3.0,3.0,Flat
615,34,254,1,SVC_poly,POW4,0.2686158445146954,0.0029898720352666,8.990373308621087e-06,83,0.9,83,10,815,2.0,2.0,2.0,2.0,Flat
616,49,34,14,BernoulliNB,LC-PFN,0.1991692697629332,0.0027535471599549,1.036457069858443e-05,60,0.9,60,7,822,4.0,4.0,4.0,4.0,Flat
617,49,34,14,BernoulliNB,MMF4,0.0750812718272619,0.0010374070012139,1.4223790714542086e-06,60,0.9,60,7,822,1.0,1.0,1.0,1.0,Flat
618,49,34,14,BernoulliNB,WBL4,0.1526775292261682,0.0021076764064413,4.7814527802714e-06,60,0.9,60,7,822,2.0,2.0,2.0,2.0,Flat
619,49,34,14,BernoulliNB,POW4,0.1764293150263698,0.002443066806339,6.372539234803691e-06,60,0.9,60,7,822,3.0,3.0,3.0,3.0,Flat
620,53,163,2,SVC_rbf,LC-PFN,0.688060000538826,0.0133069856092333,0.0001778465666575,45,0.9,45,6,824,3.0,3.0,3.0,3.0,Flat
621,53,163,2,SVC_rbf,MMF4,0.4871713147385011,0.0093126740834981,8.754122436360107e-05,45,0.9,45,6,824,2.0,2.0,2.0,2.0,Flat
622,53,163,2,SVC_rbf,WBL4,0.72036186924411,0.0137381536378405,0.0001899698358306,45,0.9,45,6,824,4.0,4.0,4.0,4.0,Flat
623,53,163,2,SVC_rbf,POW4,0.2994515914743578,0.0057288522529112,3.929458761805441e-05,45,0.9,45,6,824,1.0,1.0,1.0,1.0,Flat
624,52,252,1,SVC_poly,LC-PFN,4.655312746763229,0.0527618788182735,0.0029828511178493,63,0.9,63,7,825,3.0,3.0,3.0,3.0,Flat
625,52,252,1,SVC_poly,MMF4,1.0903968038775764,0.0129472689876153,0.0002206721118109,63,0.9,63,7,825,1.0,1.0,1.0,1.0,Flat
626,52,252,1,SVC_poly,WBL4,1.9294028476376064,0.0241973784934198,0.001022176199305,63,0.9,63,7,825,2.0,2.0,2.0,2.0,Flat
627,52,252,1,SVC_poly,POW4,11.891398547701884,0.1253917732211833,0.0158418952880192,63,0.9,63,7,825,4.0,4.0,4.0,4.0,Flat
628,79,143,1,SVC_poly,LC-PFN,0.3574377857148647,0.0057294070720672,3.557387390173972e-05,34,0.9,34,4,854,4.0,4.0,4.0,4.0,Flat
629,79,143,1,SVC_poly,MMF4,0.0876689051286039,0.0014093486895359,2.0409884484313647e-06,34,0.9,34,4,854,1.0,1.0,1.0,1.0,Flat
630,79,143,1,SVC_poly,WBL4,0.3418789428597366,0.005519399248433,3.059957612154848e-05,34,0.9,34,4,854,3.0,3.0,3.0,3.0,Flat
631,79,143,1,SVC_poly,POW4,0.3418789213004531,0.0055193988991739,3.05995722670852e-05,34,0.9,34,4,854,2.0,2.0,2.0,2.0,Flat
632,90,248,1,SVC_poly,LC-PFN,0.3228313056752085,0.0059190890751779,4.3424341129139066e-05,53,0.9,53,6,861,1.0,1.0,1.0,1.0,Flat
633,90,248,1,SVC_poly,MMF4,0.6686484412482999,0.0121675308641015,0.0001502071816481,53,0.9,53,6,861,3.0,3.0,3.0,3.0,Flat
634,90,248,1,SVC_poly,WBL4,0.7700228304016242,0.0139991446332814,0.0002000452348129,53,0.9,53,6,861,4.0,4.0,4.0,4.0,Flat
635,90,248,1,SVC_poly,POW4,0.4630835701825962,0.0084432583822818,7.197609592831789e-05,53,0.9,53,6,861,2.0,2.0,2.0,2.0,Flat
636,95,178,3,SVC_sigmoid,LC-PFN,9.081769734621048,0.0640031918883323,0.004190428648144,60,0.9,60,7,865,4.0,4.0,4.0,4.0,Flat
637,95,178,3,SVC_sigmoid,MMF4,2.509230927747723,0.0197285948523622,0.000425879100483,60,0.9,60,7,865,2.0,2.0,2.0,2.0,Flat
638,95,178,3,SVC_sigmoid,WBL4,2.4999922571982003,0.0196539140230133,0.000422937773572,60,0.9,60,7,865,1.0,1.0,1.0,1.0,Flat
639,95,178,3,SVC_sigmoid,POW4,2.8786185013901004,0.0227261909498452,0.0005533734113527,60,0.9,60,7,865,3.0,3.0,3.0,3.0,Flat
640,98,131,3,SVC_sigmoid,LC-PFN,1.6101207584142685,0.0306325405836105,0.0009389988263137,63,0.9,63,8,867,4.0,4.0,4.0,4.0,Flat
641,98,131,3,SVC_sigmoid,MMF4,0.0003359422953854,6.28819845405193e-06,3.15497591134913e-10,63,0.9,63,8,867,2.0,2.0,1.0,1.6666666666666667,Flat
642,98,131,3,SVC_sigmoid,WBL4,0.0009702976942296,1.8162514700090227e-05,6.217091720051576e-10,63,0.9,63,8,867,3.0,3.0,3.0,3.0,Flat
643,98,131,3,SVC_sigmoid,POW4,0.0003356345345243,6.282437603796764e-06,3.156633454009086e-10,63,0.9,63,8,867,1.0,1.0,2.0,1.3333333333333333,Flat
644,109,228,1,SVC_poly,LC-PFN,0.6110706366598606,0.0100526455789804,0.0001268709893338,42,0.9,42,5,882,2.0,2.0,2.0,2.0,Flat
645,109,228,1,SVC_poly,MMF4,0.4620965531280934,0.0076115917176604,7.120759516257595e-05,42,0.9,42,5,882,1.0,1.0,1.0,1.0,Flat
646,109,228,1,SVC_poly,WBL4,0.6286054229908845,0.0103415067505788,0.0001333152741089,42,0.9,42,5,882,3.0,3.0,3.0,3.0,Flat
647,109,228,1,SVC_poly,POW4,4.358550970911999,0.068724019061298,0.0047510807361425,42,0.9,42,5,882,4.0,4.0,4.0,4.0,Flat
648,119,73,3,SVC_sigmoid,LC-PFN,1.783786155283451,0.022131809964776,0.0005417342181317,63,0.9,63,7,889,2.0,2.0,2.0,2.0,Flat
649,119,73,3,SVC_sigmoid,MMF4,0.577465309316138,0.0072934879007678,7.483154712930447e-05,63,0.9,63,7,889,1.0,1.0,1.0,1.0,Flat
650,119,73,3,SVC_sigmoid,WBL4,5.357534147942722,0.0713425388226768,0.0051337968277287,63,0.9,63,7,889,4.0,4.0,4.0,4.0,Flat
651,119,73,3,SVC_sigmoid,POW4,5.357534147909813,0.0713425388222135,0.0051337968276624,63,0.9,63,7,889,3.0,3.0,3.0,3.0,Flat
652,118,215,3,SVC_sigmoid,LC-PFN,1.4049789868295193,0.0215171966701746,0.0005046185688115,46,0.9,46,6,890,2.0,2.0,2.0,2.0,Flat
653,118,215,3,SVC_sigmoid,MMF4,2.679375176818057,0.0416418344130944,0.0019113384749369,46,0.9,46,6,890,4.0,4.0,4.0,4.0,Flat
654,118,215,3,SVC_sigmoid,WBL4,0.9598438816550808,0.014626910900951,0.000234764840752,46,0.9,46,6,890,1.0,1.0,1.0,1.0,Flat
655,118,215,3,SVC_sigmoid,POW4,1.682506847421011,0.0258682279258875,0.0007741917631393,46,0.9,46,6,890,3.0,3.0,3.0,3.0,Flat
656,130,18,2,SVC_rbf,LC-PFN,0.8689679205417633,0.0171030238270759,0.0002932448405772,65,0.9,65,8,903,2.0,2.0,2.0,2.0,Flat
657,130,18,2,SVC_rbf,MMF4,0.6595985472282594,0.0130092962804712,0.000169718938748,65,0.9,65,8,903,1.0,1.0,1.0,1.0,Flat
658,130,18,2,SVC_rbf,WBL4,1.0062456766010377,0.0197779447687153,0.0003920433344534,65,0.9,65,8,903,4.0,4.0,4.0,4.0,Flat
659,130,18,2,SVC_rbf,POW4,0.952190524533338,0.018722113772747,0.0003532685187906,65,0.9,65,8,903,3.0,3.0,3.0,3.0,Flat
660,140,98,1,SVC_poly,LC-PFN,0.2981997793540358,0.0050820028409361,3.040531555598136e-05,61,0.9,61,7,910,4.0,4.0,4.0,4.0,Flat
661,140,98,1,SVC_poly,MMF4,0.0385302633258101,0.0006590454007869,5.219716794458361e-07,61,0.9,61,7,910,1.0,1.0,1.0,1.0,Flat
662,140,98,1,SVC_poly,WBL4,0.0505892801955706,0.0008647651758558,9.335541431840408e-07,61,0.9,61,7,910,2.0,2.0,2.0,2.0,Flat
663,140,98,1,SVC_poly,POW4,0.0528212930426901,0.0009036617398027,9.54068856942267e-07,61,0.9,61,7,910,3.0,3.0,3.0,3.0,Flat
664,142,71,14,BernoulliNB,LC-PFN,0.1340842223726213,0.0020390662830322,5.265527306619333e-06,55,0.9,55,7,916,4.0,4.0,4.0,4.0,Flat
665,142,71,14,BernoulliNB,MMF4,0.0433272993660118,0.0006585787648737,4.649667523800808e-07,55,0.9,55,7,916,2.0,2.0,2.0,2.0,Flat
666,142,71,14,BernoulliNB,WBL4,0.0211145714028928,0.000320861379336,1.187895585376713e-07,55,0.9,55,7,916,1.0,1.0,1.0,1.0,Flat
667,142,71,14,BernoulliNB,POW4,0.1087614828416486,0.0016543065212038,2.760160605645802e-06,55,0.9,55,7,916,3.0,3.0,3.0,3.0,Flat
668,151,111,1,SVC_poly,LC-PFN,0.2193608088418841,0.0029526711441576,1.2673679520958103e-05,41,0.9,41,5,922,1.0,1.0,1.0,1.0,Flat
669,151,111,1,SVC_poly,MMF4,0.7342254608373159,0.0098167338391974,0.0001022913265809,41,0.9,41,5,922,2.0,2.0,2.0,2.0,Flat
670,151,111,1,SVC_poly,WBL4,1.0387399388154468,0.0138463365191023,0.0001983815588806,41,0.9,41,5,922,4.0,4.0,4.0,4.0,Flat
671,151,111,1,SVC_poly,POW4,0.8649757397806004,0.0117788004333851,0.0001819482665558,41,0.9,41,5,922,3.0,3.0,3.0,3.0,Flat
672,157,252,14,BernoulliNB,LC-PFN,1.0227213613688946,0.0112740229815244,0.0001377380249323,63,0.9,63,7,927,1.0,1.0,1.0,1.0,Flat
673,157,252,14,BernoulliNB,MMF4,2.136585067978493,0.0232527370499962,0.0005519944985735,63,0.9,63,7,927,4.0,4.0,4.0,4.0,Flat
674,157,252,14,BernoulliNB,WBL4,1.9962689893651504,0.0217647105128395,0.0004897646840829,63,0.9,63,7,927,3.0,3.0,3.0,3.0,Flat
675,157,252,14,BernoulliNB,POW4,1.3530060834033373,0.0148279803445948,0.0002221237297584,63,0.9,63,7,927,2.0,2.0,2.0,2.0,Flat
676,177,8,14,BernoulliNB,LC-PFN,6.356975436210632,0.0552738457918167,0.0030665674712508,48,0.9,48,6,944,4.0,4.0,4.0,4.0,Flat
677,177,8,14,BernoulliNB,MMF4,0.6616503957695742,0.0060821588209756,3.824425211416359e-05,48,0.9,48,6,944,2.0,2.0,2.0,2.0,Flat
678,177,8,14,BernoulliNB,WBL4,0.8621714797007693,0.0079092539563017,6.385259444157056e-05,48,0.9,48,6,944,3.0,3.0,3.0,3.0,Flat
679,177,8,14,BernoulliNB,POW4,0.0891012454432842,0.0008240087265186,1.181055722288088e-06,48,0.9,48,6,944,1.0,1.0,1.0,1.0,Flat
680,184,163,1,SVC_poly,LC-PFN,0.9821134619414806,0.0188791658729314,0.0003581352939363,45,0.9,45,6,947,4.0,4.0,4.0,4.0,Flat
681,184,163,1,SVC_poly,MMF4,0.1837629282205494,0.0034879061313336,1.4585699359240118e-05,45,0.9,45,6,947,2.0,2.0,2.0,2.0,Flat
682,184,163,1,SVC_poly,WBL4,0.1147959603203761,0.002180007892732,6.58132165927466e-06,45,0.9,45,6,947,1.0,1.0,1.0,1.0,Flat
683,184,163,1,SVC_poly,POW4,0.2804091052106461,0.0053201657839028,2.9917960751893425e-05,45,0.9,45,6,947,3.0,3.0,3.0,3.0,Flat
684,181,216,1,SVC_poly,LC-PFN,0.4819625057280063,0.0079066697508096,6.711864989483729e-05,85,0.9,85,10,948,4.0,4.0,4.0,4.0,Flat
685,181,216,1,SVC_poly,MMF4,0.2239774862699791,0.0036852524503138,1.5024916582905472e-05,85,0.9,85,10,948,2.0,2.0,2.0,2.0,Flat
686,181,216,1,SVC_poly,WBL4,0.3145542574528241,0.0051706634723077,2.9794388095014025e-05,85,0.9,85,10,948,3.0,3.0,3.0,3.0,Flat
687,181,216,1,SVC_poly,POW4,0.0635755029512483,0.0010485099741513,1.3605962694976084e-06,85,0.9,85,10,948,1.0,1.0,1.0,1.0,Flat
688,182,16,2,SVC_rbf,LC-PFN,0.3851494519039988,0.0069743650965392,4.9246958951698616e-05,58,0.9,58,7,949,4.0,4.0,4.0,4.0,Flat
689,182,16,2,SVC_rbf,MMF4,0.0233715438706061,0.0004215237089368,2.0910747641548705e-07,58,0.9,58,7,949,2.0,2.0,2.0,2.0,Flat
690,182,16,2,SVC_rbf,WBL4,0.0399771176703593,0.0007212402807915,5.471834069121622e-07,58,0.9,58,7,949,3.0,3.0,3.0,3.0,Flat
691,182,16,2,SVC_rbf,POW4,0.0199044553967791,0.0003589678408894,1.603829657101356e-07,58,0.9,58,7,949,1.0,1.0,1.0,1.0,Flat
692,185,59,1,SVC_poly,LC-PFN,19.65003311634064,0.0904301851987838,0.0081951338797807,41,0.9,41,5,951,4.0,4.0,4.0,4.0,Flat
693,185,59,1,SVC_poly,MMF4,0.5541957073527274,0.0031210785540176,1.4579917409693528e-05,41,0.9,41,5,951,2.0,2.0,3.0,2.3333333333333335,Flat
694,185,59,1,SVC_poly,WBL4,0.4467747446951898,0.0025055735555277,8.802490698565997e-06,41,0.9,41,5,951,1.0,1.0,1.0,1.0,Flat
695,185,59,1,SVC_poly,POW4,0.5696424385719688,0.0031640910426952,1.149617684592162e-05,41,0.9,41,5,951,3.0,3.0,2.0,2.6666666666666665,Flat
696,187,83,2,SVC_rbf,LC-PFN,0.1989568350836634,0.0035156607627868,1.5382602214231156e-05,41,0.9,41,5,952,1.0,1.0,1.0,1.0,Flat
697,187,83,2,SVC_rbf,MMF4,0.4332019138675915,0.0076321249821249,7.885566414316245e-05,41,0.9,41,5,952,3.0,3.0,3.0,3.0,Flat
698,187,83,2,SVC_rbf,WBL4,0.604995854645214,0.0106346015705546,0.0001381594011677,41,0.9,41,5,952,4.0,4.0,4.0,4.0,Flat
699,187,83,2,SVC_rbf,POW4,0.3534049254406173,0.0062339774746706,5.79814963203957e-05,41,0.9,41,5,952,2.0,2.0,2.0,2.0,Flat
700,183,245,1,SVC_poly,LC-PFN,2.5421656668186188,0.0391404367983341,0.0019069663248956,92,0.9,92,11,957,1.0,1.0,1.0,1.0,Flat
701,183,245,1,SVC_poly,MMF4,4.134492696687415,0.0648401156617809,0.0045101005235306,92,0.9,92,11,957,3.0,3.0,3.0,3.0,Flat
702,183,245,1,SVC_poly,WBL4,4.127288612601248,0.0647218822895376,0.0044939158424481,92,0.9,92,11,957,2.0,2.0,2.0,2.0,Flat
703,183,245,1,SVC_poly,POW4,4.136114977440847,0.0648667439459107,0.0045137798636691,92,0.9,92,11,957,4.0,4.0,4.0,4.0,Flat
704,193,143,14,BernoulliNB,LC-PFN,0.5426538176834583,0.0082316845655441,7.094964530551806e-05,34,0.9,34,4,961,1.0,1.0,1.0,1.0,Flat
705,193,143,14,BernoulliNB,MMF4,0.7588438149265794,0.0116607122579201,0.000137420890299,34,0.9,34,4,961,3.0,3.0,3.0,3.0,Flat
706,193,143,14,BernoulliNB,WBL4,0.7616453228788085,0.0117040953354943,0.000138434466907,34,0.9,34,4,961,4.0,4.0,4.0,4.0,Flat
707,193,143,14,BernoulliNB,POW4,0.7124960077031841,0.0109433438119152,0.000121224719559,34,0.9,34,4,961,2.0,2.0,2.0,2.0,Flat
708,195,20,1,SVC_poly,LC-PFN,0.3384140785783529,0.0051852227188646,2.9380466003203765e-05,38,0.9,38,5,962,4.0,4.0,4.0,4.0,Flat
709,195,20,1,SVC_poly,MMF4,0.1287152436616375,0.0019761480430598,4.6991108222819376e-06,38,0.9,38,5,962,2.0,2.0,2.0,2.0,Flat
710,195,20,1,SVC_poly,WBL4,0.2779881290585151,0.0042647046812152,2.1086423743679615e-05,38,0.9,38,5,962,3.0,3.0,3.0,3.0,Flat
711,195,20,1,SVC_poly,POW4,0.0976415290713274,0.0014983406621005,3.968761816317478e-06,38,0.9,38,5,962,1.0,1.0,1.0,1.0,Flat
712,33,5,3,SVC_sigmoid,LC-PFN,9.947451204061508,0.0456956140697002,0.0027642527129501,48,0.9,48,6,967,2.0,2.0,2.0,2.0,Flat
713,33,5,3,SVC_sigmoid,MMF4,20.944684890754548,0.1316434677288146,0.0208855237186133,48,0.9,48,6,967,4.0,4.0,4.0,4.0,Flat
714,33,5,3,SVC_sigmoid,WBL4,5.167976849034139,0.025477392561533,0.0012566805474359,48,0.9,48,6,967,1.0,1.0,1.0,1.0,Flat
715,33,5,3,SVC_sigmoid,POW4,10.329481226068618,0.0557196163457206,0.0044615840868697,48,0.9,48,6,967,3.0,3.0,3.0,3.0,Flat
716,165,190,3,SVC_sigmoid,LC-PFN,3.709749504923821,0.0310627948492765,0.0011136452667415,58,0.9,58,7,968,4.0,4.0,4.0,4.0,Flat
717,165,190,3,SVC_sigmoid,MMF4,1.5832107516090417,0.0137900144273948,0.0002616274688174,58,0.9,58,7,968,1.0,1.0,1.0,1.0,Flat
718,165,190,3,SVC_sigmoid,WBL4,1.6338075911058685,0.0142404498205438,0.0002771551558118,58,0.9,58,7,968,3.0,3.0,3.0,3.0,Flat
719,165,190,3,SVC_sigmoid,POW4,1.6134212648636186,0.0140588992859853,0.0002703181134735,58,0.9,58,7,968,2.0,2.0,2.0,2.0,Flat
720,14,2,6,LogisticRegression,LC-PFN,0.525604235008359,0.0091478824615478,0.0001247351465281,25,0.1,25,15,3,3.0,3.0,3.0,3.0,MonoConv
721,14,2,6,LogisticRegression,MMF4,0.1544741644769311,0.0026719956481373,1.1088666911503825e-05,25,0.1,25,15,3,2.0,2.0,2.0,2.0,MonoConv
722,14,2,6,LogisticRegression,WBL4,0.1408430547736901,0.0024357354434754,9.188912129963867e-06,25,0.1,25,15,3,1.0,1.0,1.0,1.0,MonoConv
723,14,2,6,LogisticRegression,POW4,1.0811946575764413,0.0189004742947983,0.0003748431559272,25,0.1,25,15,3,4.0,4.0,4.0,4.0,MonoConv
724,2,157,20,ens.ExtraTrees,LC-PFN,0.4819993861019611,0.0093276519328355,0.000111021057819,25,0.1,25,26,5,2.0,2.0,2.0,2.0,MonoConv
725,2,157,20,ens.ExtraTrees,MMF4,0.5534242327160276,0.0106332270909886,0.0001417058511547,25,0.1,25,26,5,3.0,3.0,3.0,3.0,MonoConv
726,2,157,20,ens.ExtraTrees,WBL4,0.6320488994243881,0.0121321908819247,0.0001778152237299,25,0.1,25,26,5,4.0,4.0,4.0,4.0,MonoConv
727,2,157,20,ens.ExtraTrees,POW4,0.3055955203558356,0.0059225114359734,3.88032629073367e-05,25,0.1,25,26,5,1.0,1.0,1.0,1.0,MonoConv
728,1,14,18,KNN,LC-PFN,0.9161006659269332,0.0175966918468475,0.0003999028122052,25,0.1,25,41,6,1.0,1.0,1.0,1.0,MonoConv
729,1,14,18,KNN,MMF4,1.0156256007032456,0.0195104524875838,0.0005334348332538,25,0.1,25,41,6,2.0,2.0,2.0,2.0,MonoConv
730,1,14,18,KNN,WBL4,2.659614390079911,0.0499989511811867,0.0030301498944136,25,0.1,25,41,6,3.0,3.0,3.0,3.0,MonoConv
731,1,14,18,KNN,POW4,3.0172104540189992,0.0553128395347967,0.0034454899047535,25,0.1,25,41,6,4.0,4.0,4.0,4.0,MonoConv
732,7,77,10,SGDClassifier,LC-PFN,0.9902910329401492,0.0119049716740846,0.0002029149909503,25,0.1,25,21,8,1.0,1.0,1.0,1.0,MonoConv
733,7,77,10,SGDClassifier,MMF4,1.2932368213249117,0.0156052425779292,0.0003591031911552,25,0.1,25,21,8,3.0,3.0,3.0,3.0,MonoConv
734,7,77,10,SGDClassifier,WBL4,8.505990008420032,0.1128934474003261,0.0146506444355915,25,0.1,25,21,8,4.0,4.0,4.0,4.0,MonoConv
735,7,77,10,SGDClassifier,POW4,1.1654906963213565,0.0140264461887341,0.0002975085090892,25,0.1,25,21,8,2.0,2.0,2.0,2.0,MonoConv
736,12,236,7,PassiveAggressive,LC-PFN,1.4063015580177307,0.0178162474185228,0.0004887920222245,25,0.1,25,30,9,1.0,1.0,1.0,1.0,MonoConv
737,12,236,7,PassiveAggressive,MMF4,1.6211807258883035,0.0204565663281686,0.000637668710344,25,0.1,25,30,9,3.0,3.0,3.0,3.0,MonoConv
738,12,236,7,PassiveAggressive,WBL4,1.8334239628643592,0.0230987935529772,0.0008189607123926,25,0.1,25,30,9,4.0,4.0,4.0,4.0,MonoConv
739,12,236,7,PassiveAggressive,POW4,1.5939802476860614,0.0201309059888976,0.000614668614153,25,0.1,25,30,9,2.0,2.0,2.0,2.0,MonoConv
740,10,162,22,ens.GradientBoosting,LC-PFN,0.9476890787482262,0.0186652336269617,0.0003517563454806,25,0.1,25,26,11,4.0,4.0,4.0,4.0,MonoConv
741,10,162,22,ens.GradientBoosting,MMF4,0.4780649508485956,0.0094607635860004,9.297430840374135e-05,25,0.1,25,26,11,3.0,3.0,3.0,3.0,MonoConv
742,10,162,22,ens.GradientBoosting,WBL4,0.4312389324280385,0.0085382825559562,7.668182280283375e-05,25,0.1,25,26,11,2.0,2.0,2.0,2.0,MonoConv
743,10,162,22,ens.GradientBoosting,POW4,0.0909543635771693,0.0018049947567641,5.613104653198543e-06,25,0.1,25,26,11,1.0,1.0,1.0,1.0,MonoConv
744,0,260,5,ExtraTree,LC-PFN,1.0397158563137054,0.0131372530013322,0.0001949722063727,25,0.1,25,66,13,2.0,2.0,2.0,2.0,MonoConv
745,0,260,5,ExtraTree,MMF4,0.3361252655634346,0.0041860735647645,2.9073378201048723e-05,25,0.1,25,66,13,1.0,1.0,1.0,1.0,MonoConv
746,0,260,5,ExtraTree,WBL4,1.2863027365169226,0.0162414408343802,0.0002922733627308,25,0.1,25,66,13,4.0,4.0,4.0,4.0,MonoConv
747,0,260,5,ExtraTree,POW4,1.2863027266177454,0.0162414407075809,0.0002922733585985,25,0.1,25,66,13,3.0,3.0,3.0,3.0,MonoConv
748,18,48,7,PassiveAggressive,LC-PFN,0.8587446995079517,0.0132083399221301,0.0002595480182208,25,0.1,25,75,18,1.0,1.0,1.0,1.0,MonoConv
749,18,48,7,PassiveAggressive,MMF4,2.5361267886321617,0.0381171103601739,0.0016310021048105,25,0.1,25,75,18,3.0,3.0,3.0,3.0,MonoConv
750,18,48,7,PassiveAggressive,WBL4,2.775131966589494,0.0416017865873548,0.0019199712982672,25,0.1,25,75,18,4.0,4.0,4.0,4.0,MonoConv
751,18,48,7,PassiveAggressive,POW4,2.516600029606661,0.0378316518372754,0.0016084983620094,25,0.1,25,75,18,2.0,2.0,2.0,2.0,MonoConv
752,21,128,8,Perceptron,LC-PFN,0.4945109132677316,0.0097004687413573,0.0001064508178387,25,0.1,25,29,20,3.0,3.0,3.0,3.0,MonoConv
753,21,128,8,Perceptron,MMF4,0.2768717590181584,0.0054444541523982,3.578102914323593e-05,25,0.1,25,29,20,1.0,1.0,1.0,1.0,MonoConv
754,21,128,8,Perceptron,WBL4,0.2818260205272939,0.0055415770636395,3.695558971390382e-05,25,0.1,25,29,20,2.0,2.0,2.0,2.0,MonoConv
755,21,128,8,Perceptron,POW4,0.5020204205933126,0.0098469733113086,0.0001102954318832,25,0.1,25,29,20,4.0,4.0,4.0,4.0,MonoConv
756,19,60,6,LogisticRegression,LC-PFN,1.244998164474964,0.0245937705039978,0.0006048546638339,25,0.1,25,2,21,4.0,4.0,4.0,4.0,MonoConv
757,19,60,6,LogisticRegression,MMF4,0.0432674222155429,0.0008649717236886,7.531111203842168e-07,25,0.1,25,2,21,2.0,2.0,2.0,2.0,MonoConv
758,19,60,6,LogisticRegression,WBL4,0.0398095362224604,0.0007958733837665,6.344279952326569e-07,25,0.1,25,2,21,1.0,1.0,1.0,1.0,MonoConv
759,19,60,6,LogisticRegression,POW4,0.6306218298270719,0.0125333982511505,0.0001570860717219,25,0.1,25,2,21,3.0,3.0,3.0,3.0,MonoConv
760,28,103,7,PassiveAggressive,LC-PFN,0.6923911161720753,0.0128989657387137,0.0002742982469499,25,0.1,25,22,23,1.0,1.0,1.0,1.0,MonoConv
761,28,103,7,PassiveAggressive,MMF4,2.3555069795487174,0.0433902458262157,0.0020251844509726,25,0.1,25,22,23,3.0,3.0,3.0,3.0,MonoConv
762,28,103,7,PassiveAggressive,WBL4,3.0323208466283136,0.0554750986936378,0.0032903576840732,25,0.1,25,22,23,4.0,4.0,4.0,4.0,MonoConv
763,28,103,7,PassiveAggressive,POW4,0.9102808696656756,0.0168693660538148,0.0004633106449657,25,0.1,25,22,23,2.0,2.0,2.0,2.0,MonoConv
764,29,193,7,PassiveAggressive,LC-PFN,14.2379030585289,0.0333950147032737,0.0011536409147083,25,0.1,25,87,24,4.0,4.0,4.0,4.0,MonoConv
765,29,193,7,PassiveAggressive,MMF4,8.595760301702905,0.0149073201739998,0.0003895376102627,25,0.1,25,87,24,3.0,3.0,3.0,3.0,MonoConv
766,29,193,7,PassiveAggressive,WBL4,0.3100191310594937,0.0006208367838666,6.294392089863543e-07,25,0.1,25,87,24,2.0,2.0,2.0,2.0,MonoConv
767,29,193,7,PassiveAggressive,POW4,0.3100191299295159,0.0006208367815942,6.294392054925802e-07,25,0.1,25,87,24,1.0,1.0,1.0,1.0,MonoConv
768,26,194,6,LogisticRegression,LC-PFN,20.239701867103577,0.0808300897479057,0.0065747862681746,25,0.1,25,80,27,4.0,4.0,4.0,4.0,MonoConv
769,26,194,6,LogisticRegression,MMF4,8.16193869544786,0.0366109842697353,0.0014429812995031,25,0.1,25,80,27,2.0,2.0,2.0,2.0,MonoConv
770,26,194,6,LogisticRegression,WBL4,8.163757458285742,0.0366184816183839,0.0014435303326759,25,0.1,25,80,27,3.0,3.0,3.0,3.0,MonoConv
771,26,194,6,LogisticRegression,POW4,7.316018285108453,0.0330957426488937,0.0011939700596485,25,0.1,25,80,27,1.0,1.0,1.0,1.0,MonoConv
772,42,127,5,ExtraTree,LC-PFN,0.5419188179075718,0.0102237835526466,0.0001162155967904,25,0.1,25,43,36,1.0,1.0,1.0,1.0,MonoConv
773,42,127,5,ExtraTree,MMF4,1.5989441739480568,0.0296085233717776,0.0009486435810557,25,0.1,25,43,36,3.0,3.0,3.0,3.0,MonoConv
774,42,127,5,ExtraTree,WBL4,1.8060547193923613,0.0333704931525503,0.0011947955901551,25,0.1,25,43,36,4.0,4.0,4.0,4.0,MonoConv
775,42,127,5,ExtraTree,POW4,0.6885002802568317,0.0128799419600325,0.0001973343342467,25,0.1,25,43,36,2.0,2.0,2.0,2.0,MonoConv
776,44,243,22,ens.GradientBoosting,LC-PFN,0.7786025293171406,0.0113679943606257,0.0001601727708475,25,0.1,25,41,39,1.0,1.0,1.0,1.0,MonoConv
777,44,243,22,ens.GradientBoosting,MMF4,8.843907426078555,0.1442805260666248,0.0256363853869037,25,0.1,25,41,39,3.0,3.0,3.0,3.0,MonoConv
778,44,243,22,ens.GradientBoosting,WBL4,10.467198090150664,0.1745361513123074,0.0375029054558443,25,0.1,25,41,39,4.0,4.0,4.0,4.0,MonoConv
779,44,243,22,ens.GradientBoosting,POW4,4.756038354006418,0.0740860629201339,0.0072585590576668,25,0.1,25,41,39,2.0,2.0,2.0,2.0,MonoConv
780,45,251,10,SGDClassifier,LC-PFN,3.7532977759838095,0.059341050684452,0.0042756828479468,25,0.1,25,47,40,2.0,2.0,2.0,2.0,MonoConv
781,45,251,10,SGDClassifier,MMF4,6.914260360779909,0.1059759981745691,0.0146569216581606,25,0.1,25,47,40,3.0,3.0,3.0,3.0,MonoConv
782,45,251,10,SGDClassifier,WBL4,8.493825558365067,0.1278170126215248,0.0208091939994042,25,0.1,25,47,40,4.0,4.0,4.0,4.0,MonoConv
783,45,251,10,SGDClassifier,POW4,2.2580927803134525,0.036778193159883,0.0019654606578259,25,0.1,25,47,40,1.0,1.0,1.0,1.0,MonoConv
784,46,10,6,LogisticRegression,LC-PFN,1.6652211546897888,0.0257227625697851,0.0007697257678955,25,0.1,25,29,41,2.0,2.0,2.0,2.0,MonoConv
785,46,10,6,LogisticRegression,MMF4,4.574275372589878,0.0684515137538505,0.0055421621595703,25,0.1,25,29,41,3.0,3.0,3.0,3.0,MonoConv
786,46,10,6,LogisticRegression,WBL4,5.068850675689675,0.0754384060807458,0.0067076711348408,25,0.1,25,29,41,4.0,4.0,4.0,4.0,MonoConv
787,46,10,6,LogisticRegression,POW4,1.4959765031028447,0.0233011094970244,0.0007616425883059,25,0.1,25,29,41,1.0,1.0,1.0,1.0,MonoConv
788,47,141,8,Perceptron,LC-PFN,2.6338959112763405,0.0312390867620706,0.0018306040437892,25,0.1,25,48,43,1.0,1.0,1.0,1.0,MonoConv
789,47,141,8,Perceptron,MMF4,3.020507143034701,0.035625126598313,0.0021312333165866,25,0.1,25,48,43,3.0,3.0,3.0,3.0,MonoConv
790,47,141,8,Perceptron,WBL4,3.0334488929129013,0.0357767538723661,0.002141776764054,25,0.1,25,48,43,4.0,4.0,4.0,4.0,MonoConv
791,47,141,8,Perceptron,POW4,2.8170221116051497,0.0332221172122894,0.0019650998916779,25,0.1,25,48,43,2.0,2.0,2.0,2.0,MonoConv
792,39,47,18,KNN,LC-PFN,1.4610225334763527,0.0162371862679719,0.0004533536557573,25,0.1,25,103,50,1.0,1.0,1.0,1.0,MonoConv
793,39,47,18,KNN,MMF4,2.147318696593285,0.0241120073947605,0.000943785137618,25,0.1,25,103,50,2.0,2.0,2.0,2.0,MonoConv
794,39,47,18,KNN,WBL4,2.605823734529496,0.0290581555325238,0.0013729680649949,25,0.1,25,103,50,4.0,4.0,4.0,4.0,MonoConv
795,39,47,18,KNN,POW4,2.2185741066527087,0.0248838324198242,0.0010004382796646,25,0.1,25,103,50,3.0,3.0,3.0,3.0,MonoConv
796,54,227,6,LogisticRegression,LC-PFN,17.173174023628235,0.0930369868874549,0.0097003802657127,25,0.1,25,68,51,4.0,4.0,4.0,4.0,MonoConv
797,54,227,6,LogisticRegression,MMF4,9.25161148165345,0.0579825922731883,0.0057946467298734,25,0.1,25,68,51,2.0,2.0,2.0,2.0,MonoConv
798,54,227,6,LogisticRegression,WBL4,11.758160238329252,0.0711718613900214,0.0087892159287253,25,0.1,25,68,51,3.0,3.0,3.0,3.0,MonoConv
799,54,227,6,LogisticRegression,POW4,5.2748449329362685,0.0332046294982603,0.0013932070521228,25,0.1,25,68,51,1.0,1.0,1.0,1.0,MonoConv
800,56,235,0,SVC_linear,LC-PFN,4.579704254865646,0.0832311064004898,0.008088051341474,25,0.1,25,39,52,3.0,3.0,3.0,3.0,MonoConv
801,56,235,0,SVC_linear,MMF4,2.509238233155993,0.0443297573911744,0.0029523453693683,25,0.1,25,39,52,2.0,2.0,2.0,2.0,MonoConv
802,56,235,0,SVC_linear,WBL4,2.4068654903254663,0.0424537678318382,0.0027489229880307,25,0.1,25,39,52,1.0,1.0,1.0,1.0,MonoConv
803,56,235,0,SVC_linear,POW4,4.882522261841848,0.089249842354889,0.009310099906798,25,0.1,25,39,52,4.0,4.0,4.0,4.0,MonoConv
804,58,221,0,SVC_linear,LC-PFN,0.172556156758219,0.0025644546840339,1.051797971740598e-05,25,0.1,25,22,53,1.0,1.0,1.0,1.0,MonoConv
805,58,221,0,SVC_linear,MMF4,1.1117438110208029,0.0163238381683299,0.0003238624982935,25,0.1,25,22,53,3.0,3.0,3.0,3.0,MonoConv
806,58,221,0,SVC_linear,WBL4,1.2392804548737302,0.0181689482506168,0.0004007623234217,25,0.1,25,22,53,4.0,4.0,4.0,4.0,MonoConv
807,58,221,0,SVC_linear,POW4,0.4491463607388842,0.0066551778916022,6.469275351787335e-05,25,0.1,25,22,53,2.0,2.0,2.0,2.0,MonoConv
808,61,135,18,KNN,LC-PFN,0.877444539219141,0.0168521292507648,0.0003311926848255,25,0.1,25,52,54,3.0,3.0,3.0,3.0,MonoConv
809,61,135,18,KNN,MMF4,1.1193144440626623,0.0217934104571258,0.0006582880693699,25,0.1,25,52,54,4.0,4.0,4.0,4.0,MonoConv
810,61,135,18,KNN,WBL4,0.3210385781008291,0.0062190515492527,8.369731190507118e-05,25,0.1,25,52,54,2.0,2.0,2.0,2.0,MonoConv
811,61,135,18,KNN,POW4,0.1106565463723858,0.0021266628111706,7.260336957134593e-06,25,0.1,25,52,54,1.0,1.0,1.0,1.0,MonoConv
812,63,183,6,LogisticRegression,LC-PFN,6.627172976732254,0.0497492216527462,0.0029757113661617,25,0.1,25,81,55,1.0,1.0,2.0,1.3333333333333333,MonoConv
813,63,183,6,LogisticRegression,MMF4,6.986077284206116,0.0501797371073857,0.0027814404848147,25,0.1,25,81,55,2.0,2.0,1.0,1.6666666666666667,MonoConv
814,63,183,6,LogisticRegression,WBL4,8.841189034740204,0.0623254713186317,0.0042260718720935,25,0.1,25,81,55,3.0,3.0,3.0,3.0,MonoConv
815,63,183,6,LogisticRegression,POW4,10.285062183930004,0.0920296031075658,0.0108949809286911,25,0.1,25,81,55,4.0,4.0,4.0,4.0,MonoConv
816,57,97,6,LogisticRegression,LC-PFN,1.7301229760050774,0.0266680680215358,0.0009260205551981,25,0.1,25,53,58,3.0,3.0,3.0,3.0,MonoConv
817,57,97,6,LogisticRegression,MMF4,0.1935738842534142,0.0029069940200922,1.1617266173324212e-05,25,0.1,25,53,58,1.0,1.0,1.0,1.0,MonoConv
818,57,97,6,LogisticRegression,WBL4,0.7440740212217682,0.0111112840282636,0.0001410995107664,25,0.1,25,53,58,2.0,2.0,2.0,2.0,MonoConv
819,57,97,6,LogisticRegression,POW4,4.318852344352742,0.0685385775636944,0.0055795166643215,25,0.1,25,53,58,4.0,4.0,4.0,4.0,MonoConv
820,60,251,0,SVC_linear,LC-PFN,4.131780192255974,0.0667518749833107,0.0061025563627481,25,0.1,25,47,59,1.0,1.0,1.0,1.0,MonoConv
821,60,251,0,SVC_linear,MMF4,8.055796515343902,0.124139786173307,0.0205381531666902,25,0.1,25,47,59,3.0,3.0,3.0,3.0,MonoConv
822,60,251,0,SVC_linear,WBL4,8.864481733132498,0.1353108999302883,0.0241564136261248,25,0.1,25,47,59,4.0,4.0,4.0,4.0,MonoConv
823,60,251,0,SVC_linear,POW4,4.516948033144642,0.0728778737960439,0.0076917935882247,25,0.1,25,47,59,2.0,2.0,2.0,2.0,MonoConv
824,65,68,8,Perceptron,LC-PFN,1.1714466847479343,0.0189764648675918,0.0005270641413517,25,0.1,25,52,60,1.0,1.0,1.0,1.0,MonoConv
825,65,68,8,Perceptron,MMF4,2.849383800829977,0.0453970235210752,0.0027401376048689,25,0.1,25,52,60,3.0,3.0,3.0,3.0,MonoConv
826,65,68,8,Perceptron,WBL4,3.3808204359472,0.0535128057434576,0.0036530512898959,25,0.1,25,52,60,4.0,4.0,4.0,4.0,MonoConv
827,65,68,8,Perceptron,POW4,2.137509521589197,0.0354991557115412,0.0017154726201882,25,0.1,25,52,60,2.0,2.0,2.0,2.0,MonoConv
828,66,96,4,Decision Tree,LC-PFN,2.2896796464920044,0.0347172319889068,0.0014655897393822,25,0.1,25,21,62,2.0,2.0,2.0,2.0,MonoConv
829,66,96,4,Decision Tree,MMF4,2.764356829968377,0.0417826623561225,0.0024268725186561,25,0.1,25,21,62,3.0,3.0,3.0,3.0,MonoConv
830,66,96,4,Decision Tree,WBL4,3.4019342850454533,0.0509931358682176,0.0034862614453676,25,0.1,25,21,62,4.0,4.0,4.0,4.0,MonoConv
831,66,96,4,Decision Tree,POW4,1.5407500542595889,0.0236720460405508,0.0008135755942187,25,0.1,25,21,62,1.0,1.0,1.0,1.0,MonoConv
832,69,203,7,PassiveAggressive,LC-PFN,1.0952822864055634,0.0147767774760723,0.0002567247720435,25,0.1,25,36,63,1.0,1.0,1.0,1.0,MonoConv
833,69,203,7,PassiveAggressive,MMF4,2.9262209127915906,0.0393537969247719,0.0017296264289529,25,0.1,25,36,63,3.0,3.0,3.0,3.0,MonoConv
834,69,203,7,PassiveAggressive,WBL4,3.3546953798999475,0.0449135422057778,0.0022749874898771,25,0.1,25,36,63,4.0,4.0,4.0,4.0,MonoConv
835,69,203,7,PassiveAggressive,POW4,2.816992242800628,0.0379276152527797,0.0016024031523632,25,0.1,25,36,63,2.0,2.0,2.0,2.0,MonoConv
836,70,134,0,SVC_linear,LC-PFN,1.7156504094600675,0.0308589525520801,0.0016299843555316,25,0.1,25,40,64,4.0,4.0,4.0,4.0,MonoConv
837,70,134,0,SVC_linear,MMF4,1.670169108499014,0.0297198654004217,0.0011846335563633,25,0.1,25,40,64,3.0,3.0,3.0,3.0,MonoConv
838,70,134,0,SVC_linear,WBL4,1.406188190788205,0.0250286004053194,0.0010081141662708,25,0.1,25,40,64,1.0,1.0,1.0,1.0,MonoConv
839,70,134,0,SVC_linear,POW4,1.4061881939660177,0.0250286004620835,0.0010081141672944,25,0.1,25,40,64,2.0,2.0,2.0,2.0,MonoConv
840,75,89,7,PassiveAggressive,LC-PFN,1.3579386286437511,0.0208181831985712,0.0007412593113258,25,0.1,25,47,66,1.0,1.0,2.0,1.3333333333333333,MonoConv
841,75,89,7,PassiveAggressive,MMF4,2.1557603153960523,0.032404386297932,0.0013756511693301,25,0.1,25,47,66,4.0,4.0,4.0,4.0,MonoConv
842,75,89,7,PassiveAggressive,WBL4,2.010336673369519,0.0302748315633821,0.0012296241589827,25,0.1,25,47,66,3.0,3.0,3.0,3.0,MonoConv
843,75,89,7,PassiveAggressive,POW4,1.520841208440247,0.0231180800145267,0.0006913450847854,25,0.1,25,47,66,2.0,2.0,1.0,1.6666666666666667,MonoConv
844,64,72,8,Perceptron,LC-PFN,1.7841193825006485,0.0192292127758264,0.0006000907160341,25,0.1,25,51,68,1.0,1.0,1.0,1.0,MonoConv
845,64,72,8,Perceptron,MMF4,1.931334797336286,0.0210598063446208,0.0008220070353108,25,0.1,25,51,68,2.0,2.0,2.0,2.0,MonoConv
846,64,72,8,Perceptron,WBL4,2.207241797047259,0.0239933357936963,0.0014138039895605,25,0.1,25,51,68,3.0,3.0,4.0,3.3333333333333335,MonoConv
847,64,72,8,Perceptron,POW4,2.3018813034709407,0.0252216445030789,0.0008920844247391,25,0.1,25,51,68,4.0,4.0,3.0,3.6666666666666665,MonoConv
848,62,39,6,LogisticRegression,LC-PFN,3.475553542375565,0.0420859828591346,0.0023044233676046,25,0.1,25,78,70,3.0,3.0,4.0,3.3333333333333335,MonoConv
849,62,39,6,LogisticRegression,MMF4,2.197357471855596,0.0260218188672903,0.0008904150255216,25,0.1,25,78,70,2.0,2.0,2.0,2.0,MonoConv
850,62,39,6,LogisticRegression,WBL4,2.036366268884135,0.0240970254511306,0.000726547772748,25,0.1,25,78,70,1.0,1.0,1.0,1.0,MonoConv
851,62,39,6,LogisticRegression,POW4,3.4770080581256178,0.0427381062936621,0.00204765641033,25,0.1,25,78,70,4.0,4.0,3.0,3.6666666666666665,MonoConv
852,73,168,8,Perceptron,LC-PFN,1.2440361082553864,0.0245749875903129,0.0006039472064003,25,0.1,25,103,71,4.0,4.0,4.0,4.0,MonoConv
853,73,168,8,Perceptron,MMF4,0.0004622055120593,9.243533116117798e-06,1.154154599639149e-09,25,0.1,25,103,71,2.0,2.0,2.0,2.0,MonoConv
854,73,168,8,Perceptron,WBL4,4.103140687498873e-06,8.206264760496513e-08,3.322891995791993e-13,25,0.1,25,103,71,1.0,1.0,1.0,1.0,MonoConv
855,73,168,8,Perceptron,POW4,0.6378373864136994,0.0126758961237338,0.0001606783425396,25,0.1,25,103,71,3.0,3.0,3.0,3.0,MonoConv
856,78,141,6,LogisticRegression,LC-PFN,1.1106799356639383,0.0179456770420074,0.0004931011353619,25,0.1,25,48,72,2.0,2.0,2.0,2.0,MonoConv
857,78,141,6,LogisticRegression,MMF4,1.2133247756949768,0.0196116692113948,0.0005354066514036,25,0.1,25,48,72,3.0,3.0,3.0,3.0,MonoConv
858,78,141,6,LogisticRegression,WBL4,0.8007532196154848,0.0128614164953663,0.0002279002050384,25,0.1,25,48,72,1.0,1.0,1.0,1.0,MonoConv
859,78,141,6,LogisticRegression,POW4,1.2525394764739408,0.0202587746391739,0.000573810407953,25,0.1,25,48,72,4.0,4.0,4.0,4.0,MonoConv
860,77,221,4,Decision Tree,LC-PFN,0.3136274870485067,0.0045070243068039,3.3673193684080616e-05,25,0.1,25,22,73,2.0,2.0,2.0,2.0,MonoConv
861,77,221,4,Decision Tree,MMF4,0.6745993502746837,0.0097034629770915,0.0001286811709188,25,0.1,25,22,73,3.0,3.0,3.0,3.0,MonoConv
862,77,221,4,Decision Tree,WBL4,0.8288030361245778,0.0118972194237492,0.0001832855582948,25,0.1,25,22,73,4.0,4.0,4.0,4.0,MonoConv
863,77,221,4,Decision Tree,POW4,0.2791486052303812,0.0040316216838576,2.12733154039011e-05,25,0.1,25,22,73,1.0,1.0,1.0,1.0,MonoConv
864,74,133,21,ens.RandomForest,LC-PFN,1.1669761501252651,0.0220989845693111,0.0007171531906351,25,0.1,25,29,74,3.0,3.0,3.0,3.0,MonoConv
865,74,133,21,ens.RandomForest,MMF4,0.293454218421059,0.0055313441389126,4.103560293287033e-05,25,0.1,25,29,74,1.0,1.0,1.0,1.0,MonoConv
866,74,133,21,ens.RandomForest,WBL4,0.6921043085131467,0.0134681475419997,0.0002798394109968,25,0.1,25,29,74,2.0,2.0,2.0,2.0,MonoConv
867,74,133,21,ens.RandomForest,POW4,1.42745353014486,0.0269012159642187,0.0009072155580679,25,0.1,25,29,74,4.0,4.0,4.0,4.0,MonoConv
868,72,81,8,Perceptron,LC-PFN,1.876595802605152,0.0187495611608028,0.0004866142699029,25,0.1,25,30,77,4.0,4.0,4.0,4.0,MonoConv
869,72,81,8,Perceptron,MMF4,1.0408043785686614,0.0105458794934676,0.0001670178697098,25,0.1,25,30,77,3.0,3.0,3.0,3.0,MonoConv
870,72,81,8,Perceptron,WBL4,0.8421361484867049,0.0085564625853063,0.0001204003776259,25,0.1,25,30,77,2.0,2.0,2.0,2.0,MonoConv
871,72,81,8,Perceptron,POW4,0.8421361484515786,0.0085564625849466,0.0001204003776185,25,0.1,25,30,77,1.0,1.0,1.0,1.0,MonoConv
872,84,200,10,SGDClassifier,LC-PFN,3.2725103199481964,0.0444640032947063,0.003255012910813,25,0.1,25,66,78,4.0,4.0,4.0,4.0,MonoConv
873,84,200,10,SGDClassifier,MMF4,2.661639077840554,0.0358140884627277,0.0023066732139336,25,0.1,25,66,78,2.0,2.0,2.0,2.0,MonoConv
874,84,200,10,SGDClassifier,WBL4,2.6527509317100235,0.0356922439087406,0.0023003369940912,25,0.1,25,66,78,1.0,1.0,1.0,1.0,MonoConv
875,84,200,10,SGDClassifier,POW4,3.086950007087334,0.0417400432757646,0.0028463376835249,25,0.1,25,66,78,3.0,3.0,3.0,3.0,MonoConv
876,83,138,18,KNN,LC-PFN,2.583891898393631,0.0458286814391613,0.0025505411904305,25,0.1,25,35,79,4.0,4.0,4.0,4.0,MonoConv
877,83,138,18,KNN,MMF4,1.011195938103291,0.0184035230207904,0.0004997571283176,25,0.1,25,35,79,2.0,2.0,2.0,2.0,MonoConv
878,83,138,18,KNN,WBL4,1.5510773893821208,0.028052695782295,0.0012460606465711,25,0.1,25,35,79,3.0,3.0,3.0,3.0,MonoConv
879,83,138,18,KNN,POW4,0.5358095618400588,0.0097872377246109,0.0001311751984224,25,0.1,25,35,79,1.0,1.0,1.0,1.0,MonoConv
880,87,52,8,Perceptron,LC-PFN,2.330307289958,0.0364888943731784,0.0015182101633399,25,0.1,25,25,81,2.0,2.0,2.0,2.0,MonoConv
881,87,52,8,Perceptron,MMF4,2.983382758865914,0.0466549430051754,0.0028409808072315,25,0.1,25,25,81,3.0,3.0,3.0,3.0,MonoConv
882,87,52,8,Perceptron,WBL4,4.324292193110833,0.0665162686664591,0.0056928669707142,25,0.1,25,25,81,4.0,4.0,4.0,4.0,MonoConv
883,87,52,8,Perceptron,POW4,0.6624059360217963,0.0107932282998984,0.0001773943271225,25,0.1,25,25,81,1.0,1.0,1.0,1.0,MonoConv
884,89,74,5,ExtraTree,LC-PFN,0.4975853487849235,0.0071194875054061,7.053498848108575e-05,25,0.1,25,34,84,1.0,1.0,1.0,1.0,MonoConv
885,89,74,5,ExtraTree,MMF4,2.151815470331692,0.0302391880208326,0.0012555791561341,25,0.1,25,34,84,4.0,4.0,4.0,4.0,MonoConv
886,89,74,5,ExtraTree,WBL4,1.953354916127194,0.0275249372509617,0.00106850339438,25,0.1,25,34,84,3.0,3.0,3.0,3.0,MonoConv
887,89,74,5,ExtraTree,POW4,1.9061900820387,0.0268767230252253,0.0010128751910252,25,0.1,25,34,84,2.0,2.0,2.0,2.0,MonoConv
888,94,214,20,ens.ExtraTrees,LC-PFN,1.0585276409983635,0.0201369747519493,0.0005119802081026,25,0.1,25,40,87,1.0,1.0,1.0,1.0,MonoConv
889,94,214,20,ens.ExtraTrees,MMF4,3.120858187203721,0.0579065946412139,0.0039012687618901,25,0.1,25,40,87,3.0,3.0,3.0,3.0,MonoConv
890,94,214,20,ens.ExtraTrees,WBL4,4.1944429343054725,0.0769081213013674,0.0067213405598959,25,0.1,25,40,87,4.0,4.0,4.0,4.0,MonoConv
891,94,214,20,ens.ExtraTrees,POW4,1.5220816398234334,0.0281015998286607,0.0008854713932606,25,0.1,25,40,87,2.0,2.0,2.0,2.0,MonoConv
892,91,104,10,SGDClassifier,LC-PFN,1.1048998683691025,0.0183074325323104,0.0003786272136494,25,0.1,25,64,88,1.0,1.0,1.0,1.0,MonoConv
893,91,104,10,SGDClassifier,MMF4,3.17043739789169,0.0539611889387982,0.0032856675225318,25,0.1,25,64,88,3.0,3.0,3.0,3.0,MonoConv
894,91,104,10,SGDClassifier,WBL4,2.522072444250124,0.0424488104041608,0.0019492070281492,25,0.1,25,64,88,2.0,2.0,2.0,2.0,MonoConv
895,91,104,10,SGDClassifier,POW4,3.713182887718242,0.0637749301034262,0.0047528751308835,25,0.1,25,64,88,4.0,4.0,4.0,4.0,MonoConv
896,88,162,21,ens.RandomForest,LC-PFN,0.9534155949950218,0.0187814459204673,0.0003572028363123,25,0.1,25,26,89,3.0,3.0,3.0,3.0,MonoConv
897,88,162,21,ens.RandomForest,MMF4,0.3110772413456303,0.0061689181907565,4.24474393887444e-05,25,0.1,25,26,89,1.0,1.0,1.0,1.0,MonoConv
898,88,162,21,ens.RandomForest,WBL4,0.4135207712899449,0.0081912660591586,7.22522359670078e-05,25,0.1,25,26,89,2.0,2.0,2.0,2.0,MonoConv
899,88,162,21,ens.RandomForest,POW4,1.2976458610963832,0.0254747116209956,0.0006541164344946,25,0.1,25,26,89,4.0,4.0,4.0,4.0,MonoConv
900,93,240,21,ens.RandomForest,LC-PFN,0.4958025179803371,0.0069055957719683,5.659392991219647e-05,25,0.1,25,40,90,1.0,1.0,1.0,1.0,MonoConv
901,93,240,21,ens.RandomForest,MMF4,1.843309428816624,0.0254203131022346,0.0007881803811654,25,0.1,25,40,90,3.0,3.0,3.0,3.0,MonoConv
902,93,240,21,ens.RandomForest,WBL4,2.100928319609717,0.0288847975552411,0.0010125897952675,25,0.1,25,40,90,4.0,4.0,4.0,4.0,MonoConv
903,93,240,21,ens.RandomForest,POW4,1.2167276282404045,0.0169119897397862,0.0003648152884502,25,0.1,25,40,90,2.0,2.0,2.0,2.0,MonoConv
904,96,224,21,ens.RandomForest,LC-PFN,0.8626509457826614,0.0169738344848155,0.0002884389832615,25,0.1,25,40,92,4.0,4.0,4.0,4.0,MonoConv
905,96,224,21,ens.RandomForest,MMF4,0.2428912549371736,0.0048351761948072,2.7068544069877176e-05,25,0.1,25,40,92,1.0,3.0,3.0,2.3333333333333335,MonoConv
906,96,224,21,ens.RandomForest,WBL4,0.2434526124670474,0.0048200435760645,2.3742386671104377e-05,25,0.1,25,40,92,2.0,1.0,1.0,1.3333333333333333,MonoConv
907,96,224,21,ens.RandomForest,POW4,0.2434561800180117,0.0048201140336149,2.374306589299561e-05,25,0.1,25,40,92,3.0,2.0,2.0,2.3333333333333335,MonoConv
908,97,87,0,SVC_linear,LC-PFN,0.9617583826184272,0.0125851407647132,0.0001940680667757,25,0.1,25,21,93,1.0,1.0,1.0,1.0,MonoConv
909,97,87,0,SVC_linear,MMF4,2.168609093108251,0.0289603083529742,0.0011639711516181,25,0.1,25,21,93,3.0,3.0,3.0,3.0,MonoConv
910,97,87,0,SVC_linear,WBL4,8.111716098581157,0.1205811664442977,0.023460336335147,25,0.1,25,21,93,4.0,4.0,4.0,4.0,MonoConv
911,97,87,0,SVC_linear,POW4,2.04311730005537,0.0272857399671666,0.0010943690148645,25,0.1,25,21,93,2.0,2.0,2.0,2.0,MonoConv
912,105,158,22,ens.GradientBoosting,LC-PFN,0.3132789162918925,0.0060889101587235,4.814399653696455e-05,25,0.1,25,26,96,2.0,2.0,2.0,2.0,MonoConv
913,105,158,22,ens.GradientBoosting,MMF4,0.6343169322753117,0.0122650442667535,0.0001867235045364,25,0.1,25,26,96,4.0,4.0,4.0,4.0,MonoConv
914,105,158,22,ens.GradientBoosting,WBL4,0.6243404863485904,0.0120737512503108,0.0001846490741218,25,0.1,25,26,96,3.0,3.0,3.0,3.0,MonoConv
915,105,158,22,ens.GradientBoosting,POW4,0.1890334180669371,0.0036776605250905,2.158877986691271e-05,25,0.1,25,26,96,1.0,1.0,1.0,1.0,MonoConv
916,99,146,22,ens.GradientBoosting,LC-PFN,0.8948524482548237,0.0176148954778909,0.000310810864903,25,0.1,25,23,97,4.0,4.0,4.0,4.0,MonoConv
917,99,146,22,ens.GradientBoosting,MMF4,0.045963615564984,0.000912746456538,1.261446061088455e-06,25,0.1,25,23,97,1.0,1.0,1.0,1.0,MonoConv
918,99,146,22,ens.GradientBoosting,WBL4,0.0954894482064416,0.0018950020858601,4.277275453516637e-06,25,0.1,25,23,97,2.0,2.0,2.0,2.0,MonoConv
919,99,146,22,ens.GradientBoosting,POW4,0.3302408818798426,0.006537497735987,4.342511919613826e-05,25,0.1,25,23,97,3.0,3.0,3.0,3.0,MonoConv
920,100,122,6,LogisticRegression,LC-PFN,0.1279187737964093,0.0024878240656107,1.1284760148555506e-05,25,0.1,25,55,98,1.0,1.0,1.0,1.0,MonoConv
921,100,122,6,LogisticRegression,MMF4,0.5829676699401252,0.0112918786747024,0.000140091816961,25,0.1,25,55,98,4.0,4.0,4.0,4.0,MonoConv
922,100,122,6,LogisticRegression,WBL4,0.5512829880340494,0.0106818872605298,0.0001269206502402,25,0.1,25,55,98,3.0,3.0,3.0,3.0,MonoConv
923,100,122,6,LogisticRegression,POW4,0.2637635098798979,0.0051275631835068,3.035091149404542e-05,25,0.1,25,55,98,2.0,2.0,2.0,2.0,MonoConv
924,106,8,22,ens.GradientBoosting,LC-PFN,1.0647879913449287,0.0144677041098475,0.0002777936751954,25,0.1,25,29,99,1.0,1.0,1.0,1.0,MonoConv
925,106,8,22,ens.GradientBoosting,MMF4,3.2769147982065454,0.043957113236715,0.0023157037034823,25,0.1,25,29,99,3.0,3.0,3.0,3.0,MonoConv
926,106,8,22,ens.GradientBoosting,WBL4,3.770482084215978,0.050293765861861,0.0030247871091221,25,0.1,25,29,99,4.0,4.0,4.0,4.0,MonoConv
927,106,8,22,ens.GradientBoosting,POW4,1.194260611027703,0.0164293686396072,0.0003600689661689,25,0.1,25,29,99,2.0,2.0,2.0,2.0,MonoConv
928,103,54,20,ens.ExtraTrees,LC-PFN,1.2506055645644665,0.0204915385693311,0.0004666373715735,25,0.1,25,34,101,2.0,2.0,2.0,2.0,MonoConv
929,103,54,20,ens.ExtraTrees,MMF4,3.12141196706076,0.0507337115111483,0.0034734214837467,25,0.1,25,34,101,3.0,3.0,3.0,3.0,MonoConv
930,103,54,20,ens.ExtraTrees,WBL4,5.310644244019514,0.0839705114319982,0.0090829725191401,25,0.1,25,34,101,4.0,4.0,4.0,4.0,MonoConv
931,103,54,20,ens.ExtraTrees,POW4,0.6681664912131533,0.0107543228361103,0.0001367935874804,25,0.1,25,34,101,1.0,1.0,1.0,1.0,MonoConv
932,104,225,8,Perceptron,LC-PFN,0.9159460663795472,0.0176495909690856,0.0003238813369534,25,0.1,25,36,102,4.0,4.0,4.0,4.0,MonoConv
933,104,225,8,Perceptron,MMF4,0.4401795800861819,0.0083822959754343,8.207299312830438e-05,25,0.1,25,36,102,2.0,2.0,2.0,2.0,MonoConv
934,104,225,8,Perceptron,WBL4,0.5984875626702482,0.0113766251701766,0.0001479753795694,25,0.1,25,36,102,3.0,3.0,3.0,3.0,MonoConv
935,104,225,8,Perceptron,POW4,0.1604574491592324,0.0030697773850083,1.283017679088616e-05,25,0.1,25,36,102,1.0,1.0,1.0,1.0,MonoConv
936,107,239,4,Decision Tree,LC-PFN,3.2934948801994324,0.0485851913690567,0.0028835707344114,25,0.1,25,65,104,2.0,2.0,1.0,1.6666666666666667,MonoConv
937,107,239,4,Decision Tree,MMF4,8.396730212777838,0.1170666702131836,0.0165957981428494,25,0.1,25,65,104,3.0,3.0,3.0,3.0,MonoConv
938,107,239,4,Decision Tree,WBL4,8.651758758202433,0.1202844901731694,0.0174010034820038,25,0.1,25,65,104,4.0,4.0,4.0,4.0,MonoConv
939,107,239,4,Decision Tree,POW4,3.156147867738781,0.0469808045848007,0.0031409647534276,25,0.1,25,65,104,1.0,1.0,2.0,1.3333333333333333,MonoConv
940,112,36,5,ExtraTree,LC-PFN,0.4701529629528522,0.0084504233673214,9.251178562408312e-05,25,0.1,25,24,107,1.0,1.0,1.0,1.0,MonoConv
941,112,36,5,ExtraTree,MMF4,0.7268285306168811,0.0129558368119547,0.0002334413594333,25,0.1,25,24,107,2.0,2.0,2.0,2.0,MonoConv
942,112,36,5,ExtraTree,WBL4,0.7613042482257286,0.0135639894577197,0.0002509290813703,25,0.1,25,24,107,3.0,3.0,3.0,3.0,MonoConv
943,112,36,5,ExtraTree,POW4,1.1436002896591169,0.0208274668218743,0.0005636965217022,25,0.1,25,24,107,4.0,4.0,4.0,4.0,MonoConv
944,113,186,6,LogisticRegression,LC-PFN,1.0915453545749187,0.0206698048859834,0.000429229112342,25,0.1,25,32,108,4.0,4.0,4.0,4.0,MonoConv
945,113,186,6,LogisticRegression,MMF4,0.8796574101384905,0.016350063177674,0.000298145295219,25,0.1,25,32,108,2.0,2.0,1.0,1.6666666666666667,MonoConv
946,113,186,6,LogisticRegression,WBL4,0.994932347833969,0.0184693115348828,0.0003737742435534,25,0.1,25,32,108,3.0,3.0,3.0,3.0,MonoConv
947,113,186,6,LogisticRegression,POW4,0.797616111272334,0.015191147338455,0.0003732998426826,25,0.1,25,32,108,1.0,1.0,2.0,1.3333333333333333,MonoConv
948,120,57,0,SVC_linear,LC-PFN,3.030254691839218,0.0470074266195297,0.0023886046838015,25,0.1,25,26,109,2.0,2.0,2.0,2.0,MonoConv
949,120,57,0,SVC_linear,MMF4,4.658366097502483,0.0715652885186381,0.0062828637947442,25,0.1,25,26,109,3.0,3.0,3.0,3.0,MonoConv
950,120,57,0,SVC_linear,WBL4,6.240651169497676,0.0941798964664094,0.010844678186013,25,0.1,25,26,109,4.0,4.0,4.0,4.0,MonoConv
951,120,57,0,SVC_linear,POW4,0.3438746482201354,0.0052922185747014,3.8418818833005866e-05,25,0.1,25,26,109,1.0,1.0,1.0,1.0,MonoConv
952,117,19,6,LogisticRegression,LC-PFN,0.4925019573420286,0.0089042782783508,8.663677726872265e-05,25,0.1,25,30,112,1.0,1.0,1.0,1.0,MonoConv
953,117,19,6,LogisticRegression,MMF4,2.3237748950148527,0.0413258650111193,0.0019071947580406,25,0.1,25,30,112,3.0,3.0,3.0,3.0,MonoConv
954,117,19,6,LogisticRegression,WBL4,2.714251513071672,0.0480668536793967,0.0025421930235354,25,0.1,25,30,112,4.0,4.0,4.0,4.0,MonoConv
955,117,19,6,LogisticRegression,POW4,1.3246161272055044,0.0246465622683704,0.000779454325187,25,0.1,25,30,112,2.0,2.0,2.0,2.0,MonoConv
956,114,111,20,ens.ExtraTrees,LC-PFN,2.700762450695038,0.0433929860591888,0.002334932796657,25,0.1,25,21,114,4.0,4.0,4.0,4.0,MonoConv
957,114,111,20,ens.ExtraTrees,MMF4,1.3911194412482593,0.0226075523739613,0.0006279178237114,25,0.1,25,21,114,2.0,2.0,2.0,2.0,MonoConv
958,114,111,20,ens.ExtraTrees,WBL4,1.2415084641562093,0.0201836983077311,0.0005026354099568,25,0.1,25,21,114,1.0,1.0,1.0,1.0,MonoConv
959,114,111,20,ens.ExtraTrees,POW4,1.6448911696423894,0.0266847110689648,0.0008689620538347,25,0.1,25,21,114,3.0,3.0,3.0,3.0,MonoConv
960,123,156,4,Decision Tree,LC-PFN,0.2535370178520679,0.0046265539713203,3.467956412350759e-05,25,0.1,25,26,116,1.0,1.0,1.0,1.0,MonoConv
961,123,156,4,Decision Tree,MMF4,1.7652333971188892,0.0319417384104651,0.0012074475589261,25,0.1,25,26,116,3.0,3.0,3.0,3.0,MonoConv
962,123,156,4,Decision Tree,WBL4,1.7872279921600391,0.0323315321412054,0.0012382189178249,25,0.1,25,26,116,4.0,4.0,4.0,4.0,MonoConv
963,123,156,4,Decision Tree,POW4,0.3172153824872212,0.0058290756558052,4.692967981560671e-05,25,0.1,25,26,116,2.0,2.0,2.0,2.0,MonoConv
964,122,22,8,Perceptron,LC-PFN,7.902272045612335,0.0849097073078155,0.0078164935111999,25,0.1,25,38,117,3.0,3.0,3.0,3.0,MonoConv
965,122,22,8,Perceptron,MMF4,13.4309478741421,0.1367958894841016,0.023458644469461,25,0.1,25,38,117,4.0,4.0,4.0,4.0,MonoConv
966,122,22,8,Perceptron,WBL4,6.676610892179076,0.073341266191137,0.0070973224875249,25,0.1,25,38,117,1.0,1.0,1.0,1.0,MonoConv
967,122,22,8,Perceptron,POW4,6.6766108939582045,0.0733412662091159,0.0070973224906733,25,0.1,25,38,117,2.0,2.0,2.0,2.0,MonoConv
968,124,179,20,ens.ExtraTrees,LC-PFN,2.617149241268635,0.0494930148124694,0.0027494237292557,25,0.1,25,51,118,4.0,4.0,4.0,4.0,MonoConv
969,124,179,20,ens.ExtraTrees,MMF4,2.086879522386738,0.0396186998924563,0.0017078200977308,25,0.1,25,51,118,2.0,2.0,2.0,2.0,MonoConv
970,124,179,20,ens.ExtraTrees,WBL4,2.5395697624912854,0.0481077658628765,0.0026661018109283,25,0.1,25,51,118,3.0,3.0,3.0,3.0,MonoConv
971,124,179,20,ens.ExtraTrees,POW4,1.825594137678616,0.0342127625495797,0.0012504174020703,25,0.1,25,51,118,1.0,1.0,1.0,1.0,MonoConv
972,127,170,20,ens.ExtraTrees,LC-PFN,0.9351341985166072,0.0150685608386993,0.0002516515960451,25,0.1,25,2,122,4.0,4.0,4.0,4.0,MonoConv
973,127,170,20,ens.ExtraTrees,MMF4,0.6260999323672576,0.0101260640688455,0.0001401250847404,25,0.1,25,2,122,3.0,3.0,3.0,3.0,MonoConv
974,127,170,20,ens.ExtraTrees,WBL4,0.3420000558199919,0.0055555555555551,4.026864230261848e-05,25,0.1,25,2,122,2.0,2.0,1.0,1.6666666666666667,MonoConv
975,127,170,20,ens.ExtraTrees,POW4,0.3420000557148995,0.0055555555538721,4.026865073031343e-05,25,0.1,25,2,122,1.0,1.0,2.0,1.3333333333333333,MonoConv
976,128,124,21,ens.RandomForest,LC-PFN,0.3139067441225052,0.0053848195821046,4.4614534999709576e-05,25,0.1,25,39,124,1.0,1.0,1.0,1.0,MonoConv
977,128,124,21,ens.RandomForest,MMF4,1.1735593033888796,0.0202639134145708,0.000519119729885,25,0.1,25,39,124,2.0,2.0,2.0,2.0,MonoConv
978,128,124,21,ens.RandomForest,WBL4,2.2716628616398014,0.0387157818534727,0.0017195044600138,25,0.1,25,39,124,3.0,3.0,3.0,3.0,MonoConv
979,128,124,21,ens.RandomForest,POW4,2.599621140080589,0.0470075175174242,0.0027192771169586,25,0.1,25,39,124,4.0,4.0,4.0,4.0,MonoConv
980,133,7,7,PassiveAggressive,LC-PFN,0.4867433570325374,0.0088864276185631,9.07282083062455e-05,25,0.1,25,29,125,1.0,1.0,1.0,1.0,MonoConv
981,133,7,7,PassiveAggressive,MMF4,2.1746966485420787,0.0389926309236942,0.0017896777058298,25,0.1,25,29,125,3.0,3.0,3.0,3.0,MonoConv
982,133,7,7,PassiveAggressive,WBL4,2.6969843531854587,0.0480709185811766,0.0026878228632076,25,0.1,25,29,125,4.0,4.0,4.0,4.0,MonoConv
983,133,7,7,PassiveAggressive,POW4,0.695683032043051,0.012946177276234,0.0002295640591742,25,0.1,25,29,125,2.0,2.0,2.0,2.0,MonoConv
984,131,219,6,LogisticRegression,LC-PFN,1.2149586342275145,0.0163861270993948,0.000356005562935,25,0.1,25,34,127,1.0,1.0,1.0,1.0,MonoConv
985,131,219,6,LogisticRegression,MMF4,4.007714117337328,0.0538903980898929,0.003610697177097,25,0.1,25,34,127,3.0,3.0,3.0,3.0,MonoConv
986,131,219,6,LogisticRegression,WBL4,6.864795566605853,0.0893209091883528,0.0096835427279838,25,0.1,25,34,127,4.0,4.0,4.0,4.0,MonoConv
987,131,219,6,LogisticRegression,POW4,2.094322066792078,0.0311472643658834,0.0017886671154995,25,0.1,25,34,127,2.0,2.0,2.0,2.0,MonoConv
988,137,116,0,SVC_linear,LC-PFN,0.7496349513530731,0.0147543968632817,0.0002521329151932,25,0.1,25,30,130,4.0,4.0,4.0,4.0,MonoConv
989,137,116,0,SVC_linear,MMF4,0.2324926005465309,0.0045991455703792,3.419650662909689e-05,25,0.1,25,30,130,1.0,1.0,1.0,1.0,MonoConv
990,137,116,0,SVC_linear,WBL4,0.2431304374284032,0.0048098501309583,3.462366802044178e-05,25,0.1,25,30,130,2.0,2.0,2.0,2.0,MonoConv
991,137,116,0,SVC_linear,POW4,0.2984491616849891,0.0059154612651853,6.151389418039834e-05,25,0.1,25,30,130,3.0,3.0,3.0,3.0,MonoConv
992,143,262,22,ens.GradientBoosting,LC-PFN,2.0018652081489563,0.0269921720027923,0.0007376837893389,25,0.1,25,103,134,1.0,1.0,1.0,1.0,MonoConv
993,143,262,22,ens.GradientBoosting,MMF4,4.792483246075116,0.0636672952694766,0.0047599016584396,25,0.1,25,103,134,3.0,3.0,3.0,3.0,MonoConv
994,143,262,22,ens.GradientBoosting,WBL4,5.741034204255588,0.0754834100762277,0.0066980791350733,25,0.1,25,103,134,4.0,4.0,4.0,4.0,MonoConv
995,143,262,22,ens.GradientBoosting,POW4,2.3679017246848137,0.0323039335748073,0.0012138175141849,25,0.1,25,103,134,2.0,2.0,2.0,2.0,MonoConv
996,144,114,5,ExtraTree,LC-PFN,0.8038725703954697,0.0143268890678882,0.0002637031720951,25,0.1,25,22,138,1.0,1.0,1.0,1.0,MonoConv
997,144,114,5,ExtraTree,MMF4,1.8857818954900976,0.0331856508502164,0.0012892467339081,25,0.1,25,22,138,3.0,3.0,3.0,3.0,MonoConv
998,144,114,5,ExtraTree,WBL4,1.900396395032221,0.0334372355802801,0.0013060080977926,25,0.1,25,22,138,4.0,4.0,4.0,4.0,MonoConv
999,144,114,5,ExtraTree,POW4,1.3642373552837546,0.0241586623696136,0.0007430652586158,25,0.1,25,22,138,2.0,2.0,2.0,2.0,MonoConv
1000,146,4,6,LogisticRegression,LC-PFN,0.4841711837798357,0.0068567693233489,6.344750727294013e-05,25,0.1,25,6,139,3.0,3.0,3.0,3.0,MonoConv
1001,146,4,6,LogisticRegression,MMF4,0.3565529843222736,0.0050643316116728,3.870172893181942e-05,25,0.1,25,6,139,2.0,2.0,2.0,2.0,MonoConv
1002,146,4,6,LogisticRegression,WBL4,0.3493776770951387,0.0049619347066558,3.639268869167467e-05,25,0.1,25,6,139,1.0,1.0,1.0,1.0,MonoConv
1003,146,4,6,LogisticRegression,POW4,0.5307804941969644,0.0075581616050329,8.270734005695515e-05,25,0.1,25,6,139,4.0,4.0,4.0,4.0,MonoConv
1004,148,238,21,ens.RandomForest,LC-PFN,0.4694898147135973,0.0076632192358374,8.15462481114082e-05,25,0.1,25,70,140,1.0,1.0,1.0,1.0,MonoConv
1005,148,238,21,ens.RandomForest,MMF4,5.747209040603233,0.1019212127635461,0.0114520532964137,25,0.1,25,70,140,3.0,3.0,3.0,3.0,MonoConv
1006,148,238,21,ens.RandomForest,WBL4,6.791114782972707,0.1215503611880752,0.0162097923595641,25,0.1,25,70,140,4.0,4.0,4.0,4.0,MonoConv
1007,148,238,21,ens.RandomForest,POW4,3.1851628964877574,0.0558033147341663,0.0038924883426489,25,0.1,25,70,140,2.0,2.0,2.0,2.0,MonoConv
1008,152,43,22,ens.GradientBoosting,LC-PFN,7.684587687253952,0.110171191394329,0.0145251313224434,25,0.1,25,21,146,4.0,4.0,4.0,4.0,MonoConv
1009,152,43,22,ens.GradientBoosting,MMF4,1.8488594853968965,0.0284081620650869,0.0010743835286324,25,0.1,25,21,146,1.0,1.0,1.0,1.0,MonoConv
1010,152,43,22,ens.GradientBoosting,WBL4,3.2003033394656524,0.0491660215821957,0.0036505406288456,25,0.1,25,21,146,2.0,2.0,2.0,2.0,MonoConv
1011,152,43,22,ens.GradientBoosting,POW4,7.5407962820587455,0.1077530264245297,0.0133781702684593,25,0.1,25,21,146,3.0,3.0,3.0,3.0,MonoConv
1012,35,98,6,LogisticRegression,LC-PFN,0.4384936764836311,0.0073682181537151,7.8386023233179e-05,25,0.1,25,43,152,1.0,1.0,1.0,1.0,MonoConv
1013,35,98,6,LogisticRegression,MMF4,1.747884355074096,0.0291120317918709,0.0008911553831458,25,0.1,25,43,152,2.0,2.0,2.0,2.0,MonoConv
1014,35,98,6,LogisticRegression,WBL4,1.864056174550761,0.0310097991917281,0.0010071062414948,25,0.1,25,43,152,3.0,3.0,3.0,3.0,MonoConv
1015,35,98,6,LogisticRegression,POW4,2.469630362882272,0.0436048937402093,0.0029065103721764,25,0.1,25,43,152,4.0,4.0,4.0,4.0,MonoConv
1016,166,88,8,Perceptron,LC-PFN,1.809762790799141,0.0249644462019205,0.000879437488038,25,0.1,25,45,153,4.0,4.0,4.0,4.0,MonoConv
1017,166,88,8,Perceptron,MMF4,0.8226842362247763,0.0111647360933992,0.0001970724999019,25,0.1,25,45,153,1.0,1.0,2.0,1.3333333333333333,MonoConv
1018,166,88,8,Perceptron,WBL4,0.8239966187426166,0.0111824512036556,0.0001985431202529,25,0.1,25,45,153,2.0,2.0,3.0,2.3333333333333335,MonoConv
1019,166,88,8,Perceptron,POW4,0.8272309780345682,0.0112264027842249,0.0001837637358138,25,0.1,25,45,153,3.0,3.0,1.0,2.3333333333333335,MonoConv
1020,164,240,6,LogisticRegression,LC-PFN,1.4852270483970642,0.0198903009295463,0.0005847130087204,25,0.1,25,40,154,4.0,4.0,4.0,4.0,MonoConv
1021,164,240,6,LogisticRegression,MMF4,0.4995295540443286,0.0066101604080408,0.0001058278920038,25,0.1,25,40,154,1.0,1.0,1.0,1.0,MonoConv
1022,164,240,6,LogisticRegression,WBL4,0.521902688985188,0.0069035896638737,0.0001181777442313,25,0.1,25,40,154,2.0,2.0,2.0,2.0,MonoConv
1023,164,240,6,LogisticRegression,POW4,0.7939778369929493,0.0105111547695231,0.000153421633798,25,0.1,25,40,154,3.0,3.0,3.0,3.0,MonoConv
1024,159,181,20,ens.ExtraTrees,LC-PFN,4.171120375394821,0.0443447567522525,0.002152633620426,25,0.1,25,23,155,4.0,4.0,4.0,4.0,MonoConv
1025,159,181,20,ens.ExtraTrees,MMF4,1.6318062516056004,0.0187423590841076,0.0005059024693819,25,0.1,25,23,155,2.0,2.0,2.0,2.0,MonoConv
1026,159,181,20,ens.ExtraTrees,WBL4,2.846820326170363,0.0310144497183667,0.0015204291550421,25,0.1,25,23,155,3.0,3.0,3.0,3.0,MonoConv
1027,159,181,20,ens.ExtraTrees,POW4,1.2071553592068267,0.0134094301599964,0.0002581229785177,25,0.1,25,23,155,1.0,1.0,1.0,1.0,MonoConv
1028,160,75,8,Perceptron,LC-PFN,1.337574329227209,0.0156912580132484,0.0004179299867246,25,0.1,25,21,156,1.0,1.0,1.0,1.0,MonoConv
1029,160,75,8,Perceptron,MMF4,2.692014457752343,0.0322761292430785,0.0015145241000997,25,0.1,25,21,156,3.0,3.0,3.0,3.0,MonoConv
1030,160,75,8,Perceptron,WBL4,2.761874284294764,0.0331597391462972,0.0016080091082456,25,0.1,25,21,156,4.0,4.0,4.0,4.0,MonoConv
1031,160,75,8,Perceptron,POW4,2.133503271052343,0.0253174090432631,0.0009123144342032,25,0.1,25,21,156,2.0,2.0,2.0,2.0,MonoConv
1032,163,235,4,Decision Tree,LC-PFN,0.3875172697007656,0.0074921371415257,9.629657870391384e-05,25,0.1,25,39,157,2.0,2.0,2.0,2.0,MonoConv
1033,163,235,4,Decision Tree,MMF4,1.221736243936859,0.0234009149180111,0.0006273538547385,25,0.1,25,39,157,3.0,3.0,3.0,3.0,MonoConv
1034,163,235,4,Decision Tree,WBL4,1.2526525729330062,0.0239847218212305,0.0006551467945222,25,0.1,25,39,157,4.0,4.0,4.0,4.0,MonoConv
1035,163,235,4,Decision Tree,POW4,0.3453097240743982,0.0067409921044898,5.994447000355589e-05,25,0.1,25,39,157,1.0,1.0,1.0,1.0,MonoConv
1036,162,33,5,ExtraTree,LC-PFN,6.060358136892319,0.0479351319372653,0.0025563470553606,25,0.1,25,25,159,4.0,4.0,4.0,4.0,MonoConv
1037,162,33,5,ExtraTree,MMF4,4.62667286740781,0.0382497800216628,0.0018057446551852,25,0.1,25,25,159,2.0,2.0,2.0,2.0,MonoConv
1038,162,33,5,ExtraTree,WBL4,5.148616714566539,0.0423092341799971,0.002154771448819,25,0.1,25,25,159,3.0,3.0,3.0,3.0,MonoConv
1039,162,33,5,ExtraTree,POW4,2.7127716883987727,0.0229704969457404,0.0007119621125012,25,0.1,25,25,159,1.0,1.0,1.0,1.0,MonoConv
1040,168,129,22,ens.GradientBoosting,LC-PFN,0.7250047288835049,0.0142606906592845,0.0002367945271544,25,0.1,25,36,160,2.0,2.0,2.0,2.0,MonoConv
1041,168,129,22,ens.GradientBoosting,MMF4,0.8232207865150116,0.0161743580779135,0.0002982875410513,25,0.1,25,36,160,4.0,4.0,4.0,4.0,MonoConv
1042,168,129,22,ens.GradientBoosting,WBL4,0.8091566168958276,0.0159005694089605,0.0002898752438447,25,0.1,25,36,160,3.0,3.0,3.0,3.0,MonoConv
1043,168,129,22,ens.GradientBoosting,POW4,0.5914167368239102,0.0116512162886984,0.0001598675259683,25,0.1,25,36,160,1.0,1.0,1.0,1.0,MonoConv
1044,169,222,4,Decision Tree,LC-PFN,2.739597298204899,0.0475629270076751,0.002504889620468,25,0.1,25,39,161,4.0,4.0,4.0,4.0,MonoConv
1045,169,222,4,Decision Tree,MMF4,1.237345844243379,0.0214817959550597,0.000610693867677,25,0.1,25,39,161,3.0,3.0,3.0,3.0,MonoConv
1046,169,222,4,Decision Tree,WBL4,1.1975040935603851,0.0210360919330265,0.0005510754422564,25,0.1,25,39,161,2.0,2.0,2.0,2.0,MonoConv
1047,169,222,4,Decision Tree,POW4,0.9483290119162944,0.0165030660182077,0.0003687418216941,25,0.1,25,39,161,1.0,1.0,1.0,1.0,MonoConv
1048,176,81,6,LogisticRegression,LC-PFN,1.959831453859806,0.020955890417099,0.0005458837840706,25,0.1,25,30,168,4.0,3.0,4.0,3.6666666666666665,MonoConv
1049,176,81,6,LogisticRegression,MMF4,1.9515063165975357,0.0211270526525121,0.0005372454704859,25,0.1,25,30,168,3.0,4.0,3.0,3.3333333333333335,MonoConv
1050,176,81,6,LogisticRegression,WBL4,1.4788763791448567,0.0161006802712205,0.0003231073274698,25,0.1,25,30,168,1.0,1.0,1.0,1.0,MonoConv
1051,176,81,6,LogisticRegression,POW4,1.4788763925957942,0.0161006804150053,0.0003231073320736,25,0.1,25,30,168,2.0,2.0,2.0,2.0,MonoConv
1052,178,130,0,SVC_linear,LC-PFN,2.027573063969612,0.0305756200104951,0.0013020837213844,25,0.1,25,44,170,1.0,1.0,1.0,1.0,MonoConv
1053,178,130,0,SVC_linear,MMF4,6.558051080981881,0.1085117676975071,0.0164794341023004,25,0.1,25,44,170,3.0,3.0,3.0,3.0,MonoConv
1054,178,130,0,SVC_linear,WBL4,11.955742929209162,0.2070889120784062,0.0467764492317999,25,0.1,25,44,170,4.0,4.0,4.0,4.0,MonoConv
1055,178,130,0,SVC_linear,POW4,3.788827435275065,0.0599035199210185,0.0055898145464182,25,0.1,25,44,170,2.0,2.0,2.0,2.0,MonoConv
1056,179,3,5,ExtraTree,LC-PFN,2.4630283936858177,0.0353207737207412,0.0014978952240198,25,0.1,25,29,171,2.0,2.0,2.0,2.0,MonoConv
1057,179,3,5,ExtraTree,MMF4,3.276426542753644,0.0471665471719674,0.0031178107977493,25,0.1,25,29,171,3.0,3.0,3.0,3.0,MonoConv
1058,179,3,5,ExtraTree,WBL4,3.8365264168450106,0.0549482185458283,0.0044260129396076,25,0.1,25,29,171,4.0,4.0,4.0,4.0,MonoConv
1059,179,3,5,ExtraTree,POW4,1.7239365142309913,0.0252520830968436,0.0008878558607643,25,0.1,25,29,171,1.0,1.0,1.0,1.0,MonoConv
1060,186,244,4,Decision Tree,LC-PFN,0.3951447550207376,0.0070032910443842,6.81498131598346e-05,25,0.1,25,40,174,1.0,1.0,1.0,1.0,MonoConv
1061,186,244,4,Decision Tree,MMF4,1.2221530331488295,0.02148610132786,0.0006619931028495,25,0.1,25,40,174,3.0,3.0,3.0,3.0,MonoConv
1062,186,244,4,Decision Tree,WBL4,1.2664410027165018,0.0222508936117325,0.0007022325203088,25,0.1,25,40,174,4.0,4.0,4.0,4.0,MonoConv
1063,186,244,4,Decision Tree,POW4,1.1936699199624974,0.0209939212205352,0.0006393934629157,25,0.1,25,40,174,2.0,2.0,2.0,2.0,MonoConv
1064,196,178,18,KNN,LC-PFN,5.216493085026741,0.045140728354454,0.0022637511137872,25,0.1,25,42,180,4.0,4.0,4.0,4.0,MonoConv
1065,196,178,18,KNN,MMF4,2.878549827569541,0.0298327918922001,0.0012281615905003,25,0.1,25,42,180,2.0,2.0,2.0,2.0,MonoConv
1066,196,178,18,KNN,WBL4,3.2662869794188887,0.0341855037495084,0.0016556325174474,25,0.1,25,42,180,3.0,3.0,3.0,3.0,MonoConv
1067,196,178,18,KNN,POW4,1.0701720611046808,0.0105269042959476,0.0001475992308648,25,0.1,25,42,180,1.0,1.0,1.0,1.0,MonoConv
1068,190,103,21,ens.RandomForest,LC-PFN,0.1176129328086972,0.0022915275767445,7.862976417527534e-06,25,0.1,25,22,182,1.0,1.0,1.0,1.0,MonoConv
1069,190,103,21,ens.RandomForest,MMF4,0.4951429814145141,0.0096070923864779,0.0001017184511234,25,0.1,25,22,182,3.0,3.0,3.0,3.0,MonoConv
1070,190,103,21,ens.RandomForest,WBL4,0.5401648181692014,0.0104754897432528,0.0001196262482483,25,0.1,25,22,182,4.0,4.0,4.0,4.0,MonoConv
1071,190,103,21,ens.RandomForest,POW4,0.1904883905544064,0.0037095803398207,1.8103662316609816e-05,25,0.1,25,22,182,2.0,2.0,2.0,2.0,MonoConv
1072,198,236,4,Decision Tree,LC-PFN,0.966881588101387,0.0167697742581367,0.0003035745467059,25,0.1,25,30,184,1.0,1.0,1.0,1.0,MonoConv
1073,198,236,4,Decision Tree,MMF4,2.183835085350448,0.0375769519014536,0.001715846850386,25,0.1,25,30,184,3.0,2.0,3.0,2.6666666666666665,MonoConv
1074,198,236,4,Decision Tree,WBL4,2.843417137698855,0.0485517509741889,0.0027998903756153,25,0.1,25,30,184,4.0,4.0,4.0,4.0,MonoConv
1075,198,236,4,Decision Tree,POW4,2.1356973868311147,0.0384289205618748,0.0016279267693535,25,0.1,25,30,184,2.0,3.0,2.0,2.3333333333333335,MonoConv
1076,194,237,10,SGDClassifier,LC-PFN,0.5733487196266651,0.0106390416622161,0.0001367770601063,25,0.1,25,14,186,1.0,1.0,1.0,1.0,MonoConv
1077,194,237,10,SGDClassifier,MMF4,1.10069024027062,0.020327706201213,0.0005551312063818,25,0.1,25,14,186,3.0,3.0,3.0,3.0,MonoConv
1078,194,237,10,SGDClassifier,WBL4,1.3356740518287833,0.0245924198252353,0.000783134674847,25,0.1,25,14,186,4.0,4.0,4.0,4.0,MonoConv
1079,194,237,10,SGDClassifier,POW4,0.8891958748077159,0.0164634490168462,0.0003570614374056,25,0.1,25,14,186,2.0,2.0,2.0,2.0,MonoConv
1080,108,252,18,KNN,LC-PFN,31.489798426628116,0.2368277162313461,0.0638286545872688,25,0.1,25,45,192,4.0,4.0,3.0,3.6666666666666665,MonoConv
1081,108,252,18,KNN,MMF4,25.404502902661697,0.2072349651445935,0.0578347594779067,25,0.1,25,45,192,2.0,2.0,2.0,2.0,MonoConv
1082,108,252,18,KNN,WBL4,27.78087440279025,0.2211858730412024,0.0642696965570024,25,0.1,25,45,192,3.0,3.0,4.0,3.3333333333333335,MonoConv
1083,108,252,18,KNN,POW4,6.723343967775473,0.0642423688143312,0.00509306258699,25,0.1,25,45,192,1.0,1.0,1.0,1.0,MonoConv
1084,2,157,20,ens.ExtraTrees,LC-PFN,0.4819993861019611,0.0093276519328355,0.000111021057819,25,0.3,25,26,196,2.0,2.0,2.0,2.0,MonoConv
1085,2,157,20,ens.ExtraTrees,MMF4,0.5534242327160276,0.0106332270909886,0.0001417058511547,25,0.3,25,26,196,3.0,3.0,3.0,3.0,MonoConv
1086,2,157,20,ens.ExtraTrees,WBL4,0.6320488994243881,0.0121321908819247,0.0001778152237299,25,0.3,25,26,196,4.0,4.0,4.0,4.0,MonoConv
1087,2,157,20,ens.ExtraTrees,POW4,0.3055955203558356,0.0059225114359734,3.88032629073367e-05,25,0.3,25,26,196,1.0,1.0,1.0,1.0,MonoConv
1088,1,14,18,KNN,LC-PFN,0.9161006659269332,0.0175966918468475,0.0003999028122052,25,0.3,25,41,197,1.0,1.0,1.0,1.0,MonoConv
1089,1,14,18,KNN,MMF4,1.0156256007032456,0.0195104524875838,0.0005334348332538,25,0.3,25,41,197,2.0,2.0,2.0,2.0,MonoConv
1090,1,14,18,KNN,WBL4,2.659614390079911,0.0499989511811867,0.0030301498944136,25,0.3,25,41,197,3.0,3.0,3.0,3.0,MonoConv
1091,1,14,18,KNN,POW4,3.0172104540189992,0.0553128395347967,0.0034454899047535,25,0.3,25,41,197,4.0,4.0,4.0,4.0,MonoConv
1092,14,2,6,LogisticRegression,LC-PFN,0.525604235008359,0.0091478824615478,0.0001247351465281,25,0.3,25,15,199,3.0,3.0,3.0,3.0,MonoConv
1093,14,2,6,LogisticRegression,MMF4,0.1544741644769311,0.0026719956481373,1.1088666911503825e-05,25,0.3,25,15,199,2.0,2.0,2.0,2.0,MonoConv
1094,14,2,6,LogisticRegression,WBL4,0.1408430547736901,0.0024357354434754,9.188912129963867e-06,25,0.3,25,15,199,1.0,1.0,1.0,1.0,MonoConv
1095,14,2,6,LogisticRegression,POW4,1.0811946575764413,0.0189004742947983,0.0003748431559272,25,0.3,25,15,199,4.0,4.0,4.0,4.0,MonoConv
1096,12,236,7,PassiveAggressive,LC-PFN,1.4063015580177307,0.0178162474185228,0.0004887920222245,25,0.3,25,30,200,1.0,1.0,1.0,1.0,MonoConv
1097,12,236,7,PassiveAggressive,MMF4,1.6211807258883035,0.0204565663281686,0.000637668710344,25,0.3,25,30,200,3.0,3.0,3.0,3.0,MonoConv
1098,12,236,7,PassiveAggressive,WBL4,1.8334239628643592,0.0230987935529772,0.0008189607123926,25,0.3,25,30,200,4.0,4.0,4.0,4.0,MonoConv
1099,12,236,7,PassiveAggressive,POW4,1.5939802476860614,0.0201309059888976,0.000614668614153,25,0.3,25,30,200,2.0,2.0,2.0,2.0,MonoConv
1100,7,77,10,SGDClassifier,LC-PFN,0.9902910329401492,0.0119049716740846,0.0002029149909503,25,0.3,25,21,204,1.0,1.0,1.0,1.0,MonoConv
1101,7,77,10,SGDClassifier,MMF4,1.2932368213249117,0.0156052425779292,0.0003591031911552,25,0.3,25,21,204,3.0,3.0,3.0,3.0,MonoConv
1102,7,77,10,SGDClassifier,WBL4,8.505990008420032,0.1128934474003261,0.0146506444355915,25,0.3,25,21,204,4.0,4.0,4.0,4.0,MonoConv
1103,7,77,10,SGDClassifier,POW4,1.1654906963213565,0.0140264461887341,0.0002975085090892,25,0.3,25,21,204,2.0,2.0,2.0,2.0,MonoConv
1104,0,260,5,ExtraTree,LC-PFN,1.0164504870772362,0.0128672244027256,0.0001992378965951,27,0.3,27,64,205,2.0,2.0,2.0,2.0,MonoConv
1105,0,260,5,ExtraTree,MMF4,0.3321996876451078,0.0041364489812234,3.101117716998758e-05,27,0.3,27,64,205,1.0,1.0,1.0,1.0,MonoConv
1106,0,260,5,ExtraTree,WBL4,1.2139215734053646,0.0153124520235941,0.0002636169367078,27,0.3,27,64,205,4.0,4.0,4.0,4.0,MonoConv
1107,0,260,5,ExtraTree,POW4,1.2139215528411726,0.0153124517606063,0.0002636169286414,27,0.3,27,64,205,3.0,3.0,3.0,3.0,MonoConv
1108,10,162,22,ens.GradientBoosting,LC-PFN,0.9476890787482262,0.0186652336269617,0.0003517563454806,25,0.3,25,26,207,4.0,4.0,4.0,4.0,MonoConv
1109,10,162,22,ens.GradientBoosting,MMF4,0.4780649508485956,0.0094607635860004,9.297430840374135e-05,25,0.3,25,26,207,3.0,3.0,3.0,3.0,MonoConv
1110,10,162,22,ens.GradientBoosting,WBL4,0.4312389324280385,0.0085382825559562,7.668182280283375e-05,25,0.3,25,26,207,2.0,2.0,2.0,2.0,MonoConv
1111,10,162,22,ens.GradientBoosting,POW4,0.0909543635771693,0.0018049947567641,5.613104653198543e-06,25,0.3,25,26,207,1.0,1.0,1.0,1.0,MonoConv
1112,18,48,7,PassiveAggressive,LC-PFN,1.6568122431635857,0.0259594675153493,0.0009368637693114,30,0.3,30,70,210,4.0,4.0,4.0,4.0,MonoConv
1113,18,48,7,PassiveAggressive,MMF4,0.9719394723286564,0.0150214769253626,0.0003388494431456,30,0.3,30,70,210,2.0,2.0,2.0,2.0,MonoConv
1114,18,48,7,PassiveAggressive,WBL4,0.7641188844424414,0.0117549129893191,0.0002172053332867,30,0.3,30,70,210,1.0,1.0,1.0,1.0,MonoConv
1115,18,48,7,PassiveAggressive,POW4,0.9798441173342136,0.0151450529054562,0.0003436278076506,30,0.3,30,70,210,3.0,3.0,3.0,3.0,MonoConv
1116,19,60,6,LogisticRegression,LC-PFN,1.244998164474964,0.0245937705039978,0.0006048546638339,25,0.3,25,2,213,4.0,4.0,4.0,4.0,MonoConv
1117,19,60,6,LogisticRegression,MMF4,0.0432674222155429,0.0008649717236886,7.531111203842168e-07,25,0.3,25,2,213,2.0,2.0,2.0,2.0,MonoConv
1118,19,60,6,LogisticRegression,WBL4,0.0398095362224604,0.0007958733837665,6.344279952326569e-07,25,0.3,25,2,213,1.0,1.0,1.0,1.0,MonoConv
1119,19,60,6,LogisticRegression,POW4,0.6306218298270719,0.0125333982511505,0.0001570860717219,25,0.3,25,2,213,3.0,3.0,3.0,3.0,MonoConv
1120,21,128,8,Perceptron,LC-PFN,0.4945109132677316,0.0097004687413573,0.0001064508178387,25,0.3,25,29,216,3.0,3.0,3.0,3.0,MonoConv
1121,21,128,8,Perceptron,MMF4,0.2768717590181584,0.0054444541523982,3.578102914323593e-05,25,0.3,25,29,216,1.0,1.0,1.0,1.0,MonoConv
1122,21,128,8,Perceptron,WBL4,0.2818260205272939,0.0055415770636395,3.695558971390382e-05,25,0.3,25,29,216,2.0,2.0,2.0,2.0,MonoConv
1123,21,128,8,Perceptron,POW4,0.5020204205933126,0.0098469733113086,0.0001102954318832,25,0.3,25,29,216,4.0,4.0,4.0,4.0,MonoConv
1124,29,193,7,PassiveAggressive,LC-PFN,12.907396256923676,0.0297118164598941,0.0008916456135921,33,0.3,33,79,218,4.0,4.0,4.0,4.0,MonoConv
1125,29,193,7,PassiveAggressive,MMF4,0.3261299468310851,0.0006525253192693,6.443989420716412e-07,33,0.3,33,79,218,3.0,3.0,3.0,3.0,MonoConv
1126,29,193,7,PassiveAggressive,WBL4,0.258297993827608,0.0005172904569003,4.309215050117348e-07,33,0.3,33,79,218,2.0,2.0,2.0,2.0,MonoConv
1127,29,193,7,PassiveAggressive,POW4,0.2582979146293785,0.0005172902979566,4.309212822426491e-07,33,0.3,33,79,218,1.0,1.0,1.0,1.0,MonoConv
1128,28,103,7,PassiveAggressive,LC-PFN,0.6923911161720753,0.0128989657387137,0.0002742982469499,25,0.3,25,22,219,1.0,1.0,1.0,1.0,MonoConv
1129,28,103,7,PassiveAggressive,MMF4,2.3555069795487174,0.0433902458262157,0.0020251844509726,25,0.3,25,22,219,3.0,3.0,3.0,3.0,MonoConv
1130,28,103,7,PassiveAggressive,WBL4,3.0323208466283136,0.0554750986936378,0.0032903576840732,25,0.3,25,22,219,4.0,4.0,4.0,4.0,MonoConv
1131,28,103,7,PassiveAggressive,POW4,0.9102808696656756,0.0168693660538148,0.0004633106449657,25,0.3,25,22,219,2.0,2.0,2.0,2.0,MonoConv
1132,26,194,6,LogisticRegression,LC-PFN,16.416068375110626,0.0678718388080596,0.0047257728874683,31,0.3,31,74,221,4.0,4.0,4.0,4.0,MonoConv
1133,26,194,6,LogisticRegression,MMF4,1.1468342572357657,0.0054730920696343,3.922643231095536e-05,31,0.3,31,74,221,1.0,1.0,1.0,1.0,MonoConv
1134,26,194,6,LogisticRegression,WBL4,1.428840844540488,0.007072958350449,6.737798230172129e-05,31,0.3,31,74,221,2.0,2.0,3.0,2.3333333333333335,MonoConv
1135,26,194,6,LogisticRegression,POW4,1.5351284710382882,0.0073346800237333,6.163107342913496e-05,31,0.3,31,74,221,3.0,3.0,2.0,2.6666666666666665,MonoConv
1136,44,243,22,ens.GradientBoosting,LC-PFN,0.7786025293171406,0.0113679943606257,0.0001601727708475,25,0.3,25,41,228,1.0,1.0,1.0,1.0,MonoConv
1137,44,243,22,ens.GradientBoosting,MMF4,8.843907426078555,0.1442805260666248,0.0256363853869037,25,0.3,25,41,228,3.0,3.0,3.0,3.0,MonoConv
1138,44,243,22,ens.GradientBoosting,WBL4,10.467198090150664,0.1745361513123074,0.0375029054558443,25,0.3,25,41,228,4.0,4.0,4.0,4.0,MonoConv
1139,44,243,22,ens.GradientBoosting,POW4,4.756038354006418,0.0740860629201339,0.0072585590576668,25,0.3,25,41,228,2.0,2.0,2.0,2.0,MonoConv
1140,39,47,18,KNN,LC-PFN,1.1067895218729973,0.0123505778610706,0.000240110894083,38,0.3,38,90,230,2.0,2.0,2.0,2.0,MonoConv
1141,39,47,18,KNN,MMF4,1.261789650785827,0.0149006687442656,0.0003119852658934,38,0.3,38,90,230,3.0,3.0,3.0,3.0,MonoConv
1142,39,47,18,KNN,WBL4,1.4138386968193082,0.0167772650057387,0.0004121197371839,38,0.3,38,90,230,4.0,4.0,4.0,4.0,MonoConv
1143,39,47,18,KNN,POW4,0.4735012089228414,0.0055282019983353,6.794744574087191e-05,38,0.3,38,90,230,1.0,1.0,1.0,1.0,MonoConv
1144,42,127,5,ExtraTree,LC-PFN,0.5419188179075718,0.0102237835526466,0.0001162155967904,25,0.3,25,43,231,1.0,1.0,1.0,1.0,MonoConv
1145,42,127,5,ExtraTree,MMF4,1.5989441739480568,0.0296085233717776,0.0009486435810557,25,0.3,25,43,231,3.0,3.0,3.0,3.0,MonoConv
1146,42,127,5,ExtraTree,WBL4,1.8060547193923613,0.0333704931525503,0.0011947955901551,25,0.3,25,43,231,4.0,4.0,4.0,4.0,MonoConv
1147,42,127,5,ExtraTree,POW4,0.6885002802568317,0.0128799419600325,0.0001973343342467,25,0.3,25,43,231,2.0,2.0,2.0,2.0,MonoConv
1148,45,251,10,SGDClassifier,LC-PFN,3.7532977759838095,0.059341050684452,0.0042756828479468,25,0.3,25,47,234,2.0,2.0,2.0,2.0,MonoConv
1149,45,251,10,SGDClassifier,MMF4,6.914260360779909,0.1059759981745691,0.0146569216581606,25,0.3,25,47,234,3.0,3.0,3.0,3.0,MonoConv
1150,45,251,10,SGDClassifier,WBL4,8.493825558365067,0.1278170126215248,0.0208091939994042,25,0.3,25,47,234,4.0,4.0,4.0,4.0,MonoConv
1151,45,251,10,SGDClassifier,POW4,2.2580927803134525,0.036778193159883,0.0019654606578259,25,0.3,25,47,234,1.0,1.0,1.0,1.0,MonoConv
1152,47,141,8,Perceptron,LC-PFN,2.6338959112763405,0.0312390867620706,0.0018306040437892,25,0.3,25,48,236,1.0,1.0,1.0,1.0,MonoConv
1153,47,141,8,Perceptron,MMF4,3.020507143034701,0.035625126598313,0.0021312333165866,25,0.3,25,48,236,3.0,3.0,3.0,3.0,MonoConv
1154,47,141,8,Perceptron,WBL4,3.0334488929129013,0.0357767538723661,0.002141776764054,25,0.3,25,48,236,4.0,4.0,4.0,4.0,MonoConv
1155,47,141,8,Perceptron,POW4,2.8170221116051497,0.0332221172122894,0.0019650998916779,25,0.3,25,48,236,2.0,2.0,2.0,2.0,MonoConv
1156,46,10,6,LogisticRegression,LC-PFN,1.6652211546897888,0.0257227625697851,0.0007697257678955,25,0.3,25,29,237,2.0,2.0,2.0,2.0,MonoConv
1157,46,10,6,LogisticRegression,MMF4,4.574275372589878,0.0684515137538505,0.0055421621595703,25,0.3,25,29,237,3.0,3.0,3.0,3.0,MonoConv
1158,46,10,6,LogisticRegression,WBL4,5.068850675689675,0.0754384060807458,0.0067076711348408,25,0.3,25,29,237,4.0,4.0,4.0,4.0,MonoConv
1159,46,10,6,LogisticRegression,POW4,1.4959765031028447,0.0233011094970244,0.0007616425883059,25,0.3,25,29,237,1.0,1.0,1.0,1.0,MonoConv
1160,54,227,6,LogisticRegression,LC-PFN,17.78000444173813,0.0965621545910835,0.010312158614397,27,0.3,27,66,244,4.0,4.0,4.0,4.0,MonoConv
1161,54,227,6,LogisticRegression,MMF4,10.908418781777398,0.0671960047815005,0.0078297901446695,27,0.3,27,66,244,2.0,2.0,2.0,2.0,MonoConv
1162,54,227,6,LogisticRegression,WBL4,12.90138765325581,0.0772120127512591,0.0096774966202908,27,0.3,27,66,244,3.0,3.0,3.0,3.0,MonoConv
1163,54,227,6,LogisticRegression,POW4,6.473954173644704,0.0417850180606862,0.0026494671119345,27,0.3,27,66,244,1.0,1.0,1.0,1.0,MonoConv
1164,61,135,18,KNN,LC-PFN,0.877444539219141,0.0168521292507648,0.0003311926848255,25,0.3,25,52,248,3.0,3.0,3.0,3.0,MonoConv
1165,61,135,18,KNN,MMF4,1.1193144440626623,0.0217934104571258,0.0006582880693699,25,0.3,25,52,248,4.0,4.0,4.0,4.0,MonoConv
1166,61,135,18,KNN,WBL4,0.3210385781008291,0.0062190515492527,8.369731190507118e-05,25,0.3,25,52,248,2.0,2.0,2.0,2.0,MonoConv
1167,61,135,18,KNN,POW4,0.1106565463723858,0.0021266628111706,7.260336957134593e-06,25,0.3,25,52,248,1.0,1.0,1.0,1.0,MonoConv
1168,60,251,0,SVC_linear,LC-PFN,4.131780192255974,0.0667518749833107,0.0061025563627481,25,0.3,25,47,249,1.0,1.0,1.0,1.0,MonoConv
1169,60,251,0,SVC_linear,MMF4,8.055796515343902,0.124139786173307,0.0205381531666902,25,0.3,25,47,249,3.0,3.0,3.0,3.0,MonoConv
1170,60,251,0,SVC_linear,WBL4,8.864481733132498,0.1353108999302883,0.0241564136261248,25,0.3,25,47,249,4.0,4.0,4.0,4.0,MonoConv
1171,60,251,0,SVC_linear,POW4,4.516948033144642,0.0728778737960439,0.0076917935882247,25,0.3,25,47,249,2.0,2.0,2.0,2.0,MonoConv
1172,57,97,6,LogisticRegression,LC-PFN,1.7301229760050774,0.0266680680215358,0.0009260205551981,25,0.3,25,53,250,3.0,3.0,3.0,3.0,MonoConv
1173,57,97,6,LogisticRegression,MMF4,0.1935738842534142,0.0029069940200922,1.1617266173324212e-05,25,0.3,25,53,250,1.0,1.0,1.0,1.0,MonoConv
1174,57,97,6,LogisticRegression,WBL4,0.7440740212217682,0.0111112840282636,0.0001410995107664,25,0.3,25,53,250,2.0,2.0,2.0,2.0,MonoConv
1175,57,97,6,LogisticRegression,POW4,4.318852344352742,0.0685385775636944,0.0055795166643215,25,0.3,25,53,250,4.0,4.0,4.0,4.0,MonoConv
1176,63,183,6,LogisticRegression,LC-PFN,7.57511779665947,0.0610252246260643,0.0044527985155582,31,0.3,31,75,251,4.0,4.0,4.0,4.0,MonoConv
1177,63,183,6,LogisticRegression,MMF4,3.273086088922476,0.024574623524804,0.000671552459108,31,0.3,31,75,251,1.0,1.0,1.0,1.0,MonoConv
1178,63,183,6,LogisticRegression,WBL4,5.276285415152704,0.0387873931388553,0.0016529290441354,31,0.3,31,75,251,2.0,2.0,2.0,2.0,MonoConv
1179,63,183,6,LogisticRegression,POW4,6.0953395269632376,0.0513236568836056,0.0032203551899304,31,0.3,31,75,251,3.0,3.0,3.0,3.0,MonoConv
1180,62,39,6,LogisticRegression,LC-PFN,1.9352763891220093,0.0228540245443582,0.0007924934034235,30,0.3,30,73,252,1.0,1.0,1.0,1.0,MonoConv
1181,62,39,6,LogisticRegression,MMF4,2.2909087803880004,0.02712109178307,0.0009138274063109,30,0.3,30,73,252,3.0,3.0,3.0,3.0,MonoConv
1182,62,39,6,LogisticRegression,WBL4,2.2878663334243803,0.0270837970381172,0.0008683241677863,30,0.3,30,73,252,2.0,2.0,2.0,2.0,MonoConv
1183,62,39,6,LogisticRegression,POW4,5.383293343381065,0.0680945889042434,0.0052027410423659,30,0.3,30,73,252,4.0,4.0,4.0,4.0,MonoConv
1184,58,221,0,SVC_linear,LC-PFN,0.172556156758219,0.0025644546840339,1.051797971740598e-05,25,0.3,25,22,253,1.0,1.0,1.0,1.0,MonoConv
1185,58,221,0,SVC_linear,MMF4,1.1117438110208029,0.0163238381683299,0.0003238624982935,25,0.3,25,22,253,3.0,3.0,3.0,3.0,MonoConv
1186,58,221,0,SVC_linear,WBL4,1.2392804548737302,0.0181689482506168,0.0004007623234217,25,0.3,25,22,253,4.0,4.0,4.0,4.0,MonoConv
1187,58,221,0,SVC_linear,POW4,0.4491463607388842,0.0066551778916022,6.469275351787335e-05,25,0.3,25,22,253,2.0,2.0,2.0,2.0,MonoConv
1188,56,235,0,SVC_linear,LC-PFN,4.579704254865646,0.0832311064004898,0.008088051341474,25,0.3,25,39,254,3.0,3.0,3.0,3.0,MonoConv
1189,56,235,0,SVC_linear,MMF4,2.509238233155993,0.0443297573911744,0.0029523453693683,25,0.3,25,39,254,2.0,2.0,2.0,2.0,MonoConv
1190,56,235,0,SVC_linear,WBL4,2.4068654903254663,0.0424537678318382,0.0027489229880307,25,0.3,25,39,254,1.0,1.0,1.0,1.0,MonoConv
1191,56,235,0,SVC_linear,POW4,4.882522261841848,0.089249842354889,0.009310099906798,25,0.3,25,39,254,4.0,4.0,4.0,4.0,MonoConv
1192,65,68,8,Perceptron,LC-PFN,1.1714466847479343,0.0189764648675918,0.0005270641413517,25,0.3,25,52,255,1.0,1.0,1.0,1.0,MonoConv
1193,65,68,8,Perceptron,MMF4,2.849383800829977,0.0453970235210752,0.0027401376048689,25,0.3,25,52,255,3.0,3.0,3.0,3.0,MonoConv
1194,65,68,8,Perceptron,WBL4,3.3808204359472,0.0535128057434576,0.0036530512898959,25,0.3,25,52,255,4.0,4.0,4.0,4.0,MonoConv
1195,65,68,8,Perceptron,POW4,2.137509521589197,0.0354991557115412,0.0017154726201882,25,0.3,25,52,255,2.0,2.0,2.0,2.0,MonoConv
1196,66,96,4,Decision Tree,LC-PFN,2.2896796464920044,0.0347172319889068,0.0014655897393822,25,0.3,25,21,256,2.0,2.0,2.0,2.0,MonoConv
1197,66,96,4,Decision Tree,MMF4,2.764356829968377,0.0417826623561225,0.0024268725186561,25,0.3,25,21,256,3.0,3.0,3.0,3.0,MonoConv
1198,66,96,4,Decision Tree,WBL4,3.4019342850454533,0.0509931358682176,0.0034862614453676,25,0.3,25,21,256,4.0,4.0,4.0,4.0,MonoConv
1199,66,96,4,Decision Tree,POW4,1.5407500542595889,0.0236720460405508,0.0008135755942187,25,0.3,25,21,256,1.0,1.0,1.0,1.0,MonoConv
1200,64,72,8,Perceptron,LC-PFN,1.7841193825006485,0.0192292127758264,0.0006000907160341,25,0.3,25,51,257,1.0,1.0,1.0,1.0,MonoConv
1201,64,72,8,Perceptron,MMF4,1.931334797336286,0.0210598063446208,0.0008220070353108,25,0.3,25,51,257,2.0,2.0,2.0,2.0,MonoConv
1202,64,72,8,Perceptron,WBL4,2.207241797047259,0.0239933357936963,0.0014138039895605,25,0.3,25,51,257,3.0,3.0,4.0,3.3333333333333335,MonoConv
1203,64,72,8,Perceptron,POW4,2.3018813034709407,0.0252216445030789,0.0008920844247391,25,0.3,25,51,257,4.0,4.0,3.0,3.6666666666666665,MonoConv
1204,70,134,0,SVC_linear,LC-PFN,1.7156504094600675,0.0308589525520801,0.0016299843555316,25,0.3,25,40,261,4.0,4.0,4.0,4.0,MonoConv
1205,70,134,0,SVC_linear,MMF4,1.670169108499014,0.0297198654004217,0.0011846335563633,25,0.3,25,40,261,3.0,3.0,3.0,3.0,MonoConv
1206,70,134,0,SVC_linear,WBL4,1.406188190788205,0.0250286004053194,0.0010081141662708,25,0.3,25,40,261,1.0,1.0,1.0,1.0,MonoConv
1207,70,134,0,SVC_linear,POW4,1.4061881939660177,0.0250286004620835,0.0010081141672944,25,0.3,25,40,261,2.0,2.0,2.0,2.0,MonoConv
1208,73,168,8,Perceptron,LC-PFN,1.2401885353028774,0.0244999174028635,0.0006002628360874,38,0.3,38,90,263,4.0,4.0,4.0,4.0,MonoConv
1209,73,168,8,Perceptron,MMF4,1.6866018353966747e-05,3.373196928113664e-07,1.3485323649430085e-12,38,0.3,38,90,263,2.0,2.0,2.0,2.0,MonoConv
1210,73,168,8,Perceptron,WBL4,3.4228360886376065e-11,6.84567217727287e-13,4.686322768057783e-25,38,0.3,38,90,263,1.0,1.0,1.0,1.0,MonoConv
1211,73,168,8,Perceptron,POW4,0.4187144761499935,0.0083393713678627,6.95451148111438e-05,38,0.3,38,90,263,3.0,3.0,3.0,3.0,MonoConv
1212,69,203,7,PassiveAggressive,LC-PFN,1.0952822864055634,0.0147767774760723,0.0002567247720435,25,0.3,25,36,264,1.0,1.0,1.0,1.0,MonoConv
1213,69,203,7,PassiveAggressive,MMF4,2.9262209127915906,0.0393537969247719,0.0017296264289529,25,0.3,25,36,264,3.0,3.0,3.0,3.0,MonoConv
1214,69,203,7,PassiveAggressive,WBL4,3.3546953798999475,0.0449135422057778,0.0022749874898771,25,0.3,25,36,264,4.0,4.0,4.0,4.0,MonoConv
1215,69,203,7,PassiveAggressive,POW4,2.816992242800628,0.0379276152527797,0.0016024031523632,25,0.3,25,36,264,2.0,2.0,2.0,2.0,MonoConv
1216,75,89,7,PassiveAggressive,LC-PFN,1.3579386286437511,0.0208181831985712,0.0007412593113258,25,0.3,25,47,265,1.0,1.0,2.0,1.3333333333333333,MonoConv
1217,75,89,7,PassiveAggressive,MMF4,2.1557603153960523,0.032404386297932,0.0013756511693301,25,0.3,25,47,265,4.0,4.0,4.0,4.0,MonoConv
1218,75,89,7,PassiveAggressive,WBL4,2.010336673369519,0.0302748315633821,0.0012296241589827,25,0.3,25,47,265,3.0,3.0,3.0,3.0,MonoConv
1219,75,89,7,PassiveAggressive,POW4,1.520841208440247,0.0231180800145267,0.0006913450847854,25,0.3,25,47,265,2.0,2.0,1.0,1.6666666666666667,MonoConv
1220,72,81,8,Perceptron,LC-PFN,1.876595802605152,0.0187495611608028,0.0004866142699029,25,0.3,25,30,266,4.0,4.0,4.0,4.0,MonoConv
1221,72,81,8,Perceptron,MMF4,1.0408043785686614,0.0105458794934676,0.0001670178697098,25,0.3,25,30,266,3.0,3.0,3.0,3.0,MonoConv
1222,72,81,8,Perceptron,WBL4,0.8421361484867049,0.0085564625853063,0.0001204003776259,25,0.3,25,30,266,2.0,2.0,2.0,2.0,MonoConv
1223,72,81,8,Perceptron,POW4,0.8421361484515786,0.0085564625849466,0.0001204003776185,25,0.3,25,30,266,1.0,1.0,1.0,1.0,MonoConv
1224,74,133,21,ens.RandomForest,LC-PFN,1.1669761501252651,0.0220989845693111,0.0007171531906351,25,0.3,25,29,267,3.0,3.0,3.0,3.0,MonoConv
1225,74,133,21,ens.RandomForest,MMF4,0.293454218421059,0.0055313441389126,4.103560293287033e-05,25,0.3,25,29,267,1.0,1.0,1.0,1.0,MonoConv
1226,74,133,21,ens.RandomForest,WBL4,0.6921043085131467,0.0134681475419997,0.0002798394109968,25,0.3,25,29,267,2.0,2.0,2.0,2.0,MonoConv
1227,74,133,21,ens.RandomForest,POW4,1.42745353014486,0.0269012159642187,0.0009072155580679,25,0.3,25,29,267,4.0,4.0,4.0,4.0,MonoConv
1228,78,141,6,LogisticRegression,LC-PFN,1.1106799356639383,0.0179456770420074,0.0004931011353619,25,0.3,25,48,268,2.0,2.0,2.0,2.0,MonoConv
1229,78,141,6,LogisticRegression,MMF4,1.2133247756949768,0.0196116692113948,0.0005354066514036,25,0.3,25,48,268,3.0,3.0,3.0,3.0,MonoConv
1230,78,141,6,LogisticRegression,WBL4,0.8007532196154848,0.0128614164953663,0.0002279002050384,25,0.3,25,48,268,1.0,1.0,1.0,1.0,MonoConv
1231,78,141,6,LogisticRegression,POW4,1.2525394764739408,0.0202587746391739,0.000573810407953,25,0.3,25,48,268,4.0,4.0,4.0,4.0,MonoConv
1232,77,221,4,Decision Tree,LC-PFN,0.3136274870485067,0.0045070243068039,3.3673193684080616e-05,25,0.3,25,22,270,2.0,2.0,2.0,2.0,MonoConv
1233,77,221,4,Decision Tree,MMF4,0.6745993502746837,0.0097034629770915,0.0001286811709188,25,0.3,25,22,270,3.0,3.0,3.0,3.0,MonoConv
1234,77,221,4,Decision Tree,WBL4,0.8288030361245778,0.0118972194237492,0.0001832855582948,25,0.3,25,22,270,4.0,4.0,4.0,4.0,MonoConv
1235,77,221,4,Decision Tree,POW4,0.2791486052303812,0.0040316216838576,2.12733154039011e-05,25,0.3,25,22,270,1.0,1.0,1.0,1.0,MonoConv
1236,84,200,10,SGDClassifier,LC-PFN,3.2313991338014603,0.0435817018151283,0.0029105637222528,27,0.3,27,64,274,4.0,4.0,4.0,4.0,MonoConv
1237,84,200,10,SGDClassifier,MMF4,2.438789063074442,0.0329575462170349,0.0019434689209078,27,0.3,27,64,274,2.0,2.0,2.0,2.0,MonoConv
1238,84,200,10,SGDClassifier,WBL4,2.3983315395684115,0.0324060835744237,0.0019339976422934,27,0.3,27,64,274,1.0,1.0,1.0,1.0,MonoConv
1239,84,200,10,SGDClassifier,POW4,2.6256172698108684,0.0355298062358055,0.0021043514745781,27,0.3,27,64,274,3.0,3.0,3.0,3.0,MonoConv
1240,93,240,21,ens.RandomForest,LC-PFN,0.4958025179803371,0.0069055957719683,5.659392991219647e-05,25,0.3,25,40,275,1.0,1.0,1.0,1.0,MonoConv
1241,93,240,21,ens.RandomForest,MMF4,1.843309428816624,0.0254203131022346,0.0007881803811654,25,0.3,25,40,275,3.0,3.0,3.0,3.0,MonoConv
1242,93,240,21,ens.RandomForest,WBL4,2.100928319609717,0.0288847975552411,0.0010125897952675,25,0.3,25,40,275,4.0,4.0,4.0,4.0,MonoConv
1243,93,240,21,ens.RandomForest,POW4,1.2167276282404045,0.0169119897397862,0.0003648152884502,25,0.3,25,40,275,2.0,2.0,2.0,2.0,MonoConv
1244,91,104,10,SGDClassifier,LC-PFN,0.4158095456659794,0.0067803775891661,6.438625860027969e-05,26,0.3,26,63,276,1.0,1.0,1.0,1.0,MonoConv
1245,91,104,10,SGDClassifier,MMF4,1.4295564633291418,0.0237655336860045,0.0006204125020439,26,0.3,26,63,276,3.0,3.0,3.0,3.0,MonoConv
1246,91,104,10,SGDClassifier,WBL4,0.5654935291746208,0.0091992226404271,0.0001500623467486,26,0.3,26,63,276,2.0,2.0,2.0,2.0,MonoConv
1247,91,104,10,SGDClassifier,POW4,1.913136603267899,0.0320758543152067,0.0011562917610682,26,0.3,26,63,276,4.0,4.0,4.0,4.0,MonoConv
1248,87,52,8,Perceptron,LC-PFN,2.330307289958,0.0364888943731784,0.0015182101633399,25,0.3,25,25,277,2.0,2.0,2.0,2.0,MonoConv
1249,87,52,8,Perceptron,MMF4,2.983382758865914,0.0466549430051754,0.0028409808072315,25,0.3,25,25,277,3.0,3.0,3.0,3.0,MonoConv
1250,87,52,8,Perceptron,WBL4,4.324292193110833,0.0665162686664591,0.0056928669707142,25,0.3,25,25,277,4.0,4.0,4.0,4.0,MonoConv
1251,87,52,8,Perceptron,POW4,0.6624059360217963,0.0107932282998984,0.0001773943271225,25,0.3,25,25,277,1.0,1.0,1.0,1.0,MonoConv
1252,94,214,20,ens.ExtraTrees,LC-PFN,1.0585276409983635,0.0201369747519493,0.0005119802081026,25,0.3,25,40,278,1.0,1.0,1.0,1.0,MonoConv
1253,94,214,20,ens.ExtraTrees,MMF4,3.120858187203721,0.0579065946412139,0.0039012687618901,25,0.3,25,40,278,3.0,3.0,3.0,3.0,MonoConv
1254,94,214,20,ens.ExtraTrees,WBL4,4.1944429343054725,0.0769081213013674,0.0067213405598959,25,0.3,25,40,278,4.0,4.0,4.0,4.0,MonoConv
1255,94,214,20,ens.ExtraTrees,POW4,1.5220816398234334,0.0281015998286607,0.0008854713932606,25,0.3,25,40,278,2.0,2.0,2.0,2.0,MonoConv
1256,83,138,18,KNN,LC-PFN,2.583891898393631,0.0458286814391613,0.0025505411904305,25,0.3,25,35,280,4.0,4.0,4.0,4.0,MonoConv
1257,83,138,18,KNN,MMF4,1.011195938103291,0.0184035230207904,0.0004997571283176,25,0.3,25,35,280,2.0,2.0,2.0,2.0,MonoConv
1258,83,138,18,KNN,WBL4,1.5510773893821208,0.028052695782295,0.0012460606465711,25,0.3,25,35,280,3.0,3.0,3.0,3.0,MonoConv
1259,83,138,18,KNN,POW4,0.5358095618400588,0.0097872377246109,0.0001311751984224,25,0.3,25,35,280,1.0,1.0,1.0,1.0,MonoConv
1260,88,162,21,ens.RandomForest,LC-PFN,0.9534155949950218,0.0187814459204673,0.0003572028363123,25,0.3,25,26,281,3.0,3.0,3.0,3.0,MonoConv
1261,88,162,21,ens.RandomForest,MMF4,0.3110772413456303,0.0061689181907565,4.24474393887444e-05,25,0.3,25,26,281,1.0,1.0,1.0,1.0,MonoConv
1262,88,162,21,ens.RandomForest,WBL4,0.4135207712899449,0.0081912660591586,7.22522359670078e-05,25,0.3,25,26,281,2.0,2.0,2.0,2.0,MonoConv
1263,88,162,21,ens.RandomForest,POW4,1.2976458610963832,0.0254747116209956,0.0006541164344946,25,0.3,25,26,281,4.0,4.0,4.0,4.0,MonoConv
1264,89,74,5,ExtraTree,LC-PFN,0.4975853487849235,0.0071194875054061,7.053498848108575e-05,25,0.3,25,34,285,1.0,1.0,1.0,1.0,MonoConv
1265,89,74,5,ExtraTree,MMF4,2.151815470331692,0.0302391880208326,0.0012555791561341,25,0.3,25,34,285,4.0,4.0,4.0,4.0,MonoConv
1266,89,74,5,ExtraTree,WBL4,1.953354916127194,0.0275249372509617,0.00106850339438,25,0.3,25,34,285,3.0,3.0,3.0,3.0,MonoConv
1267,89,74,5,ExtraTree,POW4,1.9061900820387,0.0268767230252253,0.0010128751910252,25,0.3,25,34,285,2.0,2.0,2.0,2.0,MonoConv
1268,96,224,21,ens.RandomForest,LC-PFN,0.8626509457826614,0.0169738344848155,0.0002884389832615,25,0.3,25,40,288,4.0,4.0,4.0,4.0,MonoConv
1269,96,224,21,ens.RandomForest,MMF4,0.2428912549371736,0.0048351761948072,2.7068544069877176e-05,25,0.3,25,40,288,1.0,3.0,3.0,2.3333333333333335,MonoConv
1270,96,224,21,ens.RandomForest,WBL4,0.2434526124670474,0.0048200435760645,2.3742386671104377e-05,25,0.3,25,40,288,2.0,1.0,1.0,1.3333333333333333,MonoConv
1271,96,224,21,ens.RandomForest,POW4,0.2434561800180117,0.0048201140336149,2.374306589299561e-05,25,0.3,25,40,288,3.0,2.0,2.0,2.3333333333333335,MonoConv
1272,100,122,6,LogisticRegression,LC-PFN,0.1279187737964093,0.0024878240656107,1.1284760148555506e-05,25,0.3,25,55,289,1.0,1.0,1.0,1.0,MonoConv
1273,100,122,6,LogisticRegression,MMF4,0.5829676699401252,0.0112918786747024,0.000140091816961,25,0.3,25,55,289,4.0,4.0,4.0,4.0,MonoConv
1274,100,122,6,LogisticRegression,WBL4,0.5512829880340494,0.0106818872605298,0.0001269206502402,25,0.3,25,55,289,3.0,3.0,3.0,3.0,MonoConv
1275,100,122,6,LogisticRegression,POW4,0.2637635098798979,0.0051275631835068,3.035091149404542e-05,25,0.3,25,55,289,2.0,2.0,2.0,2.0,MonoConv
1276,99,146,22,ens.GradientBoosting,LC-PFN,0.8948524482548237,0.0176148954778909,0.000310810864903,25,0.3,25,23,290,4.0,4.0,4.0,4.0,MonoConv
1277,99,146,22,ens.GradientBoosting,MMF4,0.045963615564984,0.000912746456538,1.261446061088455e-06,25,0.3,25,23,290,1.0,1.0,1.0,1.0,MonoConv
1278,99,146,22,ens.GradientBoosting,WBL4,0.0954894482064416,0.0018950020858601,4.277275453516637e-06,25,0.3,25,23,290,2.0,2.0,2.0,2.0,MonoConv
1279,99,146,22,ens.GradientBoosting,POW4,0.3302408818798426,0.006537497735987,4.342511919613826e-05,25,0.3,25,23,290,3.0,3.0,3.0,3.0,MonoConv
1280,103,54,20,ens.ExtraTrees,LC-PFN,1.2506055645644665,0.0204915385693311,0.0004666373715735,25,0.3,25,34,291,2.0,2.0,2.0,2.0,MonoConv
1281,103,54,20,ens.ExtraTrees,MMF4,3.12141196706076,0.0507337115111483,0.0034734214837467,25,0.3,25,34,291,3.0,3.0,3.0,3.0,MonoConv
1282,103,54,20,ens.ExtraTrees,WBL4,5.310644244019514,0.0839705114319982,0.0090829725191401,25,0.3,25,34,291,4.0,4.0,4.0,4.0,MonoConv
1283,103,54,20,ens.ExtraTrees,POW4,0.6681664912131533,0.0107543228361103,0.0001367935874804,25,0.3,25,34,291,1.0,1.0,1.0,1.0,MonoConv
1284,97,87,0,SVC_linear,LC-PFN,0.9617583826184272,0.0125851407647132,0.0001940680667757,25,0.3,25,21,292,1.0,1.0,1.0,1.0,MonoConv
1285,97,87,0,SVC_linear,MMF4,2.168609093108251,0.0289603083529742,0.0011639711516181,25,0.3,25,21,292,3.0,3.0,3.0,3.0,MonoConv
1286,97,87,0,SVC_linear,WBL4,8.111716098581157,0.1205811664442977,0.023460336335147,25,0.3,25,21,292,4.0,4.0,4.0,4.0,MonoConv
1287,97,87,0,SVC_linear,POW4,2.04311730005537,0.0272857399671666,0.0010943690148645,25,0.3,25,21,292,2.0,2.0,2.0,2.0,MonoConv
1288,107,239,4,Decision Tree,LC-PFN,3.138265386223793,0.0464822240173816,0.0026022328529506,27,0.3,27,63,293,1.0,1.0,1.0,1.0,MonoConv
1289,107,239,4,Decision Tree,MMF4,7.792568511115597,0.1096879742427306,0.0145856448226963,27,0.3,27,63,293,3.0,3.0,3.0,3.0,MonoConv
1290,107,239,4,Decision Tree,WBL4,8.005175030218995,0.1124170891531869,0.0152667079665266,27,0.3,27,63,293,4.0,4.0,4.0,4.0,MonoConv
1291,107,239,4,Decision Tree,POW4,3.5166136039615408,0.0521521745707343,0.0036932458888646,27,0.3,27,63,293,2.0,2.0,2.0,2.0,MonoConv
1292,105,158,22,ens.GradientBoosting,LC-PFN,0.3132789162918925,0.0060889101587235,4.814399653696455e-05,25,0.3,25,26,295,2.0,2.0,2.0,2.0,MonoConv
1293,105,158,22,ens.GradientBoosting,MMF4,0.6343169322753117,0.0122650442667535,0.0001867235045364,25,0.3,25,26,295,4.0,4.0,4.0,4.0,MonoConv
1294,105,158,22,ens.GradientBoosting,WBL4,0.6243404863485904,0.0120737512503108,0.0001846490741218,25,0.3,25,26,295,3.0,3.0,3.0,3.0,MonoConv
1295,105,158,22,ens.GradientBoosting,POW4,0.1890334180669371,0.0036776605250905,2.158877986691271e-05,25,0.3,25,26,295,1.0,1.0,1.0,1.0,MonoConv
1296,104,225,8,Perceptron,LC-PFN,0.9159460663795472,0.0176495909690856,0.0003238813369534,25,0.3,25,36,296,4.0,4.0,4.0,4.0,MonoConv
1297,104,225,8,Perceptron,MMF4,0.4401795800861819,0.0083822959754343,8.207299312830438e-05,25,0.3,25,36,296,2.0,2.0,2.0,2.0,MonoConv
1298,104,225,8,Perceptron,WBL4,0.5984875626702482,0.0113766251701766,0.0001479753795694,25,0.3,25,36,296,3.0,3.0,3.0,3.0,MonoConv
1299,104,225,8,Perceptron,POW4,0.1604574491592324,0.0030697773850083,1.283017679088616e-05,25,0.3,25,36,296,1.0,1.0,1.0,1.0,MonoConv
1300,106,8,22,ens.GradientBoosting,LC-PFN,1.0647879913449287,0.0144677041098475,0.0002777936751954,25,0.3,25,29,298,1.0,1.0,1.0,1.0,MonoConv
1301,106,8,22,ens.GradientBoosting,MMF4,3.2769147982065454,0.043957113236715,0.0023157037034823,25,0.3,25,29,298,3.0,3.0,3.0,3.0,MonoConv
1302,106,8,22,ens.GradientBoosting,WBL4,3.770482084215978,0.050293765861861,0.0030247871091221,25,0.3,25,29,298,4.0,4.0,4.0,4.0,MonoConv
1303,106,8,22,ens.GradientBoosting,POW4,1.194260611027703,0.0164293686396072,0.0003600689661689,25,0.3,25,29,298,2.0,2.0,2.0,2.0,MonoConv
1304,112,36,5,ExtraTree,LC-PFN,0.4701529629528522,0.0084504233673214,9.251178562408312e-05,25,0.3,25,24,301,1.0,1.0,1.0,1.0,MonoConv
1305,112,36,5,ExtraTree,MMF4,0.7268285306168811,0.0129558368119547,0.0002334413594333,25,0.3,25,24,301,2.0,2.0,2.0,2.0,MonoConv
1306,112,36,5,ExtraTree,WBL4,0.7613042482257286,0.0135639894577197,0.0002509290813703,25,0.3,25,24,301,3.0,3.0,3.0,3.0,MonoConv
1307,112,36,5,ExtraTree,POW4,1.1436002896591169,0.0208274668218743,0.0005636965217022,25,0.3,25,24,301,4.0,4.0,4.0,4.0,MonoConv
1308,113,186,6,LogisticRegression,LC-PFN,1.0915453545749187,0.0206698048859834,0.000429229112342,25,0.3,25,32,303,4.0,4.0,4.0,4.0,MonoConv
1309,113,186,6,LogisticRegression,MMF4,0.8796574101384905,0.016350063177674,0.000298145295219,25,0.3,25,32,303,2.0,2.0,1.0,1.6666666666666667,MonoConv
1310,113,186,6,LogisticRegression,WBL4,0.994932347833969,0.0184693115348828,0.0003737742435534,25,0.3,25,32,303,3.0,3.0,3.0,3.0,MonoConv
1311,113,186,6,LogisticRegression,POW4,0.797616111272334,0.015191147338455,0.0003732998426826,25,0.3,25,32,303,1.0,1.0,2.0,1.3333333333333333,MonoConv
1312,114,111,20,ens.ExtraTrees,LC-PFN,2.700762450695038,0.0433929860591888,0.002334932796657,25,0.3,25,21,304,4.0,4.0,4.0,4.0,MonoConv
1313,114,111,20,ens.ExtraTrees,MMF4,1.3911194412482593,0.0226075523739613,0.0006279178237114,25,0.3,25,21,304,2.0,2.0,2.0,2.0,MonoConv
1314,114,111,20,ens.ExtraTrees,WBL4,1.2415084641562093,0.0201836983077311,0.0005026354099568,25,0.3,25,21,304,1.0,1.0,1.0,1.0,MonoConv
1315,114,111,20,ens.ExtraTrees,POW4,1.6448911696423894,0.0266847110689648,0.0008689620538347,25,0.3,25,21,304,3.0,3.0,3.0,3.0,MonoConv
1316,117,19,6,LogisticRegression,LC-PFN,0.4925019573420286,0.0089042782783508,8.663677726872265e-05,25,0.3,25,30,307,1.0,1.0,1.0,1.0,MonoConv
1317,117,19,6,LogisticRegression,MMF4,2.3237748950148527,0.0413258650111193,0.0019071947580406,25,0.3,25,30,307,3.0,3.0,3.0,3.0,MonoConv
1318,117,19,6,LogisticRegression,WBL4,2.714251513071672,0.0480668536793967,0.0025421930235354,25,0.3,25,30,307,4.0,4.0,4.0,4.0,MonoConv
1319,117,19,6,LogisticRegression,POW4,1.3246161272055044,0.0246465622683704,0.000779454325187,25,0.3,25,30,307,2.0,2.0,2.0,2.0,MonoConv
1320,120,57,0,SVC_linear,LC-PFN,3.030254691839218,0.0470074266195297,0.0023886046838015,25,0.3,25,26,308,2.0,2.0,2.0,2.0,MonoConv
1321,120,57,0,SVC_linear,MMF4,4.658366097502483,0.0715652885186381,0.0062828637947442,25,0.3,25,26,308,3.0,3.0,3.0,3.0,MonoConv
1322,120,57,0,SVC_linear,WBL4,6.240651169497676,0.0941798964664094,0.010844678186013,25,0.3,25,26,308,4.0,4.0,4.0,4.0,MonoConv
1323,120,57,0,SVC_linear,POW4,0.3438746482201354,0.0052922185747014,3.8418818833005866e-05,25,0.3,25,26,308,1.0,1.0,1.0,1.0,MonoConv
1324,122,22,8,Perceptron,LC-PFN,7.902272045612335,0.0849097073078155,0.0078164935111999,25,0.3,25,38,309,3.0,3.0,3.0,3.0,MonoConv
1325,122,22,8,Perceptron,MMF4,13.4309478741421,0.1367958894841016,0.023458644469461,25,0.3,25,38,309,4.0,4.0,4.0,4.0,MonoConv
1326,122,22,8,Perceptron,WBL4,6.676610892179076,0.073341266191137,0.0070973224875249,25,0.3,25,38,309,1.0,1.0,1.0,1.0,MonoConv
1327,122,22,8,Perceptron,POW4,6.6766108939582045,0.0733412662091159,0.0070973224906733,25,0.3,25,38,309,2.0,2.0,2.0,2.0,MonoConv
1328,123,156,4,Decision Tree,LC-PFN,0.2535370178520679,0.0046265539713203,3.467956412350759e-05,25,0.3,25,26,310,1.0,1.0,1.0,1.0,MonoConv
1329,123,156,4,Decision Tree,MMF4,1.7652333971188892,0.0319417384104651,0.0012074475589261,25,0.3,25,26,310,3.0,3.0,3.0,3.0,MonoConv
1330,123,156,4,Decision Tree,WBL4,1.7872279921600391,0.0323315321412054,0.0012382189178249,25,0.3,25,26,310,4.0,4.0,4.0,4.0,MonoConv
1331,123,156,4,Decision Tree,POW4,0.3172153824872212,0.0058290756558052,4.692967981560671e-05,25,0.3,25,26,310,2.0,2.0,2.0,2.0,MonoConv
1332,124,179,20,ens.ExtraTrees,LC-PFN,2.617149241268635,0.0494930148124694,0.0027494237292557,25,0.3,25,51,311,4.0,4.0,4.0,4.0,MonoConv
1333,124,179,20,ens.ExtraTrees,MMF4,2.086879522386738,0.0396186998924563,0.0017078200977308,25,0.3,25,51,311,2.0,2.0,2.0,2.0,MonoConv
1334,124,179,20,ens.ExtraTrees,WBL4,2.5395697624912854,0.0481077658628765,0.0026661018109283,25,0.3,25,51,311,3.0,3.0,3.0,3.0,MonoConv
1335,124,179,20,ens.ExtraTrees,POW4,1.825594137678616,0.0342127625495797,0.0012504174020703,25,0.3,25,51,311,1.0,1.0,1.0,1.0,MonoConv
1336,127,170,20,ens.ExtraTrees,LC-PFN,0.9351341985166072,0.0150685608386993,0.0002516515960451,25,0.3,25,2,313,4.0,4.0,4.0,4.0,MonoConv
1337,127,170,20,ens.ExtraTrees,MMF4,0.6260999323672576,0.0101260640688455,0.0001401250847404,25,0.3,25,2,313,3.0,3.0,3.0,3.0,MonoConv
1338,127,170,20,ens.ExtraTrees,WBL4,0.3420000558199919,0.0055555555555551,4.026864230261848e-05,25,0.3,25,2,313,2.0,2.0,1.0,1.6666666666666667,MonoConv
1339,127,170,20,ens.ExtraTrees,POW4,0.3420000557148995,0.0055555555538721,4.026865073031343e-05,25,0.3,25,2,313,1.0,1.0,2.0,1.3333333333333333,MonoConv
1340,131,219,6,LogisticRegression,LC-PFN,1.2149586342275145,0.0163861270993948,0.000356005562935,25,0.3,25,34,316,1.0,1.0,1.0,1.0,MonoConv
1341,131,219,6,LogisticRegression,MMF4,4.007714117337328,0.0538903980898929,0.003610697177097,25,0.3,25,34,316,3.0,3.0,3.0,3.0,MonoConv
1342,131,219,6,LogisticRegression,WBL4,6.864795566605853,0.0893209091883528,0.0096835427279838,25,0.3,25,34,316,4.0,4.0,4.0,4.0,MonoConv
1343,131,219,6,LogisticRegression,POW4,2.094322066792078,0.0311472643658834,0.0017886671154995,25,0.3,25,34,316,2.0,2.0,2.0,2.0,MonoConv
1344,128,124,21,ens.RandomForest,LC-PFN,0.3139067441225052,0.0053848195821046,4.4614534999709576e-05,25,0.3,25,39,317,1.0,1.0,1.0,1.0,MonoConv
1345,128,124,21,ens.RandomForest,MMF4,1.1735593033888796,0.0202639134145708,0.000519119729885,25,0.3,25,39,317,2.0,2.0,2.0,2.0,MonoConv
1346,128,124,21,ens.RandomForest,WBL4,2.2716628616398014,0.0387157818534727,0.0017195044600138,25,0.3,25,39,317,3.0,3.0,3.0,3.0,MonoConv
1347,128,124,21,ens.RandomForest,POW4,2.599621140080589,0.0470075175174242,0.0027192771169586,25,0.3,25,39,317,4.0,4.0,4.0,4.0,MonoConv
1348,133,7,7,PassiveAggressive,LC-PFN,0.4867433570325374,0.0088864276185631,9.07282083062455e-05,25,0.3,25,29,323,1.0,1.0,1.0,1.0,MonoConv
1349,133,7,7,PassiveAggressive,MMF4,2.1746966485420787,0.0389926309236942,0.0017896777058298,25,0.3,25,29,323,3.0,3.0,3.0,3.0,MonoConv
1350,133,7,7,PassiveAggressive,WBL4,2.6969843531854587,0.0480709185811766,0.0026878228632076,25,0.3,25,29,323,4.0,4.0,4.0,4.0,MonoConv
1351,133,7,7,PassiveAggressive,POW4,0.695683032043051,0.012946177276234,0.0002295640591742,25,0.3,25,29,323,2.0,2.0,2.0,2.0,MonoConv
1352,137,116,0,SVC_linear,LC-PFN,0.7496349513530731,0.0147543968632817,0.0002521329151932,25,0.3,25,30,324,4.0,4.0,4.0,4.0,MonoConv
1353,137,116,0,SVC_linear,MMF4,0.2324926005465309,0.0045991455703792,3.419650662909689e-05,25,0.3,25,30,324,1.0,1.0,1.0,1.0,MonoConv
1354,137,116,0,SVC_linear,WBL4,0.2431304374284032,0.0048098501309583,3.462366802044178e-05,25,0.3,25,30,324,2.0,2.0,2.0,2.0,MonoConv
1355,137,116,0,SVC_linear,POW4,0.2984491616849891,0.0059154612651853,6.151389418039834e-05,25,0.3,25,30,324,3.0,3.0,3.0,3.0,MonoConv
1356,143,262,22,ens.GradientBoosting,LC-PFN,0.5855136550962925,0.0082680359482765,9.740862878970802e-05,38,0.3,38,90,331,2.0,2.0,2.0,2.0,MonoConv
1357,143,262,22,ens.GradientBoosting,MMF4,0.0941610566327267,0.0012947261022796,2.5789175497747874e-06,38,0.3,38,90,331,1.0,1.0,1.0,1.0,MonoConv
1358,143,262,22,ens.GradientBoosting,WBL4,2.1769478112931395,0.0300249906330759,0.001110946217556,38,0.3,38,90,331,3.0,3.0,3.0,3.0,MonoConv
1359,143,262,22,ens.GradientBoosting,POW4,2.707999254979422,0.0399933453718888,0.0023334582376768,38,0.3,38,90,331,4.0,4.0,4.0,4.0,MonoConv
1360,144,114,5,ExtraTree,LC-PFN,0.8038725703954697,0.0143268890678882,0.0002637031720951,25,0.3,25,22,332,1.0,1.0,1.0,1.0,MonoConv
1361,144,114,5,ExtraTree,MMF4,1.8857818954900976,0.0331856508502164,0.0012892467339081,25,0.3,25,22,332,3.0,3.0,3.0,3.0,MonoConv
1362,144,114,5,ExtraTree,WBL4,1.900396395032221,0.0334372355802801,0.0013060080977926,25,0.3,25,22,332,4.0,4.0,4.0,4.0,MonoConv
1363,144,114,5,ExtraTree,POW4,1.3642373552837546,0.0241586623696136,0.0007430652586158,25,0.3,25,22,332,2.0,2.0,2.0,2.0,MonoConv
1364,146,4,6,LogisticRegression,LC-PFN,0.4841711837798357,0.0068567693233489,6.344750727294013e-05,25,0.3,25,6,333,3.0,3.0,3.0,3.0,MonoConv
1365,146,4,6,LogisticRegression,MMF4,0.3565529843222736,0.0050643316116728,3.870172893181942e-05,25,0.3,25,6,333,2.0,2.0,2.0,2.0,MonoConv
1366,146,4,6,LogisticRegression,WBL4,0.3493776770951387,0.0049619347066558,3.639268869167467e-05,25,0.3,25,6,333,1.0,1.0,1.0,1.0,MonoConv
1367,146,4,6,LogisticRegression,POW4,0.5307804941969644,0.0075581616050329,8.270734005695515e-05,25,0.3,25,6,333,4.0,4.0,4.0,4.0,MonoConv
1368,148,238,21,ens.RandomForest,LC-PFN,0.4553637001663446,0.0076314620673656,9.766332368599252e-05,28,0.3,28,67,335,1.0,1.0,1.0,1.0,MonoConv
1369,148,238,21,ens.RandomForest,MMF4,3.745525204388968,0.064755905987296,0.0044646754966138,28,0.3,28,67,335,4.0,4.0,4.0,4.0,MonoConv
1370,148,238,21,ens.RandomForest,WBL4,2.2993381646273785,0.037840067151422,0.0020789187104336,28,0.3,28,67,335,2.0,2.0,2.0,2.0,MonoConv
1371,148,238,21,ens.RandomForest,POW4,3.348614285615694,0.0587353544574668,0.0041434632159474,28,0.3,28,67,335,3.0,3.0,3.0,3.0,MonoConv
1372,159,181,20,ens.ExtraTrees,LC-PFN,4.171120375394821,0.0443447567522525,0.002152633620426,25,0.3,25,23,339,4.0,4.0,4.0,4.0,MonoConv
1373,159,181,20,ens.ExtraTrees,MMF4,1.6318062516056004,0.0187423590841076,0.0005059024693819,25,0.3,25,23,339,2.0,2.0,2.0,2.0,MonoConv
1374,159,181,20,ens.ExtraTrees,WBL4,2.846820326170363,0.0310144497183667,0.0015204291550421,25,0.3,25,23,339,3.0,3.0,3.0,3.0,MonoConv
1375,159,181,20,ens.ExtraTrees,POW4,1.2071553592068267,0.0134094301599964,0.0002581229785177,25,0.3,25,23,339,1.0,1.0,1.0,1.0,MonoConv
1376,152,43,22,ens.GradientBoosting,LC-PFN,7.684587687253952,0.110171191394329,0.0145251313224434,25,0.3,25,21,340,4.0,4.0,4.0,4.0,MonoConv
1377,152,43,22,ens.GradientBoosting,MMF4,1.8488594853968965,0.0284081620650869,0.0010743835286324,25,0.3,25,21,340,1.0,1.0,1.0,1.0,MonoConv
1378,152,43,22,ens.GradientBoosting,WBL4,3.2003033394656524,0.0491660215821957,0.0036505406288456,25,0.3,25,21,340,2.0,2.0,2.0,2.0,MonoConv
1379,152,43,22,ens.GradientBoosting,POW4,7.5407962820587455,0.1077530264245297,0.0133781702684593,25,0.3,25,21,340,3.0,3.0,3.0,3.0,MonoConv
1380,164,240,6,LogisticRegression,LC-PFN,1.4852270483970642,0.0198903009295463,0.0005847130087204,25,0.3,25,40,348,4.0,4.0,4.0,4.0,MonoConv
1381,164,240,6,LogisticRegression,MMF4,0.4995295540443286,0.0066101604080408,0.0001058278920038,25,0.3,25,40,348,1.0,1.0,1.0,1.0,MonoConv
1382,164,240,6,LogisticRegression,WBL4,0.521902688985188,0.0069035896638737,0.0001181777442313,25,0.3,25,40,348,2.0,2.0,2.0,2.0,MonoConv
1383,164,240,6,LogisticRegression,POW4,0.7939778369929493,0.0105111547695231,0.000153421633798,25,0.3,25,40,348,3.0,3.0,3.0,3.0,MonoConv
1384,168,129,22,ens.GradientBoosting,LC-PFN,0.7250047288835049,0.0142606906592845,0.0002367945271544,25,0.3,25,36,350,2.0,2.0,2.0,2.0,MonoConv
1385,168,129,22,ens.GradientBoosting,MMF4,0.8232207865150116,0.0161743580779135,0.0002982875410513,25,0.3,25,36,350,4.0,4.0,4.0,4.0,MonoConv
1386,168,129,22,ens.GradientBoosting,WBL4,0.8091566168958276,0.0159005694089605,0.0002898752438447,25,0.3,25,36,350,3.0,3.0,3.0,3.0,MonoConv
1387,168,129,22,ens.GradientBoosting,POW4,0.5914167368239102,0.0116512162886984,0.0001598675259683,25,0.3,25,36,350,1.0,1.0,1.0,1.0,MonoConv
1388,162,33,5,ExtraTree,LC-PFN,6.060358136892319,0.0479351319372653,0.0025563470553606,25,0.3,25,25,351,4.0,4.0,4.0,4.0,MonoConv
1389,162,33,5,ExtraTree,MMF4,4.62667286740781,0.0382497800216628,0.0018057446551852,25,0.3,25,25,351,2.0,2.0,2.0,2.0,MonoConv
1390,162,33,5,ExtraTree,WBL4,5.148616714566539,0.0423092341799971,0.002154771448819,25,0.3,25,25,351,3.0,3.0,3.0,3.0,MonoConv
1391,162,33,5,ExtraTree,POW4,2.7127716883987727,0.0229704969457404,0.0007119621125012,25,0.3,25,25,351,1.0,1.0,1.0,1.0,MonoConv
1392,160,75,8,Perceptron,LC-PFN,1.337574329227209,0.0156912580132484,0.0004179299867246,25,0.3,25,21,352,1.0,1.0,1.0,1.0,MonoConv
1393,160,75,8,Perceptron,MMF4,2.692014457752343,0.0322761292430785,0.0015145241000997,25,0.3,25,21,352,3.0,3.0,3.0,3.0,MonoConv
1394,160,75,8,Perceptron,WBL4,2.761874284294764,0.0331597391462972,0.0016080091082456,25,0.3,25,21,352,4.0,4.0,4.0,4.0,MonoConv
1395,160,75,8,Perceptron,POW4,2.133503271052343,0.0253174090432631,0.0009123144342032,25,0.3,25,21,352,2.0,2.0,2.0,2.0,MonoConv
1396,163,235,4,Decision Tree,LC-PFN,0.3875172697007656,0.0074921371415257,9.629657870391384e-05,25,0.3,25,39,353,2.0,2.0,2.0,2.0,MonoConv
1397,163,235,4,Decision Tree,MMF4,1.221736243936859,0.0234009149180111,0.0006273538547385,25,0.3,25,39,353,3.0,3.0,3.0,3.0,MonoConv
1398,163,235,4,Decision Tree,WBL4,1.2526525729330062,0.0239847218212305,0.0006551467945222,25,0.3,25,39,353,4.0,4.0,4.0,4.0,MonoConv
1399,163,235,4,Decision Tree,POW4,0.3453097240743982,0.0067409921044898,5.994447000355589e-05,25,0.3,25,39,353,1.0,1.0,1.0,1.0,MonoConv
1400,169,222,4,Decision Tree,LC-PFN,2.739597298204899,0.0475629270076751,0.002504889620468,25,0.3,25,39,356,4.0,4.0,4.0,4.0,MonoConv
1401,169,222,4,Decision Tree,MMF4,1.237345844243379,0.0214817959550597,0.000610693867677,25,0.3,25,39,356,3.0,3.0,3.0,3.0,MonoConv
1402,169,222,4,Decision Tree,WBL4,1.1975040935603851,0.0210360919330265,0.0005510754422564,25,0.3,25,39,356,2.0,2.0,2.0,2.0,MonoConv
1403,169,222,4,Decision Tree,POW4,0.9483290119162944,0.0165030660182077,0.0003687418216941,25,0.3,25,39,356,1.0,1.0,1.0,1.0,MonoConv
1404,166,88,8,Perceptron,LC-PFN,1.809762790799141,0.0249644462019205,0.000879437488038,25,0.3,25,45,360,4.0,4.0,4.0,4.0,MonoConv
1405,166,88,8,Perceptron,MMF4,0.8226842362247763,0.0111647360933992,0.0001970724999019,25,0.3,25,45,360,1.0,1.0,2.0,1.3333333333333333,MonoConv
1406,166,88,8,Perceptron,WBL4,0.8239966187426166,0.0111824512036556,0.0001985431202529,25,0.3,25,45,360,2.0,2.0,3.0,2.3333333333333335,MonoConv
1407,166,88,8,Perceptron,POW4,0.8272309780345682,0.0112264027842249,0.0001837637358138,25,0.3,25,45,360,3.0,3.0,1.0,2.3333333333333335,MonoConv
1408,176,81,6,LogisticRegression,LC-PFN,1.959831453859806,0.020955890417099,0.0005458837840706,25,0.3,25,30,361,4.0,3.0,4.0,3.6666666666666665,MonoConv
1409,176,81,6,LogisticRegression,MMF4,1.9515063165975357,0.0211270526525121,0.0005372454704859,25,0.3,25,30,361,3.0,4.0,3.0,3.3333333333333335,MonoConv
1410,176,81,6,LogisticRegression,WBL4,1.4788763791448567,0.0161006802712205,0.0003231073274698,25,0.3,25,30,361,1.0,1.0,1.0,1.0,MonoConv
1411,176,81,6,LogisticRegression,POW4,1.4788763925957942,0.0161006804150053,0.0003231073320736,25,0.3,25,30,361,2.0,2.0,2.0,2.0,MonoConv
1412,179,3,5,ExtraTree,LC-PFN,2.4630283936858177,0.0353207737207412,0.0014978952240198,25,0.3,25,29,363,2.0,2.0,2.0,2.0,MonoConv
1413,179,3,5,ExtraTree,MMF4,3.276426542753644,0.0471665471719674,0.0031178107977493,25,0.3,25,29,363,3.0,3.0,3.0,3.0,MonoConv
1414,179,3,5,ExtraTree,WBL4,3.8365264168450106,0.0549482185458283,0.0044260129396076,25,0.3,25,29,363,4.0,4.0,4.0,4.0,MonoConv
1415,179,3,5,ExtraTree,POW4,1.7239365142309913,0.0252520830968436,0.0008878558607643,25,0.3,25,29,363,1.0,1.0,1.0,1.0,MonoConv
1416,35,98,6,LogisticRegression,LC-PFN,0.4384936764836311,0.0073682181537151,7.8386023233179e-05,25,0.3,25,43,365,1.0,1.0,1.0,1.0,MonoConv
1417,35,98,6,LogisticRegression,MMF4,1.747884355074096,0.0291120317918709,0.0008911553831458,25,0.3,25,43,365,2.0,2.0,2.0,2.0,MonoConv
1418,35,98,6,LogisticRegression,WBL4,1.864056174550761,0.0310097991917281,0.0010071062414948,25,0.3,25,43,365,3.0,3.0,3.0,3.0,MonoConv
1419,35,98,6,LogisticRegression,POW4,2.469630362882272,0.0436048937402093,0.0029065103721764,25,0.3,25,43,365,4.0,4.0,4.0,4.0,MonoConv
1420,178,130,0,SVC_linear,LC-PFN,2.027573063969612,0.0305756200104951,0.0013020837213844,25,0.3,25,44,366,1.0,1.0,1.0,1.0,MonoConv
1421,178,130,0,SVC_linear,MMF4,6.558051080981881,0.1085117676975071,0.0164794341023004,25,0.3,25,44,366,3.0,3.0,3.0,3.0,MonoConv
1422,178,130,0,SVC_linear,WBL4,11.955742929209162,0.2070889120784062,0.0467764492317999,25,0.3,25,44,366,4.0,4.0,4.0,4.0,MonoConv
1423,178,130,0,SVC_linear,POW4,3.788827435275065,0.0599035199210185,0.0055898145464182,25,0.3,25,44,366,2.0,2.0,2.0,2.0,MonoConv
1424,186,244,4,Decision Tree,LC-PFN,0.3951447550207376,0.0070032910443842,6.81498131598346e-05,25,0.3,25,40,371,1.0,1.0,1.0,1.0,MonoConv
1425,186,244,4,Decision Tree,MMF4,1.2221530331488295,0.02148610132786,0.0006619931028495,25,0.3,25,40,371,3.0,3.0,3.0,3.0,MonoConv
1426,186,244,4,Decision Tree,WBL4,1.2664410027165018,0.0222508936117325,0.0007022325203088,25,0.3,25,40,371,4.0,4.0,4.0,4.0,MonoConv
1427,186,244,4,Decision Tree,POW4,1.1936699199624974,0.0209939212205352,0.0006393934629157,25,0.3,25,40,371,2.0,2.0,2.0,2.0,MonoConv
1428,194,237,10,SGDClassifier,LC-PFN,0.5733487196266651,0.0106390416622161,0.0001367770601063,25,0.3,25,14,375,1.0,1.0,1.0,1.0,MonoConv
1429,194,237,10,SGDClassifier,MMF4,1.10069024027062,0.020327706201213,0.0005551312063818,25,0.3,25,14,375,3.0,3.0,3.0,3.0,MonoConv
1430,194,237,10,SGDClassifier,WBL4,1.3356740518287833,0.0245924198252353,0.000783134674847,25,0.3,25,14,375,4.0,4.0,4.0,4.0,MonoConv
1431,194,237,10,SGDClassifier,POW4,0.8891958748077159,0.0164634490168462,0.0003570614374056,25,0.3,25,14,375,2.0,2.0,2.0,2.0,MonoConv
1432,190,103,21,ens.RandomForest,LC-PFN,0.1176129328086972,0.0022915275767445,7.862976417527534e-06,25,0.3,25,22,376,1.0,1.0,1.0,1.0,MonoConv
1433,190,103,21,ens.RandomForest,MMF4,0.4951429814145141,0.0096070923864779,0.0001017184511234,25,0.3,25,22,376,3.0,3.0,3.0,3.0,MonoConv
1434,190,103,21,ens.RandomForest,WBL4,0.5401648181692014,0.0104754897432528,0.0001196262482483,25,0.3,25,22,376,4.0,4.0,4.0,4.0,MonoConv
1435,190,103,21,ens.RandomForest,POW4,0.1904883905544064,0.0037095803398207,1.8103662316609816e-05,25,0.3,25,22,376,2.0,2.0,2.0,2.0,MonoConv
1436,196,178,18,KNN,LC-PFN,5.216493085026741,0.045140728354454,0.0022637511137872,25,0.3,25,42,380,4.0,4.0,4.0,4.0,MonoConv
1437,196,178,18,KNN,MMF4,2.878549827569541,0.0298327918922001,0.0012281615905003,25,0.3,25,42,380,2.0,2.0,2.0,2.0,MonoConv
1438,196,178,18,KNN,WBL4,3.2662869794188887,0.0341855037495084,0.0016556325174474,25,0.3,25,42,380,3.0,3.0,3.0,3.0,MonoConv
1439,196,178,18,KNN,POW4,1.0701720611046808,0.0105269042959476,0.0001475992308648,25,0.3,25,42,380,1.0,1.0,1.0,1.0,MonoConv
1440,198,236,4,Decision Tree,LC-PFN,0.966881588101387,0.0167697742581367,0.0003035745467059,25,0.3,25,30,381,1.0,1.0,1.0,1.0,MonoConv
1441,198,236,4,Decision Tree,MMF4,2.183835085350448,0.0375769519014536,0.001715846850386,25,0.3,25,30,381,3.0,2.0,3.0,2.6666666666666665,MonoConv
1442,198,236,4,Decision Tree,WBL4,2.843417137698855,0.0485517509741889,0.0027998903756153,25,0.3,25,30,381,4.0,4.0,4.0,4.0,MonoConv
1443,198,236,4,Decision Tree,POW4,2.1356973868311147,0.0384289205618748,0.0016279267693535,25,0.3,25,30,381,2.0,3.0,2.0,2.3333333333333335,MonoConv
1444,108,252,18,KNN,LC-PFN,31.489798426628116,0.2368277162313461,0.0638286545872688,25,0.3,25,45,385,4.0,4.0,3.0,3.6666666666666665,MonoConv
1445,108,252,18,KNN,MMF4,25.404502902661697,0.2072349651445935,0.0578347594779067,25,0.3,25,45,385,2.0,2.0,2.0,2.0,MonoConv
1446,108,252,18,KNN,WBL4,27.78087440279025,0.2211858730412024,0.0642696965570024,25,0.3,25,45,385,3.0,3.0,4.0,3.3333333333333335,MonoConv
1447,108,252,18,KNN,POW4,6.723343967775473,0.0642423688143312,0.00509306258699,25,0.3,25,45,385,1.0,1.0,1.0,1.0,MonoConv
1448,1,14,18,KNN,LC-PFN,0.4800805822014808,0.0092872763052582,0.0001127171271946,33,0.5,33,33,391,1.0,1.0,1.0,1.0,MonoConv
1449,1,14,18,KNN,MMF4,1.099283751026206,0.0211713608764494,0.0005336232757179,33,0.5,33,33,391,2.0,2.0,2.0,2.0,MonoConv
1450,1,14,18,KNN,WBL4,1.991858032055171,0.0379672515558912,0.0016373127463661,33,0.5,33,33,391,3.0,3.0,3.0,3.0,MonoConv
1451,1,14,18,KNN,POW4,2.239414338106249,0.042125730027431,0.0019653622478325,33,0.5,33,33,391,4.0,4.0,4.0,4.0,MonoConv
1452,10,162,22,ens.GradientBoosting,LC-PFN,0.9476890787482262,0.0186652336269617,0.0003517563454806,25,0.5,25,26,394,4.0,4.0,4.0,4.0,MonoConv
1453,10,162,22,ens.GradientBoosting,MMF4,0.4780649508485956,0.0094607635860004,9.297430840374135e-05,25,0.5,25,26,394,3.0,3.0,3.0,3.0,MonoConv
1454,10,162,22,ens.GradientBoosting,WBL4,0.4312389324280385,0.0085382825559562,7.668182280283375e-05,25,0.5,25,26,394,2.0,2.0,2.0,2.0,MonoConv
1455,10,162,22,ens.GradientBoosting,POW4,0.0909543635771693,0.0018049947567641,5.613104653198543e-06,25,0.5,25,26,394,1.0,1.0,1.0,1.0,MonoConv
1456,7,77,10,SGDClassifier,LC-PFN,0.9902910329401492,0.0119049716740846,0.0002029149909503,25,0.5,25,21,397,1.0,1.0,1.0,1.0,MonoConv
1457,7,77,10,SGDClassifier,MMF4,1.2932368213249117,0.0156052425779292,0.0003591031911552,25,0.5,25,21,397,3.0,3.0,3.0,3.0,MonoConv
1458,7,77,10,SGDClassifier,WBL4,8.505990008420032,0.1128934474003261,0.0146506444355915,25,0.5,25,21,397,4.0,4.0,4.0,4.0,MonoConv
1459,7,77,10,SGDClassifier,POW4,1.1654906963213565,0.0140264461887341,0.0002975085090892,25,0.5,25,21,397,2.0,2.0,2.0,2.0,MonoConv
1460,0,260,5,ExtraTree,LC-PFN,0.7746950257569551,0.009721796028316,0.0001173863274743,45,0.5,45,46,399,3.0,3.0,4.0,3.3333333333333335,MonoConv
1461,0,260,5,ExtraTree,MMF4,0.7981330824274203,0.0099296368299979,0.0001056953330454,45,0.5,45,46,399,4.0,4.0,3.0,3.6666666666666665,MonoConv
1462,0,260,5,ExtraTree,WBL4,0.3055957919626532,0.0038364525053222,2.128269239716664e-05,45,0.5,45,46,399,2.0,2.0,1.0,1.6666666666666667,MonoConv
1463,0,260,5,ExtraTree,POW4,0.3055957919495736,0.0038364525051573,2.128269240341672e-05,45,0.5,45,46,399,1.0,1.0,2.0,1.3333333333333333,MonoConv
1464,12,236,7,PassiveAggressive,LC-PFN,1.1267284862697124,0.0142519818618893,0.000357934331987,27,0.5,27,28,400,1.0,1.0,1.0,1.0,MonoConv
1465,12,236,7,PassiveAggressive,MMF4,1.8152502071101029,0.0229676074299383,0.0008178724427531,27,0.5,27,28,400,3.0,3.0,3.0,3.0,MonoConv
1466,12,236,7,PassiveAggressive,WBL4,2.110820129336861,0.0266090916986486,0.00107230309584,27,0.5,27,28,400,4.0,4.0,4.0,4.0,MonoConv
1467,12,236,7,PassiveAggressive,POW4,1.272201791522819,0.0160905373613974,0.0004403730851867,27,0.5,27,28,400,2.0,2.0,2.0,2.0,MonoConv
1468,2,157,20,ens.ExtraTrees,LC-PFN,0.4819993861019611,0.0093276519328355,0.000111021057819,25,0.5,25,26,401,2.0,2.0,2.0,2.0,MonoConv
1469,2,157,20,ens.ExtraTrees,MMF4,0.5534242327160276,0.0106332270909886,0.0001417058511547,25,0.5,25,26,401,3.0,3.0,3.0,3.0,MonoConv
1470,2,157,20,ens.ExtraTrees,WBL4,0.6320488994243881,0.0121321908819247,0.0001778152237299,25,0.5,25,26,401,4.0,4.0,4.0,4.0,MonoConv
1471,2,157,20,ens.ExtraTrees,POW4,0.3055955203558356,0.0059225114359734,3.88032629073367e-05,25,0.5,25,26,401,1.0,1.0,1.0,1.0,MonoConv
1472,14,2,6,LogisticRegression,LC-PFN,0.525604235008359,0.0091478824615478,0.0001247351465281,25,0.5,25,15,402,3.0,3.0,3.0,3.0,MonoConv
1473,14,2,6,LogisticRegression,MMF4,0.1544741644769311,0.0026719956481373,1.1088666911503825e-05,25,0.5,25,15,402,2.0,2.0,2.0,2.0,MonoConv
1474,14,2,6,LogisticRegression,WBL4,0.1408430547736901,0.0024357354434754,9.188912129963867e-06,25,0.5,25,15,402,1.0,1.0,1.0,1.0,MonoConv
1475,14,2,6,LogisticRegression,POW4,1.0811946575764413,0.0189004742947983,0.0003748431559272,25,0.5,25,15,402,4.0,4.0,4.0,4.0,MonoConv
1476,18,48,7,PassiveAggressive,LC-PFN,1.0722922161221504,0.0166583862155675,0.0004053154552821,50,0.5,50,50,407,4.0,4.0,4.0,4.0,MonoConv
1477,18,48,7,PassiveAggressive,MMF4,0.8523163280119026,0.0131812190262862,0.000272140822573,50,0.5,50,50,407,3.0,3.0,3.0,3.0,MonoConv
1478,18,48,7,PassiveAggressive,WBL4,0.5838222797263171,0.008991456018883,0.0001479023713447,50,0.5,50,50,407,1.0,1.0,1.0,1.0,MonoConv
1479,18,48,7,PassiveAggressive,POW4,0.7727153911983415,0.0119343452596829,0.0002341688028096,50,0.5,50,50,407,2.0,2.0,2.0,2.0,MonoConv
1480,19,60,6,LogisticRegression,LC-PFN,1.244998164474964,0.0245937705039978,0.0006048546638339,25,0.5,25,2,408,4.0,4.0,4.0,4.0,MonoConv
1481,19,60,6,LogisticRegression,MMF4,0.0432674222155429,0.0008649717236886,7.531111203842168e-07,25,0.5,25,2,408,2.0,2.0,2.0,2.0,MonoConv
1482,19,60,6,LogisticRegression,WBL4,0.0398095362224604,0.0007958733837665,6.344279952326569e-07,25,0.5,25,2,408,1.0,1.0,1.0,1.0,MonoConv
1483,19,60,6,LogisticRegression,POW4,0.6306218298270719,0.0125333982511505,0.0001570860717219,25,0.5,25,2,408,3.0,3.0,3.0,3.0,MonoConv
1484,21,128,8,Perceptron,LC-PFN,0.5133769940584898,0.0100711649283766,0.0001113683902076,27,0.5,27,27,409,4.0,4.0,4.0,4.0,MonoConv
1485,21,128,8,Perceptron,MMF4,0.2536328911584334,0.0049901119421748,3.0904563575608864e-05,27,0.5,27,27,409,1.0,1.0,1.0,1.0,MonoConv
1486,21,128,8,Perceptron,WBL4,0.2896029137981572,0.0056954709009133,3.9046372152202086e-05,27,0.5,27,27,409,2.0,2.0,2.0,2.0,MonoConv
1487,21,128,8,Perceptron,POW4,0.5069506737838813,0.0099458173225632,0.0001090950159147,27,0.5,27,27,409,3.0,3.0,3.0,3.0,MonoConv
1488,35,98,6,LogisticRegression,LC-PFN,0.715670408681035,0.0122896507382392,0.0002073713985737,34,0.5,34,34,412,3.0,3.0,3.0,3.0,MonoConv
1489,35,98,6,LogisticRegression,MMF4,0.3616164296630775,0.0061247844802186,4.177083705980564e-05,34,0.5,34,34,412,1.0,1.0,1.0,1.0,MonoConv
1490,35,98,6,LogisticRegression,WBL4,0.5538061592668778,0.0093605440066064,9.29092759428022e-05,34,0.5,34,34,412,2.0,2.0,2.0,2.0,MonoConv
1491,35,98,6,LogisticRegression,POW4,3.22745520666596,0.0571509771174869,0.0040303614633514,34,0.5,34,34,412,4.0,4.0,4.0,4.0,MonoConv
1492,26,194,6,LogisticRegression,LC-PFN,21.088652312755585,0.0858828723430633,0.0073943291790783,52,0.5,52,53,413,4.0,4.0,4.0,4.0,MonoConv
1493,26,194,6,LogisticRegression,MMF4,1.9480070621185084,0.0094918470376712,0.0001073006101841,52,0.5,52,53,413,2.0,2.0,2.0,2.0,MonoConv
1494,26,194,6,LogisticRegression,WBL4,2.618611724883412,0.0126627084908466,0.0001849444307292,52,0.5,52,53,413,3.0,3.0,3.0,3.0,MonoConv
1495,26,194,6,LogisticRegression,POW4,1.2220671418933218,0.0060040240403479,4.44996530437729e-05,52,0.5,52,53,413,1.0,1.0,1.0,1.0,MonoConv
1496,28,103,7,PassiveAggressive,LC-PFN,0.6923911161720753,0.0128989657387137,0.0002742982469499,25,0.5,25,22,414,1.0,1.0,1.0,1.0,MonoConv
1497,28,103,7,PassiveAggressive,MMF4,2.3555069795487174,0.0433902458262157,0.0020251844509726,25,0.5,25,22,414,3.0,3.0,3.0,3.0,MonoConv
1498,28,103,7,PassiveAggressive,WBL4,3.0323208466283136,0.0554750986936378,0.0032903576840732,25,0.5,25,22,414,4.0,4.0,4.0,4.0,MonoConv
1499,28,103,7,PassiveAggressive,POW4,0.9102808696656756,0.0168693660538148,0.0004633106449657,25,0.5,25,22,414,2.0,2.0,2.0,2.0,MonoConv
1500,29,193,7,PassiveAggressive,LC-PFN,12.369700521230698,0.0282763205468654,0.0008000546367838,56,0.5,56,56,420,4.0,4.0,4.0,4.0,MonoConv
1501,29,193,7,PassiveAggressive,MMF4,0.2508861348179493,0.0005026269627429,4.281292119692376e-07,56,0.5,56,56,420,3.0,3.0,3.0,3.0,MonoConv
1502,29,193,7,PassiveAggressive,WBL4,0.2295109521259728,0.0004598775518299,3.731409595736346e-07,56,0.5,56,56,420,2.0,2.0,2.0,2.0,MonoConv
1503,29,193,7,PassiveAggressive,POW4,0.2295109517220318,0.0004598775510204,3.73140959183677e-07,56,0.5,56,56,420,1.0,1.0,1.0,1.0,MonoConv
1504,44,243,22,ens.GradientBoosting,LC-PFN,0.4808478057384491,0.0070843589492142,6.51468726573512e-05,33,0.5,33,33,427,1.0,1.0,1.0,1.0,MonoConv
1505,44,243,22,ens.GradientBoosting,MMF4,1.661686722939858,0.0239486699714693,0.0008177586115754,33,0.5,33,33,427,2.0,2.0,2.0,2.0,MonoConv
1506,44,243,22,ens.GradientBoosting,WBL4,2.43228382509945,0.0347038029141355,0.0014978592512444,33,0.5,33,33,427,3.0,3.0,3.0,3.0,MonoConv
1507,44,243,22,ens.GradientBoosting,POW4,3.161806918269704,0.0479418734537583,0.0025602734156499,33,0.5,33,33,427,4.0,4.0,4.0,4.0,MonoConv
1508,47,141,8,Perceptron,LC-PFN,5.577005445957184,0.0648221224546432,0.005369353108108,36,0.5,36,37,428,3.0,3.0,3.0,3.0,MonoConv
1509,47,141,8,Perceptron,MMF4,7.358910129941753,0.0842687416137692,0.0083399121332995,36,0.5,36,37,428,4.0,4.0,4.0,4.0,MonoConv
1510,47,141,8,Perceptron,WBL4,4.027823040376439,0.0477307858739667,0.0031555372955226,36,0.5,36,37,428,2.0,2.0,2.0,2.0,MonoConv
1511,47,141,8,Perceptron,POW4,3.597298929840484,0.042781326956997,0.0027253435266796,36,0.5,36,37,428,1.0,1.0,1.0,1.0,MonoConv
1512,42,127,5,ExtraTree,LC-PFN,1.3017237186431885,0.0248439479619264,0.0006318718660622,34,0.5,34,34,429,4.0,4.0,4.0,4.0,MonoConv
1513,42,127,5,ExtraTree,MMF4,0.6591650122190558,0.0123680807534844,0.0001806693016792,34,0.5,34,34,429,2.0,2.0,2.0,2.0,MonoConv
1514,42,127,5,ExtraTree,WBL4,0.8590076198171246,0.0160802291780418,0.0003014037789365,34,0.5,34,34,429,3.0,3.0,3.0,3.0,MonoConv
1515,42,127,5,ExtraTree,POW4,0.4897866217730442,0.0092084142227843,0.0001018542395236,34,0.5,34,34,429,1.0,1.0,1.0,1.0,MonoConv
1516,39,47,18,KNN,LC-PFN,2.903024293482304,0.0326642021536827,0.0010988225694745,64,0.5,64,64,430,4.0,4.0,4.0,4.0,MonoConv
1517,39,47,18,KNN,MMF4,1.5254994596084692,0.0176242452430063,0.0004803138387767,64,0.5,64,64,430,2.0,2.0,2.0,2.0,MonoConv
1518,39,47,18,KNN,WBL4,1.768887419173988,0.0203641730607578,0.0006481543722001,64,0.5,64,64,430,3.0,3.0,3.0,3.0,MonoConv
1519,39,47,18,KNN,POW4,1.084568468098595,0.012610349692555,0.0002437630607783,64,0.5,64,64,430,1.0,1.0,1.0,1.0,MonoConv
1520,45,251,10,SGDClassifier,LC-PFN,2.3632653057575226,0.0392079688608646,0.0020903116092085,36,0.5,36,36,432,4.0,4.0,4.0,4.0,MonoConv
1521,45,251,10,SGDClassifier,MMF4,1.22835841790007,0.0208435809096945,0.00073797437387,36,0.5,36,36,432,3.0,3.0,3.0,3.0,MonoConv
1522,45,251,10,SGDClassifier,WBL4,0.862853463255968,0.0147709797546653,0.0004312573697132,36,0.5,36,36,432,2.0,2.0,2.0,2.0,MonoConv
1523,45,251,10,SGDClassifier,POW4,0.4049477744804402,0.006883047712522,7.442251449203779e-05,36,0.5,36,36,432,1.0,1.0,1.0,1.0,MonoConv
1524,46,10,6,LogisticRegression,LC-PFN,0.7440283428877592,0.0117179909721016,0.0001827243395382,27,0.5,27,27,436,1.0,1.0,1.0,1.0,MonoConv
1525,46,10,6,LogisticRegression,MMF4,3.936175721151342,0.0595583629590228,0.004212111487709,27,0.5,27,27,436,3.0,3.0,3.0,3.0,MonoConv
1526,46,10,6,LogisticRegression,WBL4,4.358545374120257,0.0656393112856438,0.0051245452131282,27,0.5,27,27,436,4.0,4.0,4.0,4.0,MonoConv
1527,46,10,6,LogisticRegression,POW4,1.4811390328402383,0.0231401011760448,0.0007342015670317,27,0.5,27,27,436,2.0,2.0,2.0,2.0,MonoConv
1528,54,227,6,LogisticRegression,LC-PFN,29.718902707099915,0.1591929495334625,0.0265036765486001,46,0.5,46,47,441,4.0,4.0,4.0,4.0,MonoConv
1529,54,227,6,LogisticRegression,MMF4,15.927779084409918,0.0975388406356089,0.0118317351394066,46,0.5,46,47,441,2.0,2.0,2.0,2.0,MonoConv
1530,54,227,6,LogisticRegression,WBL4,16.271990373314374,0.0992861122648782,0.012182085264978,46,0.5,46,47,441,3.0,3.0,3.0,3.0,MonoConv
1531,54,227,6,LogisticRegression,POW4,14.014790572539676,0.0876064564352943,0.0098308664677531,46,0.5,46,47,441,1.0,1.0,1.0,1.0,MonoConv
1532,57,97,6,LogisticRegression,LC-PFN,0.844867154955864,0.0128929307684302,0.0002325238310731,39,0.5,39,39,442,4.0,4.0,4.0,4.0,MonoConv
1533,57,97,6,LogisticRegression,MMF4,0.3392204306818766,0.0050972175466011,2.7255946937532492e-05,39,0.5,39,39,442,1.0,1.0,1.0,1.0,MonoConv
1534,57,97,6,LogisticRegression,WBL4,0.5093903597235381,0.007640774017531,5.997973623008151e-05,39,0.5,39,39,442,2.0,2.0,2.0,2.0,MonoConv
1535,57,97,6,LogisticRegression,POW4,0.6989493960239292,0.0106188255389658,0.0001227368943985,39,0.5,39,39,442,3.0,3.0,3.0,3.0,MonoConv
1536,60,251,0,SVC_linear,LC-PFN,3.5649538040161133,0.0595603846013546,0.0048396210186183,36,0.5,36,36,446,4.0,4.0,4.0,4.0,MonoConv
1537,60,251,0,SVC_linear,MMF4,3.012609407865544,0.0507116911359138,0.0035821267164474,36,0.5,36,36,446,3.0,3.0,3.0,3.0,MonoConv
1538,60,251,0,SVC_linear,WBL4,2.8871771310500205,0.0487255815524189,0.0034043488939809,36,0.5,36,36,446,2.0,2.0,2.0,2.0,MonoConv
1539,60,251,0,SVC_linear,POW4,1.7499599233425551,0.0299560630536731,0.0012619794470312,36,0.5,36,36,446,1.0,1.0,1.0,1.0,MonoConv
1540,58,221,0,SVC_linear,LC-PFN,0.172556156758219,0.0025644546840339,1.051797971740598e-05,25,0.5,25,22,447,1.0,1.0,1.0,1.0,MonoConv
1541,58,221,0,SVC_linear,MMF4,1.1117438110208029,0.0163238381683299,0.0003238624982935,25,0.5,25,22,447,3.0,3.0,3.0,3.0,MonoConv
1542,58,221,0,SVC_linear,WBL4,1.2392804548737302,0.0181689482506168,0.0004007623234217,25,0.5,25,22,447,4.0,4.0,4.0,4.0,MonoConv
1543,58,221,0,SVC_linear,POW4,0.4491463607388842,0.0066551778916022,6.469275351787335e-05,25,0.5,25,22,447,2.0,2.0,2.0,2.0,MonoConv
1544,56,235,0,SVC_linear,LC-PFN,1.8211351707577703,0.0319855101406574,0.0013504459057003,32,0.5,32,32,448,4.0,4.0,4.0,4.0,MonoConv
1545,56,235,0,SVC_linear,MMF4,1.6271668423745955,0.0285091672097362,0.0011079083401245,32,0.5,32,32,448,1.0,1.0,1.0,1.0,MonoConv
1546,56,235,0,SVC_linear,WBL4,1.6846236614642511,0.0295304836393976,0.0012599751003906,32,0.5,32,32,448,3.0,3.0,3.0,3.0,MonoConv
1547,56,235,0,SVC_linear,POW4,1.677980289328676,0.0294122191058649,0.0012423296022171,32,0.5,32,32,448,2.0,2.0,2.0,2.0,MonoConv
1548,65,68,8,Perceptron,LC-PFN,1.185006368905306,0.0194777641445398,0.0006162568461149,38,0.5,38,39,449,1.0,1.0,1.0,1.0,MonoConv
1549,65,68,8,Perceptron,MMF4,1.3082190278485584,0.0214037861305868,0.000643803878724,38,0.5,38,39,449,2.0,2.0,2.0,2.0,MonoConv
1550,65,68,8,Perceptron,WBL4,1.7711937191816698,0.0288619735838697,0.0011555858481594,38,0.5,38,39,449,4.0,4.0,4.0,4.0,MonoConv
1551,65,68,8,Perceptron,POW4,1.5637912708181514,0.0257895859722523,0.0009869262045225,38,0.5,38,39,449,3.0,3.0,3.0,3.0,MonoConv
1552,63,183,6,LogisticRegression,LC-PFN,4.04946431517601,0.0297576766461133,0.0013547157868742,53,0.5,53,53,450,4.0,4.0,4.0,4.0,MonoConv
1553,63,183,6,LogisticRegression,MMF4,0.212254690217594,0.0016620504656165,3.1695408632425263e-06,53,0.5,53,53,450,1.0,1.0,1.0,1.0,MonoConv
1554,63,183,6,LogisticRegression,WBL4,1.1110522602570656,0.0086147200751946,7.916887349371812e-05,53,0.5,53,53,450,2.0,2.0,2.0,2.0,MonoConv
1555,63,183,6,LogisticRegression,POW4,2.0741429249569245,0.0166502471371499,0.0003027598013462,53,0.5,53,53,450,3.0,3.0,3.0,3.0,MonoConv
1556,62,39,6,LogisticRegression,LC-PFN,4.179332405328751,0.0485244542360305,0.0026773081626743,51,0.5,51,52,451,4.0,4.0,4.0,4.0,MonoConv
1557,62,39,6,LogisticRegression,MMF4,3.331091126321753,0.0392080899726294,0.002275736140874,51,0.5,51,52,451,3.0,3.0,3.0,3.0,MonoConv
1558,62,39,6,LogisticRegression,WBL4,2.332182105173408,0.0278202895919256,0.0010435629788355,51,0.5,51,52,451,1.0,1.0,1.0,1.0,MonoConv
1559,62,39,6,LogisticRegression,POW4,2.332182109264906,0.0278202896396111,0.0010435629840755,51,0.5,51,52,451,2.0,2.0,2.0,2.0,MonoConv
1560,61,135,18,KNN,LC-PFN,0.800866074860096,0.0154365254566073,0.0002726273087318,38,0.5,38,39,452,4.0,4.0,4.0,4.0,MonoConv
1561,61,135,18,KNN,MMF4,0.2495150076898713,0.0047822844608679,3.663365344811763e-05,38,0.5,38,39,452,2.0,2.0,2.0,2.0,MonoConv
1562,61,135,18,KNN,WBL4,0.4979592774742246,0.0095083127765066,0.0001273807572782,38,0.5,38,39,452,3.0,3.0,3.0,3.0,MonoConv
1563,61,135,18,KNN,POW4,0.1347499176979781,0.0025947260629772,9.341744558437032e-06,38,0.5,38,39,452,1.0,1.0,1.0,1.0,MonoConv
1564,64,72,8,Perceptron,LC-PFN,3.415275365114212,0.0365640930831432,0.0018840167904272,38,0.5,38,38,453,4.0,4.0,1.0,3.0,MonoConv
1565,64,72,8,Perceptron,MMF4,2.875329465723914,0.0313342311056746,0.0020160006618314,38,0.5,38,38,453,1.0,1.0,2.0,1.3333333333333333,MonoConv
1566,64,72,8,Perceptron,WBL4,2.89230531368706,0.0315090906926621,0.0020354478871207,38,0.5,38,38,453,2.0,2.0,3.0,2.3333333333333335,MonoConv
1567,64,72,8,Perceptron,POW4,3.0326430014290278,0.0329507430518415,0.0021955369434169,38,0.5,38,38,453,3.0,3.0,4.0,3.3333333333333335,MonoConv
1568,66,96,4,Decision Tree,LC-PFN,2.2896796464920044,0.0347172319889068,0.0014655897393822,25,0.5,25,21,455,2.0,2.0,2.0,2.0,MonoConv
1569,66,96,4,Decision Tree,MMF4,2.764356829968377,0.0417826623561225,0.0024268725186561,25,0.5,25,21,455,3.0,3.0,3.0,3.0,MonoConv
1570,66,96,4,Decision Tree,WBL4,3.4019342850454533,0.0509931358682176,0.0034862614453676,25,0.5,25,21,455,4.0,4.0,4.0,4.0,MonoConv
1571,66,96,4,Decision Tree,POW4,1.5407500542595889,0.0236720460405508,0.0008135755942187,25,0.5,25,21,455,1.0,1.0,1.0,1.0,MonoConv
1572,70,134,0,SVC_linear,LC-PFN,1.354080252349377,0.0245161317288875,0.000992814428173,32,0.5,32,33,456,1.0,1.0,3.0,1.6666666666666667,MonoConv
1573,70,134,0,SVC_linear,MMF4,1.7340357752578046,0.0310048711970975,0.0012416170577594,32,0.5,32,33,456,4.0,4.0,4.0,4.0,MonoConv
1574,70,134,0,SVC_linear,WBL4,1.4028897090235162,0.0251439662936667,0.0009062963480155,32,0.5,32,33,456,3.0,3.0,2.0,2.6666666666666665,MonoConv
1575,70,134,0,SVC_linear,POW4,1.4028897080870193,0.0251439662770075,0.0009062963472811,32,0.5,32,33,456,2.0,2.0,1.0,1.6666666666666667,MonoConv
1576,69,203,7,PassiveAggressive,LC-PFN,0.6805325392633677,0.0096172885969281,0.0001374036655761,30,0.5,30,31,458,4.0,4.0,4.0,4.0,MonoConv
1577,69,203,7,PassiveAggressive,MMF4,0.5101142398311046,0.0070362405021989,5.959941977312759e-05,30,0.5,30,31,458,2.0,2.0,2.0,2.0,MonoConv
1578,69,203,7,PassiveAggressive,WBL4,0.6461657437462749,0.0089350574091334,9.511252222367848e-05,30,0.5,30,31,458,3.0,3.0,3.0,3.0,MonoConv
1579,69,203,7,PassiveAggressive,POW4,0.4531038908457665,0.0062395251575136,4.87796652475796e-05,30,0.5,30,31,458,1.0,1.0,1.0,1.0,MonoConv
1580,73,168,8,Perceptron,LC-PFN,1.2305748648941517,0.0243123173713684,0.0005910895997658,64,0.5,64,64,461,4.0,4.0,4.0,4.0,MonoConv
1581,73,168,8,Perceptron,MMF4,2.4126381063634637e-08,4.825276202907736e-10,1.963838219070186e-18,64,0.5,64,64,461,2.0,2.0,2.0,2.0,MonoConv
1582,73,168,8,Perceptron,WBL4,1.2712053631958204e-12,2.5424107263916085e-14,6.463852301671106e-28,64,0.5,64,64,461,1.0,1.0,1.0,1.0,MonoConv
1583,73,168,8,Perceptron,POW4,0.0001671140563963,3.3422600252373813e-06,4.2205022697106026e-11,64,0.5,64,64,461,3.0,3.0,3.0,3.0,MonoConv
1584,75,89,7,PassiveAggressive,LC-PFN,1.4902964234352112,0.0227766763418912,0.0006951015093363,36,0.5,36,36,462,4.0,4.0,4.0,4.0,MonoConv
1585,75,89,7,PassiveAggressive,MMF4,1.0845988011140684,0.016580797345045,0.0003914917264648,36,0.5,36,36,462,1.0,1.0,1.0,1.0,MonoConv
1586,75,89,7,PassiveAggressive,WBL4,1.1218548405621591,0.0171461805754315,0.0004457850825636,36,0.5,36,36,462,2.0,2.0,2.0,2.0,MonoConv
1587,75,89,7,PassiveAggressive,POW4,1.300513840727238,0.0199431340824495,0.0006144738386448,36,0.5,36,36,462,3.0,3.0,3.0,3.0,MonoConv
1588,77,221,4,Decision Tree,LC-PFN,0.3136274870485067,0.0045070243068039,3.3673193684080616e-05,25,0.5,25,22,463,2.0,2.0,2.0,2.0,MonoConv
1589,77,221,4,Decision Tree,MMF4,0.6745993502746837,0.0097034629770915,0.0001286811709188,25,0.5,25,22,463,3.0,3.0,3.0,3.0,MonoConv
1590,77,221,4,Decision Tree,WBL4,0.8288030361245778,0.0118972194237492,0.0001832855582948,25,0.5,25,22,463,4.0,4.0,4.0,4.0,MonoConv
1591,77,221,4,Decision Tree,POW4,0.2791486052303812,0.0040316216838576,2.12733154039011e-05,25,0.5,25,22,463,1.0,1.0,1.0,1.0,MonoConv
1592,78,141,6,LogisticRegression,LC-PFN,0.9208206087350844,0.0148060172796249,0.0002986816398333,36,0.5,36,37,464,2.0,2.0,2.0,2.0,MonoConv
1593,78,141,6,LogisticRegression,MMF4,0.9804429403220508,0.0157617328996575,0.0003039159490571,36,0.5,36,37,464,3.0,3.0,3.0,3.0,MonoConv
1594,78,141,6,LogisticRegression,WBL4,0.6081868358257077,0.0097296322558522,0.0001223763533084,36,0.5,36,37,464,1.0,1.0,1.0,1.0,MonoConv
1595,78,141,6,LogisticRegression,POW4,1.0223461948731087,0.016444429484129,0.0003303743422103,36,0.5,36,37,464,4.0,4.0,4.0,4.0,MonoConv
1596,72,81,8,Perceptron,LC-PFN,1.5266367234289646,0.0153839355334639,0.0003263640101067,27,0.5,27,28,468,4.0,4.0,4.0,4.0,MonoConv
1597,72,81,8,Perceptron,MMF4,0.785382112940398,0.0079760654876556,0.0001129099763942,27,0.5,27,28,468,1.0,1.0,1.0,1.0,MonoConv
1598,72,81,8,Perceptron,WBL4,0.8398107230821088,0.0085320245759896,0.0001219598497787,27,0.5,27,28,468,3.0,3.0,3.0,3.0,MonoConv
1599,72,81,8,Perceptron,POW4,0.8398098763747555,0.0085320159094936,0.0001219596988325,27,0.5,27,28,468,2.0,2.0,2.0,2.0,MonoConv
1600,74,133,21,ens.RandomForest,LC-PFN,1.2167520821094513,0.0230699870735406,0.0007745128241367,27,0.5,27,27,470,3.0,3.0,3.0,3.0,MonoConv
1601,74,133,21,ens.RandomForest,MMF4,0.5988542780531435,0.0113117143541702,0.0001480187157445,27,0.5,27,27,470,2.0,2.0,2.0,2.0,MonoConv
1602,74,133,21,ens.RandomForest,WBL4,0.4897636344057536,0.0092639775604581,0.0001022423933391,27,0.5,27,27,470,1.0,1.0,1.0,1.0,MonoConv
1603,74,133,21,ens.RandomForest,POW4,1.483668672634462,0.0279781831265683,0.0009194322482438,27,0.5,27,27,470,4.0,4.0,4.0,4.0,MonoConv
1604,84,200,10,SGDClassifier,LC-PFN,2.6983069255948067,0.0366142354905605,0.0022041604388505,45,0.5,45,46,471,4.0,4.0,4.0,4.0,MonoConv
1605,84,200,10,SGDClassifier,MMF4,2.544724538754151,0.0345748809463145,0.0021397067451276,45,0.5,45,46,471,2.0,2.0,2.0,2.0,MonoConv
1606,84,200,10,SGDClassifier,WBL4,2.548428125407329,0.03462491513345,0.0021418402199146,45,0.5,45,46,471,3.0,3.0,3.0,3.0,MonoConv
1607,84,200,10,SGDClassifier,POW4,2.519283731998974,0.0342309268511454,0.0021077939010196,45,0.5,45,46,471,1.0,1.0,1.0,1.0,MonoConv
1608,83,138,18,KNN,LC-PFN,2.0406996831297874,0.0367494970560073,0.0016580207739025,30,0.5,30,30,472,4.0,4.0,4.0,4.0,MonoConv
1609,83,138,18,KNN,MMF4,0.4079442496302256,0.00751412565962,7.701357826885357e-05,30,0.5,30,30,472,1.0,1.0,2.0,1.3333333333333333,MonoConv
1610,83,138,18,KNN,WBL4,0.8617147380296925,0.0158317317186707,0.0003889064954712,30,0.5,30,30,472,3.0,3.0,3.0,3.0,MonoConv
1611,83,138,18,KNN,POW4,0.4126665640815996,0.0075842524399701,7.32235581551132e-05,30,0.5,30,30,472,2.0,2.0,1.0,1.6666666666666667,MonoConv
1612,88,162,21,ens.RandomForest,LC-PFN,0.9534155949950218,0.0187814459204673,0.0003572028363123,25,0.5,25,26,474,3.0,3.0,3.0,3.0,MonoConv
1613,88,162,21,ens.RandomForest,MMF4,0.3110772413456303,0.0061689181907565,4.24474393887444e-05,25,0.5,25,26,474,1.0,1.0,1.0,1.0,MonoConv
1614,88,162,21,ens.RandomForest,WBL4,0.4135207712899449,0.0081912660591586,7.22522359670078e-05,25,0.5,25,26,474,2.0,2.0,2.0,2.0,MonoConv
1615,88,162,21,ens.RandomForest,POW4,1.2976458610963832,0.0254747116209956,0.0006541164344946,25,0.5,25,26,474,4.0,4.0,4.0,4.0,MonoConv
1616,87,52,8,Perceptron,LC-PFN,2.330307289958,0.0364888943731784,0.0015182101633399,25,0.5,25,25,475,2.0,2.0,2.0,2.0,MonoConv
1617,87,52,8,Perceptron,MMF4,2.983382758865914,0.0466549430051754,0.0028409808072315,25,0.5,25,25,475,3.0,3.0,3.0,3.0,MonoConv
1618,87,52,8,Perceptron,WBL4,4.324292193110833,0.0665162686664591,0.0056928669707142,25,0.5,25,25,475,4.0,4.0,4.0,4.0,MonoConv
1619,87,52,8,Perceptron,POW4,0.6624059360217963,0.0107932282998984,0.0001773943271225,25,0.5,25,25,475,1.0,1.0,1.0,1.0,MonoConv
1620,91,104,10,SGDClassifier,LC-PFN,0.9881871752440928,0.0161713026463985,0.0002718493633437,44,0.5,44,45,476,2.0,2.0,2.0,2.0,MonoConv
1621,91,104,10,SGDClassifier,MMF4,1.4052115491884587,0.0229355606727155,0.0005837391622656,44,0.5,44,45,476,3.0,3.0,3.0,3.0,MonoConv
1622,91,104,10,SGDClassifier,WBL4,1.7234804853778964,0.0280335958847997,0.0008546095022828,44,0.5,44,45,476,4.0,4.0,4.0,4.0,MonoConv
1623,91,104,10,SGDClassifier,POW4,0.8642731869889092,0.0141922018805295,0.0002321153395271,44,0.5,44,45,476,1.0,1.0,1.0,1.0,MonoConv
1624,89,74,5,ExtraTree,LC-PFN,1.4375941827893255,0.0203765369951725,0.0004623754066415,29,0.5,29,30,479,1.0,1.0,1.0,1.0,MonoConv
1625,89,74,5,ExtraTree,MMF4,2.385962283232048,0.0335538361783829,0.0013953832002295,29,0.5,29,30,479,3.0,3.0,3.0,3.0,MonoConv
1626,89,74,5,ExtraTree,WBL4,2.4479593692057726,0.03440061983911,0.0014716640115876,29,0.5,29,30,479,4.0,4.0,4.0,4.0,MonoConv
1627,89,74,5,ExtraTree,POW4,2.1879626795450653,0.0308435513719263,0.0011939747180988,29,0.5,29,30,479,2.0,2.0,2.0,2.0,MonoConv
1628,94,214,20,ens.ExtraTrees,LC-PFN,0.4552749451249838,0.0087507767602801,0.0001101198140531,32,0.5,32,33,480,1.0,1.0,1.0,1.0,MonoConv
1629,94,214,20,ens.ExtraTrees,MMF4,1.67524944569377,0.0318087953584129,0.0011731022347883,32,0.5,32,33,480,3.0,3.0,3.0,3.0,MonoConv
1630,94,214,20,ens.ExtraTrees,WBL4,2.2453542739089825,0.0423620665719026,0.0020770620983582,32,0.5,32,33,480,4.0,4.0,4.0,4.0,MonoConv
1631,94,214,20,ens.ExtraTrees,POW4,1.1982368696527297,0.0225653583321272,0.0005643037728989,32,0.5,32,33,480,2.0,2.0,2.0,2.0,MonoConv
1632,93,240,21,ens.RandomForest,LC-PFN,0.4767670296132564,0.0067817349918186,6.110551476012915e-05,32,0.5,32,33,481,1.0,1.0,1.0,1.0,MonoConv
1633,93,240,21,ens.RandomForest,MMF4,1.2054950438971863,0.0168204280603218,0.0003314310824981,32,0.5,32,33,481,3.0,3.0,3.0,3.0,MonoConv
1634,93,240,21,ens.RandomForest,WBL4,1.6283419116750162,0.0226111063106116,0.0005937768888991,32,0.5,32,33,481,4.0,4.0,4.0,4.0,MonoConv
1635,93,240,21,ens.RandomForest,POW4,1.0335504604889685,0.0144501028898347,0.0002464016689763,32,0.5,32,33,481,2.0,2.0,2.0,2.0,MonoConv
1636,96,224,21,ens.RandomForest,LC-PFN,0.8651827462017536,0.0170274171978235,0.0002901606203522,32,0.5,32,33,482,4.0,4.0,4.0,4.0,MonoConv
1637,96,224,21,ens.RandomForest,MMF4,0.0169657086764604,0.0003368006075872,1.7276529839845366e-07,32,0.5,32,33,482,2.0,2.0,2.0,2.0,MonoConv
1638,96,224,21,ens.RandomForest,WBL4,0.0162868665521889,0.0003233126957534,1.5171490834741069e-07,32,0.5,32,33,482,1.0,1.0,1.0,1.0,MonoConv
1639,96,224,21,ens.RandomForest,POW4,0.2157916206744022,0.0042745501541586,1.8524940301259064e-05,32,0.5,32,33,482,3.0,3.0,3.0,3.0,MonoConv
1640,100,122,6,LogisticRegression,LC-PFN,0.0563641544431448,0.0010994136100634,1.4571299971066765e-06,40,0.5,40,40,486,1.0,1.0,1.0,1.0,MonoConv
1641,100,122,6,LogisticRegression,MMF4,0.150653058328984,0.00294680776396,1.1053795769563402e-05,40,0.5,40,40,486,3.0,3.0,3.0,3.0,MonoConv
1642,100,122,6,LogisticRegression,WBL4,0.1313059372880348,0.0025672634889358,7.918858228974735e-06,40,0.5,40,40,486,2.0,2.0,2.0,2.0,MonoConv
1643,100,122,6,LogisticRegression,POW4,0.1854333795683063,0.0036292162884695,1.7366445315363634e-05,40,0.5,40,40,486,4.0,4.0,4.0,4.0,MonoConv
1644,99,146,22,ens.GradientBoosting,LC-PFN,0.8948524482548237,0.0176148954778909,0.000310810864903,25,0.5,25,23,487,4.0,4.0,4.0,4.0,MonoConv
1645,99,146,22,ens.GradientBoosting,MMF4,0.045963615564984,0.000912746456538,1.261446061088455e-06,25,0.5,25,23,487,1.0,1.0,1.0,1.0,MonoConv
1646,99,146,22,ens.GradientBoosting,WBL4,0.0954894482064416,0.0018950020858601,4.277275453516637e-06,25,0.5,25,23,487,2.0,2.0,2.0,2.0,MonoConv
1647,99,146,22,ens.GradientBoosting,POW4,0.3302408818798426,0.006537497735987,4.342511919613826e-05,25,0.5,25,23,487,3.0,3.0,3.0,3.0,MonoConv
1648,97,87,0,SVC_linear,LC-PFN,0.9617583826184272,0.0125851407647132,0.0001940680667757,25,0.5,25,21,488,1.0,1.0,1.0,1.0,MonoConv
1649,97,87,0,SVC_linear,MMF4,2.168609093108251,0.0289603083529742,0.0011639711516181,25,0.5,25,21,488,3.0,3.0,3.0,3.0,MonoConv
1650,97,87,0,SVC_linear,WBL4,8.111716098581157,0.1205811664442977,0.023460336335147,25,0.5,25,21,488,4.0,4.0,4.0,4.0,MonoConv
1651,97,87,0,SVC_linear,POW4,2.04311730005537,0.0272857399671666,0.0010943690148645,25,0.5,25,21,488,2.0,2.0,2.0,2.0,MonoConv
1652,103,54,20,ens.ExtraTrees,LC-PFN,1.797756925225258,0.0296437349170446,0.0009797349339351,29,0.5,29,30,489,2.0,2.0,2.0,2.0,MonoConv
1653,103,54,20,ens.ExtraTrees,MMF4,2.788736446228671,0.0458172812507424,0.002668768915344,29,0.5,29,30,489,3.0,3.0,3.0,3.0,MonoConv
1654,103,54,20,ens.ExtraTrees,WBL4,4.5987476583438776,0.073926970005283,0.0067634817234494,29,0.5,29,30,489,4.0,4.0,4.0,4.0,MonoConv
1655,103,54,20,ens.ExtraTrees,POW4,0.5783787764523041,0.0096307070487955,0.0001123825078799,29,0.5,29,30,489,1.0,1.0,1.0,1.0,MonoConv
1656,105,158,22,ens.GradientBoosting,LC-PFN,0.3132789162918925,0.0060889101587235,4.814399653696455e-05,25,0.5,25,26,490,2.0,2.0,2.0,2.0,MonoConv
1657,105,158,22,ens.GradientBoosting,MMF4,0.6343169322753117,0.0122650442667535,0.0001867235045364,25,0.5,25,26,490,4.0,4.0,4.0,4.0,MonoConv
1658,105,158,22,ens.GradientBoosting,WBL4,0.6243404863485904,0.0120737512503108,0.0001846490741218,25,0.5,25,26,490,3.0,3.0,3.0,3.0,MonoConv
1659,105,158,22,ens.GradientBoosting,POW4,0.1890334180669371,0.0036776605250905,2.158877986691271e-05,25,0.5,25,26,490,1.0,1.0,1.0,1.0,MonoConv
1660,106,8,22,ens.GradientBoosting,LC-PFN,0.780680263414979,0.0107172131538391,0.0001750222436385,27,0.5,27,27,492,1.0,1.0,1.0,1.0,MonoConv
1661,106,8,22,ens.GradientBoosting,MMF4,2.533637303110292,0.034387168683959,0.0014212807888989,27,0.5,27,27,492,3.0,3.0,3.0,3.0,MonoConv
1662,106,8,22,ens.GradientBoosting,WBL4,2.742420336103048,0.0371360931855251,0.0016773448620983,27,0.5,27,27,492,4.0,4.0,4.0,4.0,MonoConv
1663,106,8,22,ens.GradientBoosting,POW4,1.1779684902486776,0.0162282341431894,0.0003328479780501,27,0.5,27,27,492,2.0,2.0,2.0,2.0,MonoConv
1664,107,239,4,Decision Tree,LC-PFN,1.2006154283881187,0.0186300911009311,0.0004281175497453,45,0.5,45,45,493,4.0,4.0,4.0,4.0,MonoConv
1665,107,239,4,Decision Tree,MMF4,0.5181615182904528,0.0083551392792927,0.0002003370595558,45,0.5,45,45,493,2.0,2.0,2.0,2.0,MonoConv
1666,107,239,4,Decision Tree,WBL4,0.5602962264870748,0.009030018078138,0.0002142027286645,45,0.5,45,45,493,3.0,3.0,3.0,3.0,MonoConv
1667,107,239,4,Decision Tree,POW4,0.436336445879712,0.0070178675043664,0.0001632538716823,45,0.5,45,45,493,1.0,1.0,1.0,1.0,MonoConv
1668,108,252,18,KNN,LC-PFN,12.851615250110626,0.1194432526826858,0.0145790269598364,35,0.5,35,35,494,3.0,3.0,3.0,3.0,MonoConv
1669,108,252,18,KNN,MMF4,9.470824369421596,0.0972004273146167,0.0126089090065332,35,0.5,35,35,494,2.0,2.0,2.0,2.0,MonoConv
1670,108,252,18,KNN,WBL4,13.730135901913052,0.1344872619662907,0.0242283989419872,35,0.5,35,35,494,4.0,4.0,4.0,4.0,MonoConv
1671,108,252,18,KNN,POW4,5.887413897157025,0.059664771903938,0.0038634407053151,35,0.5,35,35,494,1.0,1.0,1.0,1.0,MonoConv
1672,104,225,8,Perceptron,LC-PFN,0.930037721991539,0.0179496258497238,0.0003323980490677,30,0.5,30,31,495,4.0,4.0,4.0,4.0,MonoConv
1673,104,225,8,Perceptron,MMF4,0.1874298807901749,0.0035841872795131,1.802426550178524e-05,30,0.5,30,31,495,2.0,2.0,2.0,2.0,MonoConv
1674,104,225,8,Perceptron,WBL4,0.2653159427313392,0.0050685385690377,3.514066801207352e-05,30,0.5,30,31,495,3.0,3.0,3.0,3.0,MonoConv
1675,104,225,8,Perceptron,POW4,0.1557233622162241,0.0029812840174834,1.2094945858623914e-05,30,0.5,30,31,495,1.0,1.0,1.0,1.0,MonoConv
1676,112,36,5,ExtraTree,LC-PFN,0.4701529629528522,0.0084504233673214,9.251178562408312e-05,25,0.5,25,24,499,1.0,1.0,1.0,1.0,MonoConv
1677,112,36,5,ExtraTree,MMF4,0.7268285306168811,0.0129558368119547,0.0002334413594333,25,0.5,25,24,499,2.0,2.0,2.0,2.0,MonoConv
1678,112,36,5,ExtraTree,WBL4,0.7613042482257286,0.0135639894577197,0.0002509290813703,25,0.5,25,24,499,3.0,3.0,3.0,3.0,MonoConv
1679,112,36,5,ExtraTree,POW4,1.1436002896591169,0.0208274668218743,0.0005636965217022,25,0.5,25,24,499,4.0,4.0,4.0,4.0,MonoConv
1680,113,186,6,LogisticRegression,LC-PFN,1.2395501136779783,0.0235457103699445,0.0005564789753407,28,0.5,28,29,500,4.0,4.0,4.0,4.0,MonoConv
1681,113,186,6,LogisticRegression,MMF4,0.7635538697831412,0.0142224312729269,0.0002170650981003,28,0.5,28,29,500,1.0,1.0,1.0,1.0,MonoConv
1682,113,186,6,LogisticRegression,WBL4,0.8612131347061713,0.016024904298728,0.0002726421604659,28,0.5,28,29,500,2.0,2.0,2.0,2.0,MonoConv
1683,113,186,6,LogisticRegression,POW4,0.8932628772017146,0.017017748994337,0.0004243684591345,28,0.5,28,29,500,3.0,3.0,3.0,3.0,MonoConv
1684,117,19,6,LogisticRegression,LC-PFN,0.2003097673878073,0.0036409199237823,1.6786701962701045e-05,27,0.5,27,28,505,1.0,1.0,1.0,1.0,MonoConv
1685,117,19,6,LogisticRegression,MMF4,2.131219236642307,0.0380452765711259,0.0015843595300331,27,0.5,27,28,505,3.0,3.0,3.0,3.0,MonoConv
1686,117,19,6,LogisticRegression,WBL4,2.444278650085117,0.0434887596650943,0.0020525895134723,27,0.5,27,28,505,4.0,4.0,4.0,4.0,MonoConv
1687,117,19,6,LogisticRegression,POW4,1.4003561751860143,0.0260719573101268,0.0008305849523552,27,0.5,27,28,505,2.0,2.0,2.0,2.0,MonoConv
1688,114,111,20,ens.ExtraTrees,LC-PFN,2.700762450695038,0.0433929860591888,0.002334932796657,25,0.5,25,21,506,4.0,4.0,4.0,4.0,MonoConv
1689,114,111,20,ens.ExtraTrees,MMF4,1.3911194412482593,0.0226075523739613,0.0006279178237114,25,0.5,25,21,506,2.0,2.0,2.0,2.0,MonoConv
1690,114,111,20,ens.ExtraTrees,WBL4,1.2415084641562093,0.0201836983077311,0.0005026354099568,25,0.5,25,21,506,1.0,1.0,1.0,1.0,MonoConv
1691,114,111,20,ens.ExtraTrees,POW4,1.6448911696423894,0.0266847110689648,0.0008689620538347,25,0.5,25,21,506,3.0,3.0,3.0,3.0,MonoConv
1692,124,179,20,ens.ExtraTrees,LC-PFN,0.7611760403960943,0.0148878833279013,0.0002676595177035,38,0.5,38,38,508,3.0,3.0,3.0,3.0,MonoConv
1693,124,179,20,ens.ExtraTrees,MMF4,0.3332421311286207,0.0064679936270763,5.2803286088736186e-05,38,0.5,38,38,508,2.0,2.0,2.0,2.0,MonoConv
1694,124,179,20,ens.ExtraTrees,WBL4,0.2512934383580578,0.0049294404464258,2.584361639159799e-05,38,0.5,38,38,508,1.0,1.0,1.0,1.0,MonoConv
1695,124,179,20,ens.ExtraTrees,POW4,1.6105269162261908,0.0309404641985507,0.001033220996065,38,0.5,38,38,508,4.0,4.0,4.0,4.0,MonoConv
1696,120,57,0,SVC_linear,LC-PFN,3.030254691839218,0.0470074266195297,0.0023886046838015,25,0.5,25,26,509,2.0,2.0,2.0,2.0,MonoConv
1697,120,57,0,SVC_linear,MMF4,4.658366097502483,0.0715652885186381,0.0062828637947442,25,0.5,25,26,509,3.0,3.0,3.0,3.0,MonoConv
1698,120,57,0,SVC_linear,WBL4,6.240651169497676,0.0941798964664094,0.010844678186013,25,0.5,25,26,509,4.0,4.0,4.0,4.0,MonoConv
1699,120,57,0,SVC_linear,POW4,0.3438746482201354,0.0052922185747014,3.8418818833005866e-05,25,0.5,25,26,509,1.0,1.0,1.0,1.0,MonoConv
1700,123,156,4,Decision Tree,LC-PFN,0.2535370178520679,0.0046265539713203,3.467956412350759e-05,25,0.5,25,26,511,1.0,1.0,1.0,1.0,MonoConv
1701,123,156,4,Decision Tree,MMF4,1.7652333971188892,0.0319417384104651,0.0012074475589261,25,0.5,25,26,511,3.0,3.0,3.0,3.0,MonoConv
1702,123,156,4,Decision Tree,WBL4,1.7872279921600391,0.0323315321412054,0.0012382189178249,25,0.5,25,26,511,4.0,4.0,4.0,4.0,MonoConv
1703,123,156,4,Decision Tree,POW4,0.3172153824872212,0.0058290756558052,4.692967981560671e-05,25,0.5,25,26,511,2.0,2.0,2.0,2.0,MonoConv
1704,127,170,20,ens.ExtraTrees,LC-PFN,0.9351341985166072,0.0150685608386993,0.0002516515960451,25,0.5,25,2,513,4.0,4.0,4.0,4.0,MonoConv
1705,127,170,20,ens.ExtraTrees,MMF4,0.6260999323672576,0.0101260640688455,0.0001401250847404,25,0.5,25,2,513,3.0,3.0,3.0,3.0,MonoConv
1706,127,170,20,ens.ExtraTrees,WBL4,0.3420000558199919,0.0055555555555551,4.026864230261848e-05,25,0.5,25,2,513,2.0,2.0,1.0,1.6666666666666667,MonoConv
1707,127,170,20,ens.ExtraTrees,POW4,0.3420000557148995,0.0055555555538721,4.026865073031343e-05,25,0.5,25,2,513,1.0,1.0,2.0,1.3333333333333333,MonoConv
1708,122,22,8,Perceptron,LC-PFN,7.4299655854702,0.0815897732973098,0.0071523403748869,31,0.5,31,32,514,4.0,4.0,4.0,4.0,MonoConv
1709,122,22,8,Perceptron,MMF4,6.798798048667712,0.0755714021717425,0.0069144792150136,31,0.5,31,32,514,3.0,3.0,3.0,3.0,MonoConv
1710,122,22,8,Perceptron,WBL4,6.535256440249891,0.0728696640866115,0.0065884533718703,31,0.5,31,32,514,2.0,2.0,2.0,2.0,MonoConv
1711,122,22,8,Perceptron,POW4,6.164516248377332,0.0689510327246567,0.0056279534277911,31,0.5,31,32,514,1.0,1.0,1.0,1.0,MonoConv
1712,128,124,21,ens.RandomForest,LC-PFN,0.2180464100092649,0.0038122758269309,1.7549014955875464e-05,32,0.5,32,32,517,1.0,1.0,1.0,1.0,MonoConv
1713,128,124,21,ens.RandomForest,MMF4,0.8197302079250152,0.0142627568323728,0.0002509743863624,32,0.5,32,32,517,2.0,2.0,2.0,2.0,MonoConv
1714,128,124,21,ens.RandomForest,WBL4,1.3587974586373484,0.0234909682194296,0.0006384076885945,32,0.5,32,32,517,4.0,3.0,3.0,3.3333333333333335,MonoConv
1715,128,124,21,ens.RandomForest,POW4,1.337182521280901,0.0238261101133029,0.0006434360462085,32,0.5,32,32,517,3.0,4.0,4.0,3.6666666666666665,MonoConv
1716,131,219,6,LogisticRegression,LC-PFN,1.025184616446495,0.0145508665591478,0.000329049420543,29,0.5,29,30,518,1.0,1.0,1.0,1.0,MonoConv
1717,131,219,6,LogisticRegression,MMF4,2.972021355438077,0.0407402582908324,0.0019394678435328,29,0.5,29,30,518,3.0,3.0,2.0,2.6666666666666665,MonoConv
1718,131,219,6,LogisticRegression,WBL4,5.205533712832851,0.0696348701250389,0.005706801820107,29,0.5,29,30,518,4.0,4.0,4.0,4.0,MonoConv
1719,131,219,6,LogisticRegression,POW4,2.3649123768370046,0.0354059500252249,0.0021068926804465,29,0.5,29,30,518,2.0,2.0,3.0,2.3333333333333335,MonoConv
1720,133,7,7,PassiveAggressive,LC-PFN,0.2451548585668206,0.0045061330311,2.7435155061539263e-05,27,0.5,27,27,519,1.0,1.0,1.0,1.0,MonoConv
1721,133,7,7,PassiveAggressive,MMF4,1.8935574822369807,0.0341294488002799,0.0013527137400619,27,0.5,27,27,519,3.0,3.0,3.0,3.0,MonoConv
1722,133,7,7,PassiveAggressive,WBL4,2.2958312589771674,0.0411932757077019,0.001965488045651,27,0.5,27,27,519,4.0,4.0,4.0,4.0,MonoConv
1723,133,7,7,PassiveAggressive,POW4,0.7327255189972344,0.0136589130264048,0.0002472626588492,27,0.5,27,27,519,2.0,2.0,2.0,2.0,MonoConv
1724,137,116,0,SVC_linear,LC-PFN,0.7737057749181986,0.015230213291943,0.0002638047444634,27,0.5,27,28,521,4.0,4.0,4.0,4.0,MonoConv
1725,137,116,0,SVC_linear,MMF4,0.2521808379267383,0.0049908411031506,3.4838164674776434e-05,27,0.5,27,28,521,1.0,1.0,1.0,1.0,MonoConv
1726,137,116,0,SVC_linear,WBL4,0.2690140883037969,0.0053237062553407,3.768522863043309e-05,27,0.5,27,28,521,2.0,2.0,2.0,2.0,MonoConv
1727,137,116,0,SVC_linear,POW4,0.2961207108165768,0.0058719609460583,6.115728733205624e-05,27,0.5,27,28,521,3.0,3.0,3.0,3.0,MonoConv
1728,143,262,22,ens.GradientBoosting,LC-PFN,1.1656511574983597,0.0168783422559499,0.0003853222879115,64,0.5,64,64,528,3.0,3.0,3.0,3.0,MonoConv
1729,143,262,22,ens.GradientBoosting,MMF4,0.4762034617024895,0.0068217051802973,5.693668441898627e-05,64,0.5,64,64,528,2.0,2.0,2.0,2.0,MonoConv
1730,143,262,22,ens.GradientBoosting,WBL4,0.4401162088201689,0.0062354067548873,4.6408181710459634e-05,64,0.5,64,64,528,1.0,1.0,1.0,1.0,MonoConv
1731,143,262,22,ens.GradientBoosting,POW4,1.2928836810235351,0.0187197276787043,0.000441027029279,64,0.5,64,64,528,4.0,4.0,4.0,4.0,MonoConv
1732,144,114,5,ExtraTree,LC-PFN,0.8038725703954697,0.0143268890678882,0.0002637031720951,25,0.5,25,22,531,1.0,1.0,1.0,1.0,MonoConv
1733,144,114,5,ExtraTree,MMF4,1.8857818954900976,0.0331856508502164,0.0012892467339081,25,0.5,25,22,531,3.0,3.0,3.0,3.0,MonoConv
1734,144,114,5,ExtraTree,WBL4,1.900396395032221,0.0334372355802801,0.0013060080977926,25,0.5,25,22,531,4.0,4.0,4.0,4.0,MonoConv
1735,144,114,5,ExtraTree,POW4,1.3642373552837546,0.0241586623696136,0.0007430652586158,25,0.5,25,22,531,2.0,2.0,2.0,2.0,MonoConv
1736,148,238,21,ens.RandomForest,LC-PFN,1.2996303848922253,0.0219222363084554,0.0005469841416925,47,0.5,47,48,532,2.0,2.0,2.0,2.0,MonoConv
1737,148,238,21,ens.RandomForest,MMF4,2.5207864414557304,0.0419871223475103,0.0021550583934316,47,0.5,47,48,532,3.0,3.0,3.0,3.0,MonoConv
1738,148,238,21,ens.RandomForest,WBL4,3.4159526846423685,0.0563085284609393,0.0037018911907073,47,0.5,47,48,532,4.0,4.0,4.0,4.0,MonoConv
1739,148,238,21,ens.RandomForest,POW4,1.2085817563325725,0.0207619099545839,0.0004370127088742,47,0.5,47,48,532,1.0,1.0,1.0,1.0,MonoConv
1740,152,43,22,ens.GradientBoosting,LC-PFN,7.684587687253952,0.110171191394329,0.0145251313224434,25,0.5,25,21,536,4.0,4.0,4.0,4.0,MonoConv
1741,152,43,22,ens.GradientBoosting,MMF4,1.8488594853968965,0.0284081620650869,0.0010743835286324,25,0.5,25,21,536,1.0,1.0,1.0,1.0,MonoConv
1742,152,43,22,ens.GradientBoosting,WBL4,3.2003033394656524,0.0491660215821957,0.0036505406288456,25,0.5,25,21,536,2.0,2.0,2.0,2.0,MonoConv
1743,152,43,22,ens.GradientBoosting,POW4,7.5407962820587455,0.1077530264245297,0.0133781702684593,25,0.5,25,21,536,3.0,3.0,3.0,3.0,MonoConv
1744,146,4,6,LogisticRegression,LC-PFN,0.4841711837798357,0.0068567693233489,6.344750727294013e-05,25,0.5,25,6,540,3.0,3.0,3.0,3.0,MonoConv
1745,146,4,6,LogisticRegression,MMF4,0.3565529843222736,0.0050643316116728,3.870172893181942e-05,25,0.5,25,6,540,2.0,2.0,2.0,2.0,MonoConv
1746,146,4,6,LogisticRegression,WBL4,0.3493776770951387,0.0049619347066558,3.639268869167467e-05,25,0.5,25,6,540,1.0,1.0,1.0,1.0,MonoConv
1747,146,4,6,LogisticRegression,POW4,0.5307804941969644,0.0075581616050329,8.270734005695515e-05,25,0.5,25,6,540,4.0,4.0,4.0,4.0,MonoConv
1748,164,240,6,LogisticRegression,LC-PFN,0.8937771432101727,0.011850313283503,0.0002446662692818,32,0.5,32,33,546,4.0,4.0,4.0,4.0,MonoConv
1749,164,240,6,LogisticRegression,MMF4,0.5844866021871589,0.0077364410883258,0.0001272451315154,32,0.5,32,33,546,2.0,2.0,1.0,1.6666666666666667,MonoConv
1750,164,240,6,LogisticRegression,WBL4,0.5808134659410055,0.0076881988250946,0.0001328261416358,32,0.5,32,33,546,1.0,1.0,2.0,1.3333333333333333,MonoConv
1751,164,240,6,LogisticRegression,POW4,0.7761597875615753,0.0102721908996325,0.0001517522780218,32,0.5,32,33,546,3.0,3.0,3.0,3.0,MonoConv
1752,159,181,20,ens.ExtraTrees,LC-PFN,4.171120375394821,0.0443447567522525,0.002152633620426,25,0.5,25,23,547,4.0,4.0,4.0,4.0,MonoConv
1753,159,181,20,ens.ExtraTrees,MMF4,1.6318062516056004,0.0187423590841076,0.0005059024693819,25,0.5,25,23,547,2.0,2.0,2.0,2.0,MonoConv
1754,159,181,20,ens.ExtraTrees,WBL4,2.846820326170363,0.0310144497183667,0.0015204291550421,25,0.5,25,23,547,3.0,3.0,3.0,3.0,MonoConv
1755,159,181,20,ens.ExtraTrees,POW4,1.2071553592068267,0.0134094301599964,0.0002581229785177,25,0.5,25,23,547,1.0,1.0,1.0,1.0,MonoConv
1756,163,235,4,Decision Tree,LC-PFN,0.2837681211531162,0.0055053085088729,5.3111929446458817e-05,32,0.5,32,32,548,1.0,1.0,1.0,1.0,MonoConv
1757,163,235,4,Decision Tree,MMF4,0.8344555961323491,0.0160896490286026,0.0003016360401153,32,0.5,32,32,548,3.0,3.0,3.0,3.0,MonoConv
1758,163,235,4,Decision Tree,WBL4,0.8635501727666438,0.0166450654541203,0.0003207957001813,32,0.5,32,32,548,4.0,4.0,4.0,4.0,MonoConv
1759,163,235,4,Decision Tree,POW4,0.4232565182605836,0.0082771246149831,8.010381785393624e-05,32,0.5,32,32,548,2.0,2.0,2.0,2.0,MonoConv
1760,160,75,8,Perceptron,LC-PFN,1.337574329227209,0.0156912580132484,0.0004179299867246,25,0.5,25,21,549,1.0,1.0,1.0,1.0,MonoConv
1761,160,75,8,Perceptron,MMF4,2.692014457752343,0.0322761292430785,0.0015145241000997,25,0.5,25,21,549,3.0,3.0,3.0,3.0,MonoConv
1762,160,75,8,Perceptron,WBL4,2.761874284294764,0.0331597391462972,0.0016080091082456,25,0.5,25,21,549,4.0,4.0,4.0,4.0,MonoConv
1763,160,75,8,Perceptron,POW4,2.133503271052343,0.0253174090432631,0.0009123144342032,25,0.5,25,21,549,2.0,2.0,2.0,2.0,MonoConv
1764,162,33,5,ExtraTree,LC-PFN,6.060358136892319,0.0479351319372653,0.0025563470553606,25,0.5,25,25,550,4.0,4.0,4.0,4.0,MonoConv
1765,162,33,5,ExtraTree,MMF4,4.62667286740781,0.0382497800216628,0.0018057446551852,25,0.5,25,25,550,2.0,2.0,2.0,2.0,MonoConv
1766,162,33,5,ExtraTree,WBL4,5.148616714566539,0.0423092341799971,0.002154771448819,25,0.5,25,25,550,3.0,3.0,3.0,3.0,MonoConv
1767,162,33,5,ExtraTree,POW4,2.7127716883987727,0.0229704969457404,0.0007119621125012,25,0.5,25,25,550,1.0,1.0,1.0,1.0,MonoConv
1768,168,129,22,ens.GradientBoosting,LC-PFN,0.8039356209337711,0.0158189292997121,0.0002677138254512,30,0.5,30,31,551,3.0,3.0,3.0,3.0,MonoConv
1769,168,129,22,ens.GradientBoosting,MMF4,0.2483668207059868,0.0049134387590975,2.5404584854304305e-05,30,0.5,30,31,551,2.0,2.0,2.0,2.0,MonoConv
1770,168,129,22,ens.GradientBoosting,WBL4,0.2163436177397895,0.004280173217879,1.9484423968487605e-05,30,0.5,30,31,551,1.0,1.0,1.0,1.0,MonoConv
1771,168,129,22,ens.GradientBoosting,POW4,1.1564004151974798,0.0226709691066956,0.0005326975672368,30,0.5,30,31,551,4.0,4.0,4.0,4.0,MonoConv
1772,169,222,4,Decision Tree,LC-PFN,0.675097992643714,0.0120699573308229,0.0001669133780524,32,0.5,32,32,552,2.0,2.0,2.0,2.0,MonoConv
1773,169,222,4,Decision Tree,MMF4,3.251489631305738,0.060943990476674,0.0043687696881631,32,0.5,32,32,552,4.0,4.0,4.0,4.0,MonoConv
1774,169,222,4,Decision Tree,WBL4,0.4368618315498528,0.007817914861402,7.987992732201544e-05,32,0.5,32,32,552,1.0,1.0,1.0,1.0,MonoConv
1775,169,222,4,Decision Tree,POW4,0.7102027444233572,0.0128470357299713,0.0002165611777221,32,0.5,32,32,552,3.0,3.0,3.0,3.0,MonoConv
1776,178,130,0,SVC_linear,LC-PFN,2.07255519926548,0.0314471162855625,0.0014844791730865,34,0.5,34,35,558,2.0,2.0,2.0,2.0,MonoConv
1777,178,130,0,SVC_linear,MMF4,3.3451704787374914,0.0500133448483457,0.0032256279842172,34,0.5,34,35,558,3.0,3.0,3.0,3.0,MonoConv
1778,178,130,0,SVC_linear,WBL4,3.352615086693436,0.0501200465434625,0.0032368233171031,34,0.5,34,35,558,4.0,4.0,4.0,4.0,MonoConv
1779,178,130,0,SVC_linear,POW4,1.9495657275510048,0.0296306728435075,0.0012947161749399,34,0.5,34,35,558,1.0,1.0,1.0,1.0,MonoConv
1780,166,88,8,Perceptron,LC-PFN,1.0174174793064594,0.0138708148151636,0.0003612486761994,35,0.5,35,35,559,4.0,4.0,4.0,4.0,MonoConv
1781,166,88,8,Perceptron,MMF4,0.9073525759708314,0.012327059858146,0.000233675158525,35,0.5,35,35,559,2.0,2.0,2.0,2.0,MonoConv
1782,166,88,8,Perceptron,WBL4,0.908618962931554,0.0123441469269964,0.000234914692928,35,0.5,35,35,559,3.0,3.0,3.0,3.0,MonoConv
1783,166,88,8,Perceptron,POW4,0.8950450885297981,0.012160665179574,0.000213627105686,35,0.5,35,35,559,1.0,1.0,1.0,1.0,MonoConv
1784,176,81,6,LogisticRegression,LC-PFN,1.7022015526890757,0.0182455573230981,0.0004549844597931,27,0.5,27,28,563,4.0,4.0,4.0,4.0,MonoConv
1785,176,81,6,LogisticRegression,MMF4,1.67405181644794,0.0182049020120675,0.0003963255245812,27,0.5,27,28,563,3.0,3.0,3.0,3.0,MonoConv
1786,176,81,6,LogisticRegression,WBL4,1.521422482143325,0.0165748802179029,0.0003331181266769,27,0.5,27,28,563,1.0,1.0,1.0,1.0,MonoConv
1787,176,81,6,LogisticRegression,POW4,1.521423286171833,0.0165748888183099,0.0003331184170373,27,0.5,27,28,563,2.0,2.0,2.0,2.0,MonoConv
1788,179,3,5,ExtraTree,LC-PFN,2.584365755319596,0.0373864695429801,0.001696987543255,27,0.5,27,27,566,4.0,4.0,4.0,4.0,MonoConv
1789,179,3,5,ExtraTree,MMF4,2.3579332810764053,0.0346021208087623,0.0016963970063782,27,0.5,27,27,566,3.0,3.0,3.0,3.0,MonoConv
1790,179,3,5,ExtraTree,WBL4,1.1823266910767902,0.0176079572337493,0.0004681705476458,27,0.5,27,27,566,2.0,2.0,2.0,2.0,MonoConv
1791,179,3,5,ExtraTree,POW4,0.983366793151244,0.0145609838178075,0.0002993534086581,27,0.5,27,27,566,1.0,1.0,1.0,1.0,MonoConv
1792,186,244,4,Decision Tree,LC-PFN,0.3943828865885734,0.0070383441634476,8.328537660418078e-05,32,0.5,32,33,568,1.0,1.0,1.0,1.0,MonoConv
1793,186,244,4,Decision Tree,MMF4,0.98113967490914,0.0173636898706803,0.0004419770935758,32,0.5,32,33,568,2.0,2.0,2.0,2.0,MonoConv
1794,186,244,4,Decision Tree,WBL4,1.050601899771444,0.0185745263422982,0.0005031705927232,32,0.5,32,33,568,4.0,4.0,4.0,4.0,MonoConv
1795,186,244,4,Decision Tree,POW4,0.9850658979552808,0.0174321810553277,0.0004451137992066,32,0.5,32,33,568,3.0,3.0,3.0,3.0,MonoConv
1796,196,178,18,KNN,LC-PFN,4.439334198832512,0.0404196493327617,0.0017719242023304,33,0.5,33,34,576,4.0,4.0,4.0,4.0,MonoConv
1797,196,178,18,KNN,MMF4,1.1191768017847878,0.0114917009314788,0.0002976340297027,33,0.5,33,34,576,2.0,2.0,2.0,2.0,MonoConv
1798,196,178,18,KNN,WBL4,1.7978086926264232,0.0182282215917891,0.0006947084098981,33,0.5,33,34,576,3.0,3.0,3.0,3.0,MonoConv
1799,196,178,18,KNN,POW4,0.5998098071623503,0.0060721840912115,6.0089524417074267e-05,33,0.5,33,34,576,1.0,1.0,1.0,1.0,MonoConv
1800,190,103,21,ens.RandomForest,LC-PFN,0.1176129328086972,0.0022915275767445,7.862976417527534e-06,25,0.5,25,22,577,1.0,1.0,1.0,1.0,MonoConv
1801,190,103,21,ens.RandomForest,MMF4,0.4951429814145141,0.0096070923864779,0.0001017184511234,25,0.5,25,22,577,3.0,3.0,3.0,3.0,MonoConv
1802,190,103,21,ens.RandomForest,WBL4,0.5401648181692014,0.0104754897432528,0.0001196262482483,25,0.5,25,22,577,4.0,4.0,4.0,4.0,MonoConv
1803,190,103,21,ens.RandomForest,POW4,0.1904883905544064,0.0037095803398207,1.8103662316609816e-05,25,0.5,25,22,577,2.0,2.0,2.0,2.0,MonoConv
1804,198,236,4,Decision Tree,LC-PFN,0.7370997685939074,0.0128822578117251,0.0001882704964373,27,0.5,27,28,578,1.0,1.0,1.0,1.0,MonoConv
1805,198,236,4,Decision Tree,MMF4,2.072774098344695,0.0357858843912476,0.0015237228798073,27,0.5,27,28,578,2.0,2.0,2.0,2.0,MonoConv
1806,198,236,4,Decision Tree,WBL4,2.6856086778316643,0.0460432388560738,0.0024721031344917,27,0.5,27,28,578,4.0,4.0,4.0,4.0,MonoConv
1807,198,236,4,Decision Tree,POW4,2.143513250346213,0.0386374904435704,0.0016191490699829,27,0.5,27,28,578,3.0,3.0,3.0,3.0,MonoConv
1808,194,237,10,SGDClassifier,LC-PFN,0.5733487196266651,0.0106390416622161,0.0001367770601063,25,0.5,25,14,579,1.0,1.0,1.0,1.0,MonoConv
1809,194,237,10,SGDClassifier,MMF4,1.10069024027062,0.020327706201213,0.0005551312063818,25,0.5,25,14,579,3.0,3.0,3.0,3.0,MonoConv
1810,194,237,10,SGDClassifier,WBL4,1.3356740518287833,0.0245924198252353,0.000783134674847,25,0.5,25,14,579,4.0,4.0,4.0,4.0,MonoConv
1811,194,237,10,SGDClassifier,POW4,0.8891958748077159,0.0164634490168462,0.0003570614374056,25,0.5,25,14,579,2.0,2.0,2.0,2.0,MonoConv
1812,1,14,18,KNN,LC-PFN,0.2881817286834121,0.0056407274678349,4.233212530380115e-05,46,0.7,46,20,583,1.0,1.0,1.0,1.0,MonoConv
1813,1,14,18,KNN,MMF4,0.8658160344321538,0.0168290889133444,0.0002998425746723,46,0.7,46,20,583,2.0,2.0,2.0,2.0,MonoConv
1814,1,14,18,KNN,WBL4,1.3495030795158884,0.0260987480309656,0.0007102179064237,46,0.7,46,20,583,3.0,3.0,3.0,3.0,MonoConv
1815,1,14,18,KNN,POW4,1.4924266093253968,0.0287443620371047,0.0008702950144674,46,0.7,46,20,583,4.0,4.0,4.0,4.0,MonoConv
1816,0,260,5,ExtraTree,LC-PFN,0.4044482950121164,0.0050664329901337,3.731471588253044e-05,63,0.7,63,28,585,3.0,3.0,3.0,3.0,MonoConv
1817,0,260,5,ExtraTree,MMF4,0.5023205981627414,0.0062765642146476,4.107719648376068e-05,63,0.7,63,28,585,4.0,4.0,4.0,4.0,MonoConv
1818,0,260,5,ExtraTree,WBL4,0.1186584754558015,0.00149058350777,2.996062670154068e-06,63,0.7,63,28,585,2.0,2.0,2.0,2.0,MonoConv
1819,0,260,5,ExtraTree,POW4,0.1186580457364992,0.0014905781026773,2.996043230074999e-06,63,0.7,63,28,585,1.0,1.0,1.0,1.0,MonoConv
1820,2,157,20,ens.ExtraTrees,LC-PFN,0.3269130364060402,0.0063473246991634,4.768047801917419e-05,35,0.7,35,16,587,2.0,2.0,2.0,2.0,MonoConv
1821,2,157,20,ens.ExtraTrees,MMF4,0.3722187466580327,0.0071866943718947,5.916039249504201e-05,35,0.7,35,16,587,3.0,3.0,3.0,3.0,MonoConv
1822,2,157,20,ens.ExtraTrees,WBL4,0.4226611053815661,0.0081559408323474,7.565359285469572e-05,35,0.7,35,16,587,4.0,4.0,4.0,4.0,MonoConv
1823,2,157,20,ens.ExtraTrees,POW4,0.1022605306676014,0.0019810789902104,5.2216115610176336e-06,35,0.7,35,16,587,1.0,1.0,1.0,1.0,MonoConv
1824,12,236,7,PassiveAggressive,LC-PFN,1.5441600233316422,0.0197865199297666,0.0005523102008737,38,0.7,38,17,589,2.0,2.0,2.0,2.0,MonoConv
1825,12,236,7,PassiveAggressive,MMF4,2.008822312442774,0.0256768568828156,0.0008821546499091,38,0.7,38,17,589,3.0,3.0,3.0,3.0,MonoConv
1826,12,236,7,PassiveAggressive,WBL4,2.1986597152099825,0.0280507813876241,0.001058905072806,38,0.7,38,17,589,4.0,4.0,4.0,4.0,MonoConv
1827,12,236,7,PassiveAggressive,POW4,1.3209771911068438,0.0169258318307167,0.0004922672207965,38,0.7,38,17,589,1.0,1.0,1.0,1.0,MonoConv
1828,14,2,6,LogisticRegression,LC-PFN,0.3139774082228541,0.0054387054406106,3.962331902584992e-05,28,0.7,28,12,590,3.0,3.0,3.0,3.0,MonoConv
1829,14,2,6,LogisticRegression,MMF4,0.1431320387517354,0.002474891719842,9.743293837244576e-06,28,0.7,28,12,590,2.0,2.0,2.0,2.0,MonoConv
1830,14,2,6,LogisticRegression,WBL4,0.1379531345803781,0.0023851861889815,8.87371455789799e-06,28,0.7,28,12,590,1.0,1.0,1.0,1.0,MonoConv
1831,14,2,6,LogisticRegression,POW4,0.8810165307910192,0.0153677087695433,0.0002515011238014,28,0.7,28,12,590,4.0,4.0,4.0,4.0,MonoConv
1832,10,162,22,ens.GradientBoosting,LC-PFN,0.9794811718165874,0.0193020366132259,0.000373471295461,35,0.7,35,16,592,4.0,4.0,4.0,4.0,MonoConv
1833,10,162,22,ens.GradientBoosting,MMF4,0.1561619414935377,0.0031123576016551,9.956297209888491e-06,35,0.7,35,16,592,2.0,2.0,2.0,2.0,MonoConv
1834,10,162,22,ens.GradientBoosting,WBL4,0.0536763126621445,0.0010682454800361,1.5868391385207532e-06,35,0.7,35,16,592,1.0,1.0,1.0,1.0,MonoConv
1835,10,162,22,ens.GradientBoosting,POW4,0.8378850832274478,0.0165349435479846,0.0002743563662784,35,0.7,35,16,592,3.0,3.0,3.0,3.0,MonoConv
1836,7,77,10,SGDClassifier,LC-PFN,1.1023721657693386,0.013270148076117,0.0002807995770126,32,0.7,32,14,595,4.0,4.0,4.0,4.0,MonoConv
1837,7,77,10,SGDClassifier,MMF4,0.91576856582715,0.0110709272866626,0.0001506410709265,32,0.7,32,14,595,1.0,1.0,1.0,1.0,MonoConv
1838,7,77,10,SGDClassifier,WBL4,1.091308542610657,0.0132379760400365,0.0002667917652245,32,0.7,32,14,595,3.0,3.0,3.0,3.0,MonoConv
1839,7,77,10,SGDClassifier,POW4,0.9192896619647766,0.0111135908034145,0.0001522836961782,32,0.7,32,14,595,2.0,2.0,2.0,2.0,MonoConv
1840,18,48,7,PassiveAggressive,LC-PFN,0.664273090660572,0.0102816419675946,0.0001659983390709,70,0.7,70,30,602,4.0,4.0,4.0,4.0,MonoConv
1841,18,48,7,PassiveAggressive,MMF4,0.5617449297558366,0.0086872862397917,0.0001163705283585,70,0.7,70,30,602,2.0,2.0,1.0,1.6666666666666667,MonoConv
1842,18,48,7,PassiveAggressive,WBL4,0.5495264187687291,0.0084985700632797,0.0001186905095322,70,0.7,70,30,602,1.0,1.0,2.0,1.3333333333333333,MonoConv
1843,18,48,7,PassiveAggressive,POW4,0.5967098204239354,0.009228861482099,0.0001250091615373,70,0.7,70,30,602,3.0,3.0,3.0,3.0,MonoConv
1844,19,60,6,LogisticRegression,LC-PFN,1.244998164474964,0.0245937705039978,0.0006048546638339,25,0.7,25,2,605,4.0,4.0,4.0,4.0,MonoConv
1845,19,60,6,LogisticRegression,MMF4,0.0432674222155429,0.0008649717236886,7.531111203842168e-07,25,0.7,25,2,605,2.0,2.0,2.0,2.0,MonoConv
1846,19,60,6,LogisticRegression,WBL4,0.0398095362224604,0.0007958733837665,6.344279952326569e-07,25,0.7,25,2,605,1.0,1.0,1.0,1.0,MonoConv
1847,19,60,6,LogisticRegression,POW4,0.6306218298270719,0.0125333982511505,0.0001570860717219,25,0.7,25,2,605,3.0,3.0,3.0,3.0,MonoConv
1848,26,194,6,LogisticRegression,LC-PFN,22.076699137687683,0.0904957503080368,0.0081915631890296,73,0.7,73,32,606,4.0,4.0,4.0,4.0,MonoConv
1849,26,194,6,LogisticRegression,MMF4,0.3715315005157553,0.0018581854523035,4.984018347480429e-06,73,0.7,73,32,606,3.0,3.0,3.0,3.0,MonoConv
1850,26,194,6,LogisticRegression,WBL4,0.3641983837600739,0.0018221316392924,4.882567218411594e-06,73,0.7,73,32,606,2.0,2.0,2.0,2.0,MonoConv
1851,26,194,6,LogisticRegression,POW4,0.2738157748610697,0.0013709067173905,2.811479915215332e-06,73,0.7,73,32,606,1.0,1.0,1.0,1.0,MonoConv
1852,21,128,8,Perceptron,LC-PFN,0.5828430876135826,0.0114402417093515,0.0001355231506749,37,0.7,37,17,608,4.0,4.0,4.0,4.0,MonoConv
1853,21,128,8,Perceptron,MMF4,0.2959017802085639,0.0058258773574406,3.875848122681997e-05,37,0.7,37,17,608,2.0,2.0,2.0,2.0,MonoConv
1854,21,128,8,Perceptron,WBL4,0.2983011132469121,0.0058729565213748,3.930925254519928e-05,37,0.7,37,17,608,3.0,3.0,3.0,3.0,MonoConv
1855,21,128,8,Perceptron,POW4,0.2057158674349424,0.0040546216333776,2.0802726288115077e-05,37,0.7,37,17,608,1.0,1.0,1.0,1.0,MonoConv
1856,28,103,7,PassiveAggressive,LC-PFN,1.1187627911567688,0.0213903822004795,0.0005267751985229,32,0.7,32,15,609,4.0,4.0,4.0,4.0,MonoConv
1857,28,103,7,PassiveAggressive,MMF4,0.6170997937515953,0.0116607106355498,0.0001924880948045,32,0.7,32,15,609,2.0,2.0,2.0,2.0,MonoConv
1858,28,103,7,PassiveAggressive,WBL4,0.9889680034026694,0.0186007089047379,0.0004350965178273,32,0.7,32,15,609,3.0,3.0,3.0,3.0,MonoConv
1859,28,103,7,PassiveAggressive,POW4,0.4695210186134574,0.0088814229352132,0.0001379767692119,32,0.7,32,15,609,1.0,1.0,1.0,1.0,MonoConv
1860,35,98,6,LogisticRegression,LC-PFN,0.2271413337439298,0.0038560715038329,2.0969577235518955e-05,47,0.7,47,21,612,2.0,2.0,3.0,2.3333333333333335,MonoConv
1861,35,98,6,LogisticRegression,MMF4,0.1511798161773509,0.0025696753852667,8.428582391739873e-06,47,0.7,47,21,612,1.0,1.0,1.0,1.0,MonoConv
1862,35,98,6,LogisticRegression,WBL4,0.2300994203770688,0.0039074136039551,1.789462554968408e-05,47,0.7,47,21,612,3.0,3.0,2.0,2.6666666666666665,MonoConv
1863,35,98,6,LogisticRegression,POW4,1.0193195274025633,0.017530206721117,0.0003212378408454,47,0.7,47,21,612,4.0,4.0,4.0,4.0,MonoConv
1864,29,193,7,PassiveAggressive,LC-PFN,13.050775229930878,0.030071398243308,0.0009047854691743,78,0.7,78,34,614,4.0,4.0,4.0,4.0,MonoConv
1865,29,193,7,PassiveAggressive,MMF4,0.226903072152852,0.0004547494379862,3.8674305677521387e-07,78,0.7,78,34,614,3.0,3.0,3.0,3.0,MonoConv
1866,29,193,7,PassiveAggressive,WBL4,0.2184853552407945,0.0004379064859714,3.5765171023523205e-07,78,0.7,78,34,614,2.0,2.0,1.0,1.6666666666666667,MonoConv
1867,29,193,7,PassiveAggressive,POW4,0.2184853550666885,0.0004379064856226,3.5765171024498865e-07,78,0.7,78,34,614,1.0,1.0,2.0,1.3333333333333333,MonoConv
1868,42,127,5,ExtraTree,LC-PFN,1.310230139642954,0.0251419264823198,0.0006368896574713,47,0.7,47,21,621,4.0,4.0,4.0,4.0,MonoConv
1869,42,127,5,ExtraTree,MMF4,0.4358700768601767,0.0082228197509104,7.235408703844942e-05,47,0.7,47,21,621,2.0,2.0,2.0,2.0,MonoConv
1870,42,127,5,ExtraTree,WBL4,0.601090745665565,0.0113202356650408,0.000134770627674,47,0.7,47,21,621,3.0,3.0,3.0,3.0,MonoConv
1871,42,127,5,ExtraTree,POW4,0.4147260370142994,0.007825655688974,6.579832908331834e-05,47,0.7,47,21,621,1.0,1.0,1.0,1.0,MonoConv
1872,44,243,22,ens.GradientBoosting,LC-PFN,0.3355083288624882,0.004961556289345,3.1800584110897034e-05,46,0.7,46,20,623,2.0,2.0,2.0,2.0,MonoConv
1873,44,243,22,ens.GradientBoosting,MMF4,1.5698102114822512,0.0228908741589468,0.0006191907041914,46,0.7,46,20,623,3.0,3.0,3.0,3.0,MonoConv
1874,44,243,22,ens.GradientBoosting,WBL4,1.8732739000363567,0.0272214222846183,0.0008464764850131,46,0.7,46,20,623,4.0,4.0,4.0,4.0,MonoConv
1875,44,243,22,ens.GradientBoosting,POW4,0.3240919930805422,0.0047710058259242,3.1465434396563064e-05,46,0.7,46,20,623,1.0,1.0,1.0,1.0,MonoConv
1876,45,251,10,SGDClassifier,LC-PFN,2.1084649488329887,0.0359614752233028,0.0015982311451807,50,0.7,50,22,624,4.0,4.0,4.0,4.0,MonoConv
1877,45,251,10,SGDClassifier,MMF4,1.4230443208731929,0.024488954077155,0.0007683093174016,50,0.7,50,22,624,3.0,3.0,3.0,3.0,MonoConv
1878,45,251,10,SGDClassifier,WBL4,1.3911643553767905,0.0239653418878926,0.0007590752097781,50,0.7,50,22,624,2.0,2.0,2.0,2.0,MonoConv
1879,45,251,10,SGDClassifier,POW4,0.8787694432443132,0.0152260703178976,0.0003006168281214,50,0.7,50,22,624,1.0,1.0,1.0,1.0,MonoConv
1880,46,10,6,LogisticRegression,LC-PFN,1.0826759971678257,0.0172127038240432,0.0003376819659024,37,0.7,37,17,626,1.0,1.0,1.0,1.0,MonoConv
1881,46,10,6,LogisticRegression,MMF4,2.3798998626832395,0.0372965526746221,0.0014871104519693,37,0.7,37,17,626,3.0,3.0,3.0,3.0,MonoConv
1882,46,10,6,LogisticRegression,WBL4,2.6023000757775607,0.0406932434615966,0.0017926443732103,37,0.7,37,17,626,4.0,4.0,4.0,4.0,MonoConv
1883,46,10,6,LogisticRegression,POW4,1.6953661336964825,0.0267547889355935,0.0007628680211055,37,0.7,37,17,626,2.0,2.0,2.0,2.0,MonoConv
1884,47,141,8,Perceptron,LC-PFN,2.312176115810871,0.0286662559956312,0.0014379781205207,51,0.7,51,22,628,1.0,1.0,1.0,1.0,MonoConv
1885,47,141,8,Perceptron,MMF4,2.675864598227125,0.033353646474985,0.0017211750657849,51,0.7,51,22,628,2.0,2.0,2.0,2.0,MonoConv
1886,47,141,8,Perceptron,WBL4,3.2743990296612715,0.0400540000579831,0.0024984276071522,51,0.7,51,22,628,4.0,4.0,4.0,4.0,MonoConv
1887,47,141,8,Perceptron,POW4,3.121288609804438,0.0382667300208748,0.0023386758511367,51,0.7,51,22,628,3.0,3.0,3.0,3.0,MonoConv
1888,54,227,6,LogisticRegression,LC-PFN,16.221825778484344,0.1060172170400619,0.01129194162786,65,0.7,65,28,634,4.0,4.0,4.0,4.0,MonoConv
1889,54,227,6,LogisticRegression,MMF4,2.867758337615942,0.0208783605327436,0.0004793501774928,65,0.7,65,28,634,2.0,2.0,2.0,2.0,MonoConv
1890,54,227,6,LogisticRegression,WBL4,2.7616432069527623,0.0200828549519095,0.0004530779926751,65,0.7,65,28,634,1.0,1.0,1.0,1.0,MonoConv
1891,54,227,6,LogisticRegression,POW4,5.635503044957031,0.0405888598198235,0.0016771029691965,65,0.7,65,28,634,3.0,3.0,3.0,3.0,MonoConv
1892,57,97,6,LogisticRegression,LC-PFN,0.5703081842511892,0.008665177039802,9.987783414544538e-05,54,0.7,54,24,635,4.0,4.0,4.0,4.0,MonoConv
1893,57,97,6,LogisticRegression,MMF4,0.090444728896836,0.0013629933169788,2.079364773033534e-06,54,0.7,54,24,635,1.0,1.0,1.0,1.0,MonoConv
1894,57,97,6,LogisticRegression,WBL4,0.1757147379217093,0.0026456220297404,7.207655853372287e-06,54,0.7,54,24,635,2.0,2.0,2.0,2.0,MonoConv
1895,57,97,6,LogisticRegression,POW4,0.3876487324821462,0.0058696717321902,3.5853344895371625e-05,54,0.7,54,24,635,3.0,3.0,3.0,3.0,MonoConv
1896,56,235,0,SVC_linear,LC-PFN,2.3029793053865437,0.0409146435558795,0.0022324400488287,44,0.7,44,20,636,4.0,4.0,4.0,4.0,MonoConv
1897,56,235,0,SVC_linear,MMF4,1.5372949053111424,0.0270556307874694,0.0010324351975614,44,0.7,44,20,636,1.0,1.0,1.0,1.0,MonoConv
1898,56,235,0,SVC_linear,WBL4,1.546486961138713,0.0272175624054438,0.0010349245437465,44,0.7,44,20,636,2.0,2.0,2.0,2.0,MonoConv
1899,56,235,0,SVC_linear,POW4,1.5548387475055463,0.0273648272055875,0.0010379808766438,44,0.7,44,20,636,3.0,3.0,3.0,3.0,MonoConv
1900,58,221,0,SVC_linear,LC-PFN,0.110154238063842,0.0016405383357778,3.2404241210315377e-06,32,0.7,32,15,638,1.0,1.0,1.0,1.0,MonoConv
1901,58,221,0,SVC_linear,MMF4,0.8631429138191944,0.0127702914701014,0.0001859999977875,32,0.7,32,15,638,3.0,3.0,3.0,3.0,MonoConv
1902,58,221,0,SVC_linear,WBL4,1.024488432499974,0.0151299420988677,0.0002590312012781,32,0.7,32,15,638,4.0,4.0,4.0,4.0,MonoConv
1903,58,221,0,SVC_linear,POW4,0.5640671627992551,0.008376150924404,8.66397093440498e-05,32,0.7,32,15,638,2.0,2.0,2.0,2.0,MonoConv
1904,60,251,0,SVC_linear,LC-PFN,2.532766386866569,0.0441474393010139,0.0025217905640602,50,0.7,50,22,639,4.0,4.0,4.0,4.0,MonoConv
1905,60,251,0,SVC_linear,MMF4,1.729032406893256,0.0304078192157897,0.0011541008671798,50,0.7,50,22,639,3.0,3.0,3.0,3.0,MonoConv
1906,60,251,0,SVC_linear,WBL4,1.585875199136845,0.027955148515044,0.0009962157590364,50,0.7,50,22,639,1.0,1.0,1.0,1.0,MonoConv
1907,60,251,0,SVC_linear,POW4,1.675574376800074,0.0294496342138701,0.0010404519689164,50,0.7,50,22,639,2.0,2.0,2.0,2.0,MonoConv
1908,62,39,6,LogisticRegression,LC-PFN,3.0647046864032745,0.0369321443140506,0.0014475777279585,72,0.7,72,31,641,1.0,1.0,1.0,1.0,MonoConv
1909,62,39,6,LogisticRegression,MMF4,4.549278858121557,0.0540078265177769,0.003112357820933,72,0.7,72,31,641,4.0,4.0,4.0,4.0,MonoConv
1910,62,39,6,LogisticRegression,WBL4,3.40908117332504,0.0409562079639951,0.0018713630301765,72,0.7,72,31,641,3.0,3.0,3.0,3.0,MonoConv
1911,62,39,6,LogisticRegression,POW4,3.40908116713326,0.040956207892369,0.0018713630255264,72,0.7,72,31,641,2.0,2.0,2.0,2.0,MonoConv
1912,61,135,18,KNN,LC-PFN,0.6330396980047226,0.0122426701709628,0.0001644724543439,53,0.7,53,24,642,4.0,4.0,4.0,4.0,MonoConv
1913,61,135,18,KNN,MMF4,0.2815081879724559,0.0054071017233385,3.9950721716903216e-05,53,0.7,53,24,642,2.0,2.0,2.0,2.0,MonoConv
1914,61,135,18,KNN,WBL4,0.3910847128163811,0.0075007371215485,7.304818534562174e-05,53,0.7,53,24,642,3.0,3.0,3.0,3.0,MonoConv
1915,61,135,18,KNN,POW4,0.0812949098220962,0.0015655984485512,3.5138372793051758e-06,53,0.7,53,24,642,1.0,1.0,1.0,1.0,MonoConv
1916,63,183,6,LogisticRegression,LC-PFN,8.921602368354797,0.0643315315246582,0.0041889352723956,74,0.7,74,32,643,4.0,4.0,4.0,4.0,MonoConv
1917,63,183,6,LogisticRegression,MMF4,0.0948455828615475,0.0007451145432328,6.406248008033619e-07,74,0.7,74,32,643,1.0,1.0,1.0,1.0,MonoConv
1918,63,183,6,LogisticRegression,WBL4,0.4726174376706454,0.0036988660792177,1.3791630942514408e-05,74,0.7,74,32,643,2.0,2.0,2.0,2.0,MonoConv
1919,63,183,6,LogisticRegression,POW4,1.054038775812349,0.00837952886499,7.250234043237153e-05,74,0.7,74,32,643,3.0,3.0,3.0,3.0,MonoConv
1920,65,68,8,Perceptron,LC-PFN,1.3945545069873333,0.0230390634387731,0.0007294099777936,53,0.7,53,24,644,3.0,3.0,2.0,2.6666666666666665,MonoConv
1921,65,68,8,Perceptron,MMF4,1.385496040206024,0.0229052581081644,0.000733791474488,53,0.7,53,24,644,2.0,2.0,3.0,2.3333333333333335,MonoConv
1922,65,68,8,Perceptron,WBL4,1.5583031871339164,0.025705309406704,0.0009164457336736,53,0.7,53,24,644,4.0,4.0,4.0,4.0,MonoConv
1923,65,68,8,Perceptron,POW4,1.0493683302982837,0.017405384236238,0.0004296315874951,53,0.7,53,24,644,1.0,1.0,1.0,1.0,MonoConv
1924,64,72,8,Perceptron,LC-PFN,6.1865027993917465,0.0661053359508514,0.0050340578891336,53,0.7,53,23,645,4.0,4.0,4.0,4.0,MonoConv
1925,64,72,8,Perceptron,MMF4,3.840735044759021,0.0423865970339735,0.0028072998446744,53,0.7,53,23,645,3.0,3.0,3.0,3.0,MonoConv
1926,64,72,8,Perceptron,WBL4,3.6013273665383565,0.0398819841300298,0.0024950139417841,53,0.7,53,23,645,1.0,1.0,1.0,1.0,MonoConv
1927,64,72,8,Perceptron,POW4,3.8169798650794338,0.0421383081269045,0.0027696499545627,53,0.7,53,23,645,2.0,2.0,2.0,2.0,MonoConv
1928,66,96,4,Decision Tree,LC-PFN,1.3492158614099026,0.0210660994052886,0.0005907822633162,32,0.7,32,14,646,4.0,4.0,4.0,4.0,MonoConv
1929,66,96,4,Decision Tree,MMF4,0.6719196367034918,0.0105181128001533,0.0001570211688404,32,0.7,32,14,646,2.0,2.0,2.0,2.0,MonoConv
1930,66,96,4,Decision Tree,WBL4,0.5783845933475672,0.0090437788212244,0.0001253393138749,32,0.7,32,14,646,1.0,1.0,1.0,1.0,MonoConv
1931,66,96,4,Decision Tree,POW4,0.9393853481844908,0.0147029897116577,0.0002811933045221,32,0.7,32,14,646,3.0,3.0,3.0,3.0,MonoConv
1932,39,47,18,KNN,LC-PFN,3.1309720128774643,0.0359634421765804,0.0014109888579696,89,0.7,89,39,649,4.0,4.0,4.0,4.0,MonoConv
1933,39,47,18,KNN,MMF4,0.4682232372292459,0.00555838835829,4.075860089689412e-05,89,0.7,89,39,649,2.0,2.0,2.0,2.0,MonoConv
1934,39,47,18,KNN,WBL4,0.4445320369875709,0.0052784072282673,3.670469706162876e-05,89,0.7,89,39,649,1.0,1.0,1.0,1.0,MonoConv
1935,39,47,18,KNN,POW4,0.8903413235104525,0.0105065220492793,0.0001394398476848,89,0.7,89,39,649,3.0,3.0,3.0,3.0,MonoConv
1936,69,203,7,PassiveAggressive,LC-PFN,0.2517330227419734,0.0035382665228098,1.7208918507094495e-05,42,0.7,42,19,650,1.0,1.0,1.0,1.0,MonoConv
1937,69,203,7,PassiveAggressive,MMF4,0.536841082955593,0.0075952690009021,7.510188936494566e-05,42,0.7,42,19,650,3.0,3.0,3.0,3.0,MonoConv
1938,69,203,7,PassiveAggressive,WBL4,0.397141584060572,0.0055991607687408,4.544042177124952e-05,42,0.7,42,19,650,2.0,2.0,2.0,2.0,MonoConv
1939,69,203,7,PassiveAggressive,POW4,0.6042119010073647,0.008560295787933,9.300654896105546e-05,42,0.7,42,19,650,4.0,4.0,4.0,4.0,MonoConv
1940,70,134,0,SVC_linear,LC-PFN,1.534944586455822,0.0283595137298107,0.0010693246731534,45,0.7,45,20,651,3.0,3.0,3.0,3.0,MonoConv
1941,70,134,0,SVC_linear,MMF4,1.6146717257622536,0.0291490999227239,0.0010951688579969,45,0.7,45,20,651,4.0,4.0,4.0,4.0,MonoConv
1942,70,134,0,SVC_linear,WBL4,1.325625243792801,0.0240230140203097,0.0008226065788857,45,0.7,45,20,651,2.0,2.0,2.0,2.0,MonoConv
1943,70,134,0,SVC_linear,POW4,1.325623889441542,0.0240229899330866,0.0008226054215908,45,0.7,45,20,651,1.0,1.0,1.0,1.0,MonoConv
1944,75,89,7,PassiveAggressive,LC-PFN,1.395538356155157,0.0213267803192138,0.0006289006560109,50,0.7,50,22,652,4.0,4.0,4.0,4.0,MonoConv
1945,75,89,7,PassiveAggressive,MMF4,1.1730005546393796,0.0179463228827341,0.000424310652475,50,0.7,50,22,652,2.0,1.0,1.0,1.3333333333333333,MonoConv
1946,75,89,7,PassiveAggressive,WBL4,1.172998494251627,0.0179463243873979,0.0004278029519992,50,0.7,50,22,652,1.0,2.0,2.0,1.6666666666666667,MonoConv
1947,75,89,7,PassiveAggressive,POW4,1.3006108469462774,0.0199156054549443,0.0005221961460641,50,0.7,50,22,652,3.0,3.0,3.0,3.0,MonoConv
1948,74,133,21,ens.RandomForest,LC-PFN,0.4322470631450414,0.0083289919421076,0.0001066862605512,37,0.7,37,17,654,2.0,2.0,2.0,2.0,MonoConv
1949,74,133,21,ens.RandomForest,MMF4,0.1185484261131908,0.0022952153786758,6.897466200121492e-06,37,0.7,37,17,654,1.0,1.0,1.0,1.0,MonoConv
1950,74,133,21,ens.RandomForest,WBL4,1.5794725593765422,0.03007667655125,0.0010309569213102,37,0.7,37,17,654,4.0,4.0,4.0,4.0,MonoConv
1951,74,133,21,ens.RandomForest,POW4,0.9396757475789868,0.0179949112714408,0.0003348079004077,37,0.7,37,17,654,3.0,3.0,3.0,3.0,MonoConv
1952,77,221,4,Decision Tree,LC-PFN,0.1802340149879455,0.0026146492455154,9.730240890348796e-06,32,0.7,32,15,655,1.0,1.0,1.0,1.0,MonoConv
1953,77,221,4,Decision Tree,MMF4,0.6365035252429831,0.0091910339189393,0.0001115340313842,32,0.7,32,15,655,3.0,3.0,3.0,3.0,MonoConv
1954,77,221,4,Decision Tree,WBL4,0.7662078750563295,0.0110455823318099,0.0001520867813248,32,0.7,32,15,655,4.0,4.0,4.0,4.0,MonoConv
1955,77,221,4,Decision Tree,POW4,0.2982036966153326,0.0043244628151078,2.4014135249832707e-05,32,0.7,32,15,655,2.0,2.0,2.0,2.0,MonoConv
1956,78,141,6,LogisticRegression,LC-PFN,0.292005855590105,0.0046249302104115,4.096710108569823e-05,51,0.7,51,22,657,2.0,2.0,3.0,2.3333333333333335,MonoConv
1957,78,141,6,LogisticRegression,MMF4,0.3484300987683646,0.0055482797793156,4.031089000908666e-05,51,0.7,51,22,657,3.0,3.0,2.0,2.6666666666666665,MonoConv
1958,78,141,6,LogisticRegression,WBL4,0.2543186453025595,0.0040449614478574,2.5262630635951476e-05,51,0.7,51,22,657,1.0,1.0,1.0,1.0,MonoConv
1959,78,141,6,LogisticRegression,POW4,0.4649141782949042,0.0074138369051109,6.58305536576488e-05,51,0.7,51,22,657,4.0,4.0,4.0,4.0,MonoConv
1960,83,138,18,KNN,LC-PFN,0.5633292719721794,0.0105169881135225,0.0001573343033669,42,0.7,42,18,660,4.0,4.0,4.0,4.0,MonoConv
1961,83,138,18,KNN,MMF4,0.1125374736025359,0.0021005380384254,5.9928089741358905e-06,42,0.7,42,18,660,2.0,2.0,2.0,2.0,MonoConv
1962,83,138,18,KNN,WBL4,0.0603145434987262,0.0011160517444398,1.966496130007885e-06,42,0.7,42,18,660,1.0,1.0,1.0,1.0,MonoConv
1963,83,138,18,KNN,POW4,0.3288576468243609,0.0061301657551132,4.186632508322496e-05,42,0.7,42,18,660,3.0,3.0,3.0,3.0,MonoConv
1964,72,81,8,Perceptron,LC-PFN,2.258093282580376,0.0225937757641077,0.0007093339227139,38,0.7,38,17,661,4.0,4.0,4.0,4.0,MonoConv
1965,72,81,8,Perceptron,MMF4,0.9133207826991886,0.0093029116154025,0.0001449135754358,38,0.7,38,17,661,3.0,3.0,3.0,3.0,MonoConv
1966,72,81,8,Perceptron,WBL4,0.892892871408758,0.0090955329500667,0.0001342732327252,38,0.7,38,17,661,2.0,2.0,1.0,1.6666666666666667,MonoConv
1967,72,81,8,Perceptron,POW4,0.8928928714043833,0.009095532950022,0.0001342732327257,38,0.7,38,17,661,1.0,1.0,2.0,1.3333333333333333,MonoConv
1968,73,168,8,Perceptron,LC-PFN,1.2368591502308846,0.024434957653284,0.0005970683414489,89,0.7,89,39,662,4.0,4.0,4.0,4.0,MonoConv
1969,73,168,8,Perceptron,MMF4,5.2397829665036587e-11,1.0479565932979102e-12,5.6431930457767696e-24,89,0.7,89,39,662,2.0,2.0,2.0,2.0,MonoConv
1970,73,168,8,Perceptron,WBL4,1.2506662372403946e-11,2.5013324744804777e-13,6.25666414789063e-26,89,0.7,89,39,662,1.0,1.0,1.0,1.0,MonoConv
1971,73,168,8,Perceptron,POW4,1.418681081401392e-05,2.8373612182282415e-07,1.889148254877371e-13,89,0.7,89,39,662,3.0,3.0,3.0,3.0,MonoConv
1972,87,52,8,Perceptron,LC-PFN,0.4449512343853712,0.0072936019860208,7.844975334592164e-05,35,0.7,35,15,667,4.0,4.0,3.0,3.6666666666666665,MonoConv
1973,87,52,8,Perceptron,MMF4,0.1908371164547842,0.0031367215307911,1.6376101020958397e-05,35,0.7,35,15,667,1.0,1.0,1.0,1.0,MonoConv
1974,87,52,8,Perceptron,WBL4,0.207262630719257,0.0034143467407247,1.758501918497977e-05,35,0.7,35,15,667,2.0,2.0,2.0,2.0,MonoConv
1975,87,52,8,Perceptron,POW4,0.4170771614592072,0.006952254655785,8.532343136386697e-05,35,0.7,35,15,667,3.0,3.0,4.0,3.3333333333333335,MonoConv
1976,88,162,21,ens.RandomForest,LC-PFN,1.0076740756630898,0.0198632143437862,0.0003948154044337,35,0.7,35,16,668,4.0,4.0,4.0,4.0,MonoConv
1977,88,162,21,ens.RandomForest,MMF4,0.0578896231128949,0.0011520746208601,1.494351548310303e-06,35,0.7,35,16,668,2.0,2.0,2.0,2.0,MonoConv
1978,88,162,21,ens.RandomForest,WBL4,0.1411403504172027,0.0028063498298945,8.165113760041025e-06,35,0.7,35,16,668,3.0,3.0,3.0,3.0,MonoConv
1979,88,162,21,ens.RandomForest,POW4,0.046981703493031,0.0009357647403568,1.1247236998980587e-06,35,0.7,35,16,668,1.0,1.0,1.0,1.0,MonoConv
1980,84,200,10,SGDClassifier,LC-PFN,3.261067345738411,0.0443866066634655,0.0029417988844215,63,0.7,63,28,669,4.0,4.0,4.0,4.0,MonoConv
1981,84,200,10,SGDClassifier,MMF4,2.727557828811731,0.0372884009334756,0.0024053714598768,63,0.7,63,28,669,2.0,2.0,2.0,2.0,MonoConv
1982,84,200,10,SGDClassifier,WBL4,2.729173672243049,0.0373102229237983,0.0024065966341192,63,0.7,63,28,669,3.0,3.0,3.0,3.0,MonoConv
1983,84,200,10,SGDClassifier,POW4,2.677029998501244,0.0366051442384433,0.0023638841516493,63,0.7,63,28,669,1.0,1.0,1.0,1.0,MonoConv
1984,91,104,10,SGDClassifier,LC-PFN,0.3747768467292189,0.0062021394260227,4.966143023921177e-05,62,0.7,62,27,671,1.0,1.0,1.0,1.0,MonoConv
1985,91,104,10,SGDClassifier,MMF4,0.5645176475403025,0.0093457561127243,9.395330350897154e-05,62,0.7,62,27,671,3.0,3.0,3.0,3.0,MonoConv
1986,91,104,10,SGDClassifier,WBL4,0.903247043650506,0.014900507620644,0.0002331247993301,62,0.7,62,27,671,4.0,4.0,4.0,4.0,MonoConv
1987,91,104,10,SGDClassifier,POW4,0.4542551031839765,0.007529125387911,6.23009593732721e-05,62,0.7,62,27,671,2.0,2.0,2.0,2.0,MonoConv
1988,89,74,5,ExtraTree,LC-PFN,1.0973737575113771,0.0158459842205047,0.0002762808289844,41,0.7,41,18,673,1.0,1.0,1.0,1.0,MonoConv
1989,89,74,5,ExtraTree,MMF4,1.2161614599493176,0.0175498325509028,0.0003428153913308,41,0.7,41,18,673,3.0,3.0,3.0,3.0,MonoConv
1990,89,74,5,ExtraTree,WBL4,1.3547111627376265,0.0195232085561497,0.0004260055721692,41,0.7,41,18,673,4.0,4.0,4.0,4.0,MonoConv
1991,89,74,5,ExtraTree,POW4,1.2038551358146838,0.0173741414659343,0.0003358090462008,41,0.7,41,18,673,2.0,2.0,2.0,2.0,MonoConv
1992,93,240,21,ens.RandomForest,LC-PFN,0.2855391940101981,0.0040814667008817,2.1589617972495034e-05,45,0.7,45,20,674,1.0,1.0,1.0,1.0,MonoConv
1993,93,240,21,ens.RandomForest,MMF4,0.5700783039740145,0.0080694218088911,7.850195307679202e-05,45,0.7,45,20,674,3.0,3.0,3.0,3.0,MonoConv
1994,93,240,21,ens.RandomForest,WBL4,0.8692461465048715,0.0122606446752995,0.0001748683912761,45,0.7,45,20,674,4.0,4.0,4.0,4.0,MonoConv
1995,93,240,21,ens.RandomForest,POW4,0.4595049384035118,0.006513531771039,5.2932504405041295e-05,45,0.7,45,20,674,2.0,2.0,2.0,2.0,MonoConv
1996,94,214,20,ens.ExtraTrees,LC-PFN,0.3245022147893905,0.0063124299049377,5.503192005562596e-05,45,0.7,45,20,675,1.0,1.0,1.0,1.0,MonoConv
1997,94,214,20,ens.ExtraTrees,MMF4,0.696926868366655,0.0135008388495553,0.0002063730539818,45,0.7,45,20,675,2.0,2.0,2.0,2.0,MonoConv
1998,94,214,20,ens.ExtraTrees,WBL4,1.2571858391833457,0.0242024988988962,0.0006421421979979,45,0.7,45,20,675,4.0,4.0,4.0,4.0,MonoConv
1999,94,214,20,ens.ExtraTrees,POW4,0.8000114176158502,0.0154214568897864,0.0002465722515429,45,0.7,45,20,675,3.0,3.0,3.0,3.0,MonoConv
2000,96,224,21,ens.RandomForest,LC-PFN,0.8772218599915504,0.0172680132091045,0.0002982556179631,45,0.7,45,20,676,4.0,4.0,4.0,4.0,MonoConv
2001,96,224,21,ens.RandomForest,MMF4,0.0291332180367917,0.0005783885027513,4.117932129587964e-07,45,0.7,45,20,676,1.0,1.0,1.0,1.0,MonoConv
2002,96,224,21,ens.RandomForest,WBL4,0.0312561842474314,0.0006205201690355,4.714044171251459e-07,45,0.7,45,20,676,2.0,2.0,2.0,2.0,MonoConv
2003,96,224,21,ens.RandomForest,POW4,0.1776351183649988,0.0035211813442197,1.2485958948971454e-05,45,0.7,45,20,676,3.0,3.0,3.0,3.0,MonoConv
2004,97,87,0,SVC_linear,LC-PFN,0.2516870852559805,0.0032621365971863,1.563436489959713e-05,32,0.7,32,14,679,2.0,2.0,1.0,1.6666666666666667,MonoConv
2005,97,87,0,SVC_linear,MMF4,0.3233290232609495,0.0041897390491899,2.564890904161924e-05,32,0.7,32,14,679,3.0,3.0,3.0,3.0,MonoConv
2006,97,87,0,SVC_linear,WBL4,0.2484388584045806,0.0032160690773529,1.611495647228345e-05,32,0.7,32,14,679,1.0,1.0,2.0,1.3333333333333333,MonoConv
2007,97,87,0,SVC_linear,POW4,1.4583839242397525,0.0191875297831306,0.000392586259632,32,0.7,32,14,679,4.0,4.0,4.0,4.0,MonoConv
2008,100,122,6,LogisticRegression,LC-PFN,0.0572414428461343,0.0011173114180564,1.3023155815972132e-06,56,0.7,56,24,680,4.0,4.0,4.0,4.0,MonoConv
2009,100,122,6,LogisticRegression,MMF4,0.009738482727231,0.0001902121343501,5.566043667665348e-08,56,0.7,56,24,680,1.0,1.0,1.0,1.0,MonoConv
2010,100,122,6,LogisticRegression,WBL4,0.0457206641497144,0.0008925481573262,8.568375069795626e-07,56,0.7,56,24,680,3.0,3.0,3.0,3.0,MonoConv
2011,100,122,6,LogisticRegression,POW4,0.0188736081225963,0.0003687258185017,1.824240921796617e-07,56,0.7,56,24,680,2.0,2.0,2.0,2.0,MonoConv
2012,99,146,22,ens.GradientBoosting,LC-PFN,0.9124994277954102,0.017968026921153,0.0003230662259738,33,0.7,33,15,681,4.0,4.0,4.0,4.0,MonoConv
2013,99,146,22,ens.GradientBoosting,MMF4,0.0945022125974853,0.0018761694093022,3.783758357648104e-06,33,0.7,33,15,681,1.0,1.0,1.0,1.0,MonoConv
2014,99,146,22,ens.GradientBoosting,WBL4,0.0984833027520348,0.0019551233591775,4.086255543012678e-06,33,0.7,33,15,681,2.0,2.0,2.0,2.0,MonoConv
2015,99,146,22,ens.GradientBoosting,POW4,0.2868755797901566,0.0056841979223636,3.257385419381883e-05,33,0.7,33,15,681,3.0,3.0,3.0,3.0,MonoConv
2016,105,158,22,ens.GradientBoosting,LC-PFN,0.229132710956037,0.004466101527214,2.630504241096787e-05,35,0.7,35,16,683,1.0,1.0,1.0,1.0,MonoConv
2017,105,158,22,ens.GradientBoosting,MMF4,0.3226207714767288,0.0062826985468586,5.468816971897367e-05,35,0.7,35,16,683,3.0,3.0,3.0,3.0,MonoConv
2018,105,158,22,ens.GradientBoosting,WBL4,0.3701495130816421,0.0072036781731726,7.245041812698822e-05,35,0.7,35,16,683,4.0,4.0,4.0,4.0,MonoConv
2019,105,158,22,ens.GradientBoosting,POW4,0.2394137786982718,0.0046670376015819,3.0634827624238814e-05,35,0.7,35,16,683,2.0,2.0,2.0,2.0,MonoConv
2020,103,54,20,ens.ExtraTrees,LC-PFN,0.1757497549988329,0.0030328796710819,1.2543683624244297e-05,41,0.7,41,18,684,1.0,1.0,1.0,1.0,MonoConv
2021,103,54,20,ens.ExtraTrees,MMF4,0.5526512866763077,0.0094792838197455,0.0001089165008449,41,0.7,41,18,684,2.0,2.0,2.0,2.0,MonoConv
2022,103,54,20,ens.ExtraTrees,WBL4,1.138400063159378,0.0194224111693177,0.0004664952602899,41,0.7,41,18,684,4.0,4.0,4.0,4.0,MonoConv
2023,103,54,20,ens.ExtraTrees,POW4,0.60899084314202,0.0106089794181367,0.0001475185841099,41,0.7,41,18,684,3.0,3.0,3.0,3.0,MonoConv
2024,106,8,22,ens.GradientBoosting,LC-PFN,1.5038363635540009,0.0216247644275426,0.0006380983977578,37,0.7,37,17,686,4.0,4.0,4.0,4.0,MonoConv
2025,106,8,22,ens.GradientBoosting,MMF4,0.7453866584613169,0.0103988506162015,0.0001300733562281,37,0.7,37,17,686,2.0,2.0,2.0,2.0,MonoConv
2026,106,8,22,ens.GradientBoosting,WBL4,0.895604454400525,0.0124888256030505,0.0001709441710073,37,0.7,37,17,686,3.0,3.0,3.0,3.0,MonoConv
2027,106,8,22,ens.GradientBoosting,POW4,0.4638712927388209,0.0064932613357323,6.098581071650536e-05,37,0.7,37,17,686,1.0,1.0,1.0,1.0,MonoConv
2028,104,225,8,Perceptron,LC-PFN,0.8145165629684925,0.0157453324645757,0.0002517552056815,42,0.7,42,19,687,4.0,4.0,4.0,4.0,MonoConv
2029,104,225,8,Perceptron,MMF4,0.1858508722517689,0.0035592633424557,1.516920630233424e-05,42,0.7,42,19,687,2.0,2.0,2.0,2.0,MonoConv
2030,104,225,8,Perceptron,WBL4,0.2606663998738452,0.0049879346558312,2.8206682515417485e-05,42,0.7,42,19,687,3.0,3.0,3.0,3.0,MonoConv
2031,104,225,8,Perceptron,POW4,0.0835289874145698,0.0016013850940546,3.534454758357248e-06,42,0.7,42,19,687,1.0,1.0,1.0,1.0,MonoConv
2032,108,252,18,KNN,LC-PFN,1.3111661188304424,0.01519978325814,0.0002478719106875,49,0.7,49,21,688,2.0,2.0,2.0,2.0,MonoConv
2033,108,252,18,KNN,MMF4,0.6795637565373196,0.008287000837988,8.068522920530707e-05,49,0.7,49,21,688,1.0,1.0,1.0,1.0,MonoConv
2034,108,252,18,KNN,WBL4,2.58416212862041,0.0308038490728047,0.0014470517598653,49,0.7,49,21,688,3.0,3.0,3.0,3.0,MonoConv
2035,108,252,18,KNN,POW4,3.3815521650747646,0.0382721130639183,0.0015375245996847,49,0.7,49,21,688,4.0,4.0,4.0,4.0,MonoConv
2036,107,239,4,Decision Tree,LC-PFN,0.5810785572975874,0.0092161940410733,0.0001145204732893,62,0.7,62,28,689,2.0,2.0,1.0,1.6666666666666667,MonoConv
2037,107,239,4,Decision Tree,MMF4,0.6171947788141728,0.0100217761606799,0.0002437931233178,62,0.7,62,28,689,3.0,3.0,3.0,3.0,MonoConv
2038,107,239,4,Decision Tree,WBL4,0.5189879058092787,0.0084141440749071,0.0001857924470455,62,0.7,62,28,689,1.0,1.0,2.0,1.3333333333333333,MonoConv
2039,107,239,4,Decision Tree,POW4,0.6747543503788861,0.010969850771701,0.0002871446628379,62,0.7,62,28,689,4.0,4.0,4.0,4.0,MonoConv
2040,112,36,5,ExtraTree,LC-PFN,0.2979841083288193,0.0053709070198237,3.661668233689852e-05,34,0.7,34,15,692,2.0,2.0,2.0,2.0,MonoConv
2041,112,36,5,ExtraTree,MMF4,0.8268518787600934,0.0147844191228917,0.0002477449758552,34,0.7,34,15,692,3.0,3.0,3.0,3.0,MonoConv
2042,112,36,5,ExtraTree,WBL4,0.8385069764091387,0.0149908569226982,0.0002538997548038,34,0.7,34,15,692,4.0,4.0,4.0,4.0,MonoConv
2043,112,36,5,ExtraTree,POW4,0.271056852339332,0.0048785904253475,3.645899821133904e-05,34,0.7,34,15,692,1.0,1.0,1.0,1.0,MonoConv
2044,113,186,6,LogisticRegression,LC-PFN,1.5960775315761566,0.0305036231875419,0.0009309698361903,39,0.7,39,18,697,4.0,4.0,4.0,4.0,MonoConv
2045,113,186,6,LogisticRegression,MMF4,0.1780722858340787,0.0033436717016981,1.219031249595527e-05,39,0.7,39,18,697,1.0,1.0,1.0,1.0,MonoConv
2046,113,186,6,LogisticRegression,WBL4,0.2516969866524782,0.0047223826384846,2.3703578858066725e-05,39,0.7,39,18,697,2.0,2.0,2.0,2.0,MonoConv
2047,113,186,6,LogisticRegression,POW4,0.7487670694386981,0.0142041345506406,0.0002242695869031,39,0.7,39,18,697,3.0,3.0,3.0,3.0,MonoConv
2048,114,111,20,ens.ExtraTrees,LC-PFN,1.6520554199814796,0.0274533424526453,0.0010263659060001,32,0.7,32,14,698,4.0,4.0,4.0,4.0,MonoConv
2049,114,111,20,ens.ExtraTrees,MMF4,0.4278656572334495,0.0070493241742723,7.907702940240778e-05,32,0.7,32,14,698,1.0,1.0,2.0,1.3333333333333333,MonoConv
2050,114,111,20,ens.ExtraTrees,WBL4,0.7105570156409742,0.0118806908437184,0.0001880385438819,32,0.7,32,14,698,3.0,3.0,3.0,3.0,MonoConv
2051,114,111,20,ens.ExtraTrees,POW4,0.4486452989233052,0.0074030061722869,7.724668170190726e-05,32,0.7,32,14,698,2.0,2.0,1.0,1.6666666666666667,MonoConv
2052,120,57,0,SVC_linear,LC-PFN,1.3110438361763954,0.0214806832373142,0.0005468666786327,35,0.7,35,16,699,4.0,4.0,4.0,4.0,MonoConv
2053,120,57,0,SVC_linear,MMF4,0.1944412382678105,0.0032386935332344,1.7921693945017843e-05,35,0.7,35,16,699,2.0,2.0,2.0,2.0,MonoConv
2054,120,57,0,SVC_linear,WBL4,0.5071074870002426,0.008439984917045,0.0001101953617128,35,0.7,35,16,699,3.0,3.0,3.0,3.0,MonoConv
2055,120,57,0,SVC_linear,POW4,0.1858698443984339,0.0030826178078819,1.3340594474180903e-05,35,0.7,35,16,699,1.0,1.0,1.0,1.0,MonoConv
2056,117,19,6,LogisticRegression,LC-PFN,0.5789798684418201,0.0106898304075002,0.0001175177312688,38,0.7,38,17,700,1.0,1.0,1.0,1.0,MonoConv
2057,117,19,6,LogisticRegression,MMF4,0.9066273103489336,0.0165182913465612,0.0002939839816935,38,0.7,38,17,700,2.0,2.0,2.0,2.0,MonoConv
2058,117,19,6,LogisticRegression,WBL4,1.342861073359985,0.0243535464775338,0.000626089381016,38,0.7,38,17,700,3.0,3.0,3.0,3.0,MonoConv
2059,117,19,6,LogisticRegression,POW4,1.8000484530534366,0.0337123225004104,0.0011720090139086,38,0.7,38,17,700,4.0,4.0,4.0,4.0,MonoConv
2060,124,179,20,ens.ExtraTrees,LC-PFN,0.7941600866615772,0.0156285315752029,0.0002574260288383,53,0.7,53,23,702,3.0,3.0,3.0,3.0,MonoConv
2061,124,179,20,ens.ExtraTrees,MMF4,0.0808590848564021,0.0015966537873492,3.958832216489607e-06,53,0.7,53,23,702,2.0,2.0,2.0,2.0,MonoConv
2062,124,179,20,ens.ExtraTrees,WBL4,0.0449524668600574,0.0008909694268757,9.405419195254304e-07,53,0.7,53,23,702,1.0,1.0,1.0,1.0,MonoConv
2063,124,179,20,ens.ExtraTrees,POW4,1.1850007234977218,0.0231834470920937,0.0005662796477116,53,0.7,53,23,702,4.0,4.0,4.0,4.0,MonoConv
2064,123,156,4,Decision Tree,LC-PFN,0.5719635635614395,0.0106490403413772,0.0001264422317035,35,0.7,35,16,703,2.0,2.0,2.0,2.0,MonoConv
2065,123,156,4,Decision Tree,MMF4,1.0740747510994757,0.0197288427767123,0.000429853325827,35,0.7,35,16,703,4.0,4.0,4.0,4.0,MonoConv
2066,123,156,4,Decision Tree,WBL4,0.9962337588814992,0.0183151819170624,0.0003776943620515,35,0.7,35,16,703,3.0,3.0,3.0,3.0,MonoConv
2067,123,156,4,Decision Tree,POW4,0.4887681105582489,0.0090397356335692,0.0001018665297123,35,0.7,35,16,703,1.0,1.0,1.0,1.0,MonoConv
2068,127,170,20,ens.ExtraTrees,LC-PFN,0.9351341985166072,0.0150685608386993,0.0002516515960451,25,0.7,25,2,706,4.0,4.0,4.0,4.0,MonoConv
2069,127,170,20,ens.ExtraTrees,MMF4,0.6260999323672576,0.0101260640688455,0.0001401250847404,25,0.7,25,2,706,3.0,3.0,3.0,3.0,MonoConv
2070,127,170,20,ens.ExtraTrees,WBL4,0.3420000558199919,0.0055555555555551,4.026864230261848e-05,25,0.7,25,2,706,2.0,2.0,1.0,1.6666666666666667,MonoConv
2071,127,170,20,ens.ExtraTrees,POW4,0.3420000557148995,0.0055555555538721,4.026865073031343e-05,25,0.7,25,2,706,1.0,1.0,2.0,1.3333333333333333,MonoConv
2072,128,124,21,ens.RandomForest,LC-PFN,0.1418779836967587,0.0025010765530169,9.443565431865864e-06,44,0.7,44,20,708,1.0,1.0,1.0,1.0,MonoConv
2073,128,124,21,ens.RandomForest,MMF4,0.497781521115367,0.0087341762289654,8.836426003805477e-05,44,0.7,44,20,708,3.0,3.0,3.0,3.0,MonoConv
2074,128,124,21,ens.RandomForest,WBL4,0.7494502768154981,0.0131125946745927,0.0001914876378661,44,0.7,44,20,708,4.0,4.0,4.0,4.0,MonoConv
2075,128,124,21,ens.RandomForest,POW4,0.4900683986065157,0.0086802046955203,7.919314760117542e-05,44,0.7,44,20,708,2.0,2.0,2.0,2.0,MonoConv
2076,131,219,6,LogisticRegression,LC-PFN,0.6592637859284878,0.0096674365922808,0.0001608996535651,41,0.7,41,18,709,2.0,2.0,2.0,2.0,MonoConv
2077,131,219,6,LogisticRegression,MMF4,0.1609075794476925,0.0023158013284485,8.117398507970416e-06,41,0.7,41,18,709,1.0,1.0,1.0,1.0,MonoConv
2078,131,219,6,LogisticRegression,WBL4,1.167219913142829,0.0166728592720651,0.0003392093669001,41,0.7,41,18,709,3.0,3.0,3.0,3.0,MonoConv
2079,131,219,6,LogisticRegression,POW4,3.329431555995589,0.0500549305487987,0.0029023815367043,41,0.7,41,18,709,4.0,4.0,4.0,4.0,MonoConv
2080,133,7,7,PassiveAggressive,LC-PFN,0.4177853465080261,0.0077456305734813,7.118063513189554e-05,37,0.7,37,17,710,1.0,1.0,1.0,1.0,MonoConv
2081,133,7,7,PassiveAggressive,MMF4,1.1355565970157246,0.0208247781887699,0.0004708149963951,37,0.7,37,17,710,3.0,3.0,3.0,3.0,MonoConv
2082,133,7,7,PassiveAggressive,WBL4,1.6094905268583406,0.0293673107140451,0.0009274483095789,37,0.7,37,17,710,4.0,4.0,4.0,4.0,MonoConv
2083,133,7,7,PassiveAggressive,POW4,0.984173107975516,0.0184510643646751,0.0003637821987364,37,0.7,37,17,710,2.0,2.0,2.0,2.0,MonoConv
2084,137,116,0,SVC_linear,LC-PFN,0.8382765576243401,0.016508562490344,0.0002968352637253,38,0.7,38,17,715,4.0,4.0,4.0,4.0,MonoConv
2085,137,116,0,SVC_linear,MMF4,0.2583344662016517,0.0051189745956527,3.5286801842346434e-05,38,0.7,38,17,715,1.0,1.0,1.0,1.0,MonoConv
2086,137,116,0,SVC_linear,WBL4,0.2696408703242817,0.0053425499088138,3.759780990786784e-05,38,0.7,38,17,715,2.0,2.0,2.0,2.0,MonoConv
2087,137,116,0,SVC_linear,POW4,0.302836352894433,0.0060156941662023,6.12312396815045e-05,38,0.7,38,17,715,3.0,3.0,3.0,3.0,MonoConv
2088,143,262,22,ens.GradientBoosting,LC-PFN,0.6647014524787664,0.0095615833997726,0.0001117133870138,89,0.7,89,39,721,4.0,4.0,4.0,4.0,MonoConv
2089,143,262,22,ens.GradientBoosting,MMF4,0.1870116041157507,0.0026735977857215,8.173681501457082e-06,89,0.7,89,39,721,1.0,1.0,1.0,1.0,MonoConv
2090,143,262,22,ens.GradientBoosting,WBL4,0.2356918239936119,0.0033543270392737,1.1686937102192947e-05,89,0.7,89,39,721,2.0,2.0,2.0,2.0,MonoConv
2091,143,262,22,ens.GradientBoosting,POW4,0.4037971582007972,0.0057867151049553,3.725433064844223e-05,89,0.7,89,39,721,3.0,3.0,3.0,3.0,MonoConv
2092,148,238,21,ens.RandomForest,LC-PFN,0.8076521568000317,0.0138890910893678,0.0002144539903383,66,0.7,66,29,722,2.0,2.0,2.0,2.0,MonoConv
2093,148,238,21,ens.RandomForest,MMF4,1.5500866595386764,0.0264421326225338,0.0007810567045849,66,0.7,66,29,722,3.0,3.0,3.0,3.0,MonoConv
2094,148,238,21,ens.RandomForest,WBL4,1.924653084822212,0.0326975978974813,0.0011853129803391,66,0.7,66,29,722,4.0,4.0,4.0,4.0,MonoConv
2095,148,238,21,ens.RandomForest,POW4,0.1648730619675549,0.0028451228748781,1.0755191990131276e-05,66,0.7,66,29,722,1.0,1.0,1.0,1.0,MonoConv
2096,144,114,5,ExtraTree,LC-PFN,0.2824438270181417,0.0050868750549852,4.239043846610002e-05,32,0.7,32,15,724,1.0,1.0,1.0,1.0,MonoConv
2097,144,114,5,ExtraTree,MMF4,0.8660447300083134,0.0155072593445341,0.0002830380688836,32,0.7,32,15,724,2.0,2.0,2.0,2.0,MonoConv
2098,144,114,5,ExtraTree,WBL4,0.9386495993064936,0.0167946672685154,0.0003339373562124,32,0.7,32,15,724,4.0,4.0,4.0,4.0,MonoConv
2099,144,114,5,ExtraTree,POW4,0.8682749209146584,0.0155468004701736,0.0002844803641592,32,0.7,32,15,724,3.0,3.0,3.0,3.0,MonoConv
2100,146,4,6,LogisticRegression,LC-PFN,0.4841711837798357,0.0068567693233489,6.344750727294013e-05,25,0.7,25,6,726,3.0,3.0,3.0,3.0,MonoConv
2101,146,4,6,LogisticRegression,MMF4,0.3565529843222736,0.0050643316116728,3.870172893181942e-05,25,0.7,25,6,726,2.0,2.0,2.0,2.0,MonoConv
2102,146,4,6,LogisticRegression,WBL4,0.3493776770951387,0.0049619347066558,3.639268869167467e-05,25,0.7,25,6,726,1.0,1.0,1.0,1.0,MonoConv
2103,146,4,6,LogisticRegression,POW4,0.5307804941969644,0.0075581616050329,8.270734005695515e-05,25,0.7,25,6,726,4.0,4.0,4.0,4.0,MonoConv
2104,152,43,22,ens.GradientBoosting,LC-PFN,3.9718028157949448,0.0629445612430572,0.0050010913982987,32,0.7,32,14,731,3.0,3.0,3.0,3.0,MonoConv
2105,152,43,22,ens.GradientBoosting,MMF4,0.9850376361012108,0.0164133986617646,0.0004622144745654,32,0.7,32,14,731,2.0,2.0,2.0,2.0,MonoConv
2106,152,43,22,ens.GradientBoosting,WBL4,0.5028576558029155,0.008250552918507,9.362022393920876e-05,32,0.7,32,14,731,1.0,1.0,1.0,1.0,MonoConv
2107,152,43,22,ens.GradientBoosting,POW4,7.265149597157194,0.1100564462524386,0.013045997086911,32,0.7,32,14,731,4.0,4.0,4.0,4.0,MonoConv
2108,163,235,4,Decision Tree,LC-PFN,0.1157000544480979,0.0022574751637876,7.098098194546765e-06,44,0.7,44,20,736,2.0,2.0,2.0,2.0,MonoConv
2109,163,235,4,Decision Tree,MMF4,0.4826243040305967,0.0093726625155281,9.48634433039432e-05,44,0.7,44,20,736,3.0,3.0,3.0,3.0,MonoConv
2110,163,235,4,Decision Tree,WBL4,0.5428353853890109,0.0105351832093144,0.0001190716227038,44,0.7,44,20,736,4.0,4.0,4.0,4.0,MonoConv
2111,163,235,4,Decision Tree,POW4,0.0663782165920893,0.0012952943207668,2.492760001019427e-06,44,0.7,44,20,736,1.0,1.0,1.0,1.0,MonoConv
2112,162,33,5,ExtraTree,LC-PFN,5.604875832796097,0.0465564578771591,0.0022367911878973,35,0.7,35,15,737,4.0,4.0,4.0,4.0,MonoConv
2113,162,33,5,ExtraTree,MMF4,1.2584637843429496,0.0110496586032457,0.0001654133675216,35,0.7,35,15,737,2.0,2.0,2.0,2.0,MonoConv
2114,162,33,5,ExtraTree,WBL4,1.3261001376205723,0.0116381431816575,0.0001873948627972,35,0.7,35,15,737,3.0,3.0,3.0,3.0,MonoConv
2115,162,33,5,ExtraTree,POW4,1.07681390937673,0.0094665887152155,0.0001159128830768,35,0.7,35,15,737,1.0,1.0,1.0,1.0,MonoConv
2116,159,181,20,ens.ExtraTrees,LC-PFN,5.746324732899666,0.0616507045924663,0.0039323391392827,33,0.7,33,15,738,4.0,4.0,4.0,4.0,MonoConv
2117,159,181,20,ens.ExtraTrees,MMF4,2.476336528520907,0.0275207875878416,0.0008463362693188,33,0.7,33,15,738,3.0,3.0,3.0,3.0,MonoConv
2118,159,181,20,ens.ExtraTrees,WBL4,2.439260607968617,0.0271152813719288,0.0008194090106464,33,0.7,33,15,738,2.0,2.0,1.0,1.6666666666666667,MonoConv
2119,159,181,20,ens.ExtraTrees,POW4,2.433315065736185,0.0270650159083675,0.0008260324673257,33,0.7,33,15,738,1.0,1.0,2.0,1.3333333333333333,MonoConv
2120,164,240,6,LogisticRegression,LC-PFN,0.7350529544055462,0.009730857796967,0.0001402513298671,45,0.7,45,20,739,1.0,1.0,1.0,1.0,MonoConv
2121,164,240,6,LogisticRegression,MMF4,0.8472224060544777,0.0112254363122074,0.000206494761178,45,0.7,45,20,739,3.0,3.0,3.0,3.0,MonoConv
2122,164,240,6,LogisticRegression,WBL4,0.8404867779572828,0.0111369428181471,0.0002118829260299,45,0.7,45,20,739,2.0,2.0,4.0,2.6666666666666665,MonoConv
2123,164,240,6,LogisticRegression,POW4,0.9029349193526416,0.0119607245496722,0.000204130151363,45,0.7,45,20,739,4.0,4.0,2.0,3.3333333333333335,MonoConv
2124,168,129,22,ens.GradientBoosting,LC-PFN,0.9331148117780684,0.018380569294095,0.000340748229064,42,0.7,42,19,741,4.0,4.0,4.0,4.0,MonoConv
2125,168,129,22,ens.GradientBoosting,MMF4,0.0327424567733246,0.0006511964827239,4.964970902746558e-07,42,0.7,42,19,741,2.0,2.0,2.0,2.0,MonoConv
2126,168,129,22,ens.GradientBoosting,WBL4,0.1088185004964961,0.0021668356323349,5.19421835997614e-06,42,0.7,42,19,741,3.0,3.0,3.0,3.0,MonoConv
2127,168,129,22,ens.GradientBoosting,POW4,0.026303582876328,0.0005229895575115,3.410789390514341e-07,42,0.7,42,19,741,1.0,1.0,1.0,1.0,MonoConv
2128,169,222,4,Decision Tree,LC-PFN,0.6861729081720114,0.0124938338994979,0.0001625864242669,44,0.7,44,20,742,3.0,3.0,3.0,3.0,MonoConv
2129,169,222,4,Decision Tree,MMF4,0.2413543559156033,0.0043722712111794,2.9551275159615062e-05,44,0.7,44,20,742,1.0,1.0,1.0,1.0,MonoConv
2130,169,222,4,Decision Tree,WBL4,0.5588326062829816,0.0100832381340359,0.0001400703394919,44,0.7,44,20,742,2.0,2.0,2.0,2.0,MonoConv
2131,169,222,4,Decision Tree,POW4,1.1003825959407687,0.0202338026776384,0.0004841854267729,44,0.7,44,20,742,4.0,4.0,4.0,4.0,MonoConv
2132,160,75,8,Perceptron,LC-PFN,1.29880141466856,0.0150073813274502,0.0003619596536736,32,0.7,32,14,743,4.0,4.0,4.0,4.0,MonoConv
2133,160,75,8,Perceptron,MMF4,0.8769354181687107,0.0102140992544082,0.000153500777204,32,0.7,32,14,743,1.0,1.0,1.0,1.0,MonoConv
2134,160,75,8,Perceptron,WBL4,0.8989423901407029,0.0104704979543301,0.0001565058377008,32,0.7,32,14,743,2.0,2.0,2.0,2.0,MonoConv
2135,160,75,8,Perceptron,POW4,1.0090725739379536,0.0117590806456257,0.0001828488354576,32,0.7,32,14,743,3.0,3.0,3.0,3.0,MonoConv
2136,166,88,8,Perceptron,LC-PFN,1.164571288973093,0.0158007573336362,0.0003429689095355,49,0.7,49,21,749,4.0,4.0,4.0,4.0,MonoConv
2137,166,88,8,Perceptron,MMF4,1.079942084726591,0.0146633776456732,0.0002827122731459,49,0.7,49,21,749,2.0,2.0,2.0,2.0,MonoConv
2138,166,88,8,Perceptron,WBL4,1.0814564626088654,0.0146838428566862,0.0002835837779898,49,0.7,49,21,749,3.0,3.0,3.0,3.0,MonoConv
2139,166,88,8,Perceptron,POW4,1.0464623751720137,0.014210300256983,0.0002673345040543,49,0.7,49,21,749,1.0,1.0,1.0,1.0,MonoConv
2140,176,81,6,LogisticRegression,LC-PFN,1.7351988703012466,0.0188912954181432,0.0004561947134789,38,0.7,38,17,750,4.0,4.0,4.0,4.0,MonoConv
2141,176,81,6,LogisticRegression,MMF4,0.4410457132451812,0.0049199338036094,3.6444256175694e-05,38,0.7,38,17,750,1.0,1.0,1.0,1.0,MonoConv
2142,176,81,6,LogisticRegression,WBL4,0.5901931396149269,0.0065351029647705,4.751423399090245e-05,38,0.7,38,17,750,2.0,2.0,2.0,2.0,MonoConv
2143,176,81,6,LogisticRegression,POW4,0.7895896055860077,0.008885738035913,0.0001234999173916,38,0.7,38,17,750,3.0,3.0,3.0,3.0,MonoConv
2144,178,130,0,SVC_linear,LC-PFN,1.7538132146000862,0.0269188024103641,0.0011447372380644,48,0.7,48,21,751,2.0,2.0,2.0,2.0,MonoConv
2145,178,130,0,SVC_linear,MMF4,1.924075501552543,0.029576930854599,0.0013129287746967,48,0.7,48,21,751,3.0,3.0,3.0,3.0,MonoConv
2146,178,130,0,SVC_linear,WBL4,1.6386905218955945,0.0251133106938106,0.0009630949194512,48,0.7,48,21,751,1.0,1.0,1.0,1.0,MonoConv
2147,178,130,0,SVC_linear,POW4,2.6819585275940963,0.0417089285162654,0.0025008845341167,48,0.7,48,21,751,4.0,4.0,4.0,4.0,MonoConv
2148,179,3,5,ExtraTree,LC-PFN,2.06723902374506,0.0313535034656524,0.0012386590242385,37,0.7,37,17,754,4.0,4.0,4.0,4.0,MonoConv
2149,179,3,5,ExtraTree,MMF4,1.1917914574744743,0.018307479506654,0.0004657367363433,37,0.7,37,17,754,3.0,3.0,3.0,3.0,MonoConv
2150,179,3,5,ExtraTree,WBL4,0.408522358348879,0.006344660230913,7.863168558899134e-05,37,0.7,37,17,754,1.0,1.0,1.0,1.0,MonoConv
2151,179,3,5,ExtraTree,POW4,0.5323474473472306,0.008225033216427,0.0001223025016498,37,0.7,37,17,754,2.0,2.0,2.0,2.0,MonoConv
2152,186,244,4,Decision Tree,LC-PFN,0.2516004722565412,0.0045158388093113,2.469349419698119e-05,45,0.7,45,20,757,1.0,1.0,1.0,1.0,MonoConv
2153,186,244,4,Decision Tree,MMF4,0.7710093884091006,0.0137708029841479,0.0002423502709066,45,0.7,45,20,757,2.0,2.0,2.0,2.0,MonoConv
2154,186,244,4,Decision Tree,WBL4,0.7909826155976762,0.0141245027513938,0.0002584842010953,45,0.7,45,20,757,4.0,4.0,4.0,4.0,MonoConv
2155,186,244,4,Decision Tree,POW4,0.7759479479114518,0.0138581004075427,0.0002450979530641,45,0.7,45,20,757,3.0,3.0,3.0,3.0,MonoConv
2156,190,103,21,ens.RandomForest,LC-PFN,0.0786868506111204,0.0015365640865638,3.913040018233005e-06,32,0.7,32,15,763,1.0,1.0,1.0,1.0,MonoConv
2157,190,103,21,ens.RandomForest,MMF4,0.3193659623482762,0.0062174742415311,4.134054056941451e-05,32,0.7,32,15,763,3.0,3.0,3.0,3.0,MonoConv
2158,190,103,21,ens.RandomForest,WBL4,0.4012896175775298,0.0078056087709198,6.423312341248866e-05,32,0.7,32,15,763,4.0,4.0,4.0,4.0,MonoConv
2159,190,103,21,ens.RandomForest,POW4,0.2172868669180908,0.0042349358346584,2.009977633639626e-05,32,0.7,32,15,763,2.0,2.0,2.0,2.0,MonoConv
2160,194,237,10,SGDClassifier,LC-PFN,0.5473984871059656,0.0101713733747601,0.0001297562848776,27,0.7,27,12,767,1.0,1.0,1.0,1.0,MonoConv
2161,194,237,10,SGDClassifier,MMF4,1.1718944489997296,0.0216697964666268,0.0005707813852983,27,0.7,27,12,767,4.0,4.0,4.0,4.0,MonoConv
2162,194,237,10,SGDClassifier,WBL4,1.144686553585056,0.021173528838163,0.000549615351915,27,0.7,27,12,767,3.0,3.0,3.0,3.0,MonoConv
2163,194,237,10,SGDClassifier,POW4,0.9118149582715238,0.0169076695533482,0.0003462828324772,27,0.7,27,12,767,2.0,2.0,2.0,2.0,MonoConv
2164,198,236,4,Decision Tree,LC-PFN,0.3372680628672242,0.0060299914330244,6.393168587237597e-05,38,0.7,38,17,769,1.0,1.0,1.0,1.0,MonoConv
2165,198,236,4,Decision Tree,MMF4,1.3359701674538744,0.0235298093587468,0.0006599829143657,38,0.7,38,17,769,3.0,3.0,3.0,3.0,MonoConv
2166,198,236,4,Decision Tree,WBL4,1.7479384759484458,0.0306392458577733,0.0010819677631782,38,0.7,38,17,769,4.0,4.0,4.0,4.0,MonoConv
2167,198,236,4,Decision Tree,POW4,1.0041414659728625,0.0180241034947089,0.0003397063349756,38,0.7,38,17,769,2.0,2.0,2.0,2.0,MonoConv
2168,196,178,18,KNN,LC-PFN,4.5413970947265625,0.0448406375944614,0.0020509851165115,46,0.7,46,21,771,4.0,4.0,4.0,4.0,MonoConv
2169,196,178,18,KNN,MMF4,1.806055967676222,0.0187898900569532,0.0005882279074473,46,0.7,46,21,771,2.0,2.0,2.0,2.0,MonoConv
2170,196,178,18,KNN,WBL4,2.47743526761438,0.0254881873939204,0.0010387817647378,46,0.7,46,21,771,3.0,3.0,3.0,3.0,MonoConv
2171,196,178,18,KNN,POW4,1.3839971168760303,0.014504143858893,0.0003600620229803,46,0.7,46,21,771,1.0,1.0,1.0,1.0,MonoConv
2172,122,22,8,Perceptron,LC-PFN,3.4690160304307938,0.0412063300609588,0.0021059850696474,44,0.7,44,19,774,2.0,2.0,2.0,2.0,MonoConv
2173,122,22,8,Perceptron,MMF4,7.708709107512465,0.108234651473452,0.0186929848140855,44,0.7,44,19,774,4.0,4.0,4.0,4.0,MonoConv
2174,122,22,8,Perceptron,WBL4,3.930284959778165,0.0465338800053798,0.0027982100671963,44,0.7,44,19,774,3.0,3.0,3.0,3.0,MonoConv
2175,122,22,8,Perceptron,POW4,1.437554117053316,0.0175004808544084,0.0004497674618581,44,0.7,44,19,774,1.0,1.0,1.0,1.0,MonoConv
2176,1,14,18,KNN,LC-PFN,0.4967879969626665,0.0097403777763247,9.673145541455595e-05,59,0.9,59,7,777,1.0,1.0,1.0,1.0,MonoConv
2177,1,14,18,KNN,MMF4,0.6502394366188569,0.0127292579024567,0.000163645306534,59,0.9,59,7,777,2.0,2.0,2.0,2.0,MonoConv
2178,1,14,18,KNN,WBL4,0.9895119034449908,0.0193053278959947,0.0003749174912857,59,0.9,59,7,777,3.0,3.0,3.0,3.0,MonoConv
2179,1,14,18,KNN,POW4,1.0476925917186544,0.0204238290144653,0.0004196035653823,59,0.9,59,7,777,4.0,4.0,4.0,4.0,MonoConv
2180,14,2,6,LogisticRegression,LC-PFN,0.1905720098875463,0.0032824575901031,1.3090355423628353e-05,36,0.9,36,4,779,2.0,2.0,1.0,1.6666666666666667,MonoConv
2181,14,2,6,LogisticRegression,MMF4,0.1926691696864963,0.0033281247489071,1.5108156829032855e-05,36,0.9,36,4,779,3.0,3.0,3.0,3.0,MonoConv
2182,14,2,6,LogisticRegression,WBL4,0.1825386990634482,0.0031526900799357,1.3971464589309402e-05,36,0.9,36,4,779,1.0,1.0,2.0,1.3333333333333333,MonoConv
2183,14,2,6,LogisticRegression,POW4,0.7137541791787324,0.0124003548009034,0.0001571272301153,36,0.9,36,4,779,4.0,4.0,4.0,4.0,MonoConv
2184,2,157,20,ens.ExtraTrees,LC-PFN,0.1739632687531411,0.0033859610557556,1.1903096492460463e-05,45,0.9,45,6,783,4.0,4.0,4.0,4.0,MonoConv
2185,2,157,20,ens.ExtraTrees,MMF4,0.1466420146263476,0.0028454249686706,8.53596177384639e-06,45,0.9,45,6,783,2.0,2.0,2.0,2.0,MonoConv
2186,2,157,20,ens.ExtraTrees,WBL4,0.1467954824357685,0.0028484352898665,8.544504054914222e-06,45,0.9,45,6,783,3.0,3.0,3.0,3.0,MonoConv
2187,2,157,20,ens.ExtraTrees,POW4,0.1034380920480477,0.0020079563509132,4.521083338261937e-06,45,0.9,45,6,783,1.0,1.0,1.0,1.0,MonoConv
2188,12,236,7,PassiveAggressive,LC-PFN,2.094075083732605,0.0279411170631647,0.00091892312048,49,0.9,49,6,784,4.0,4.0,4.0,4.0,MonoConv
2189,12,236,7,PassiveAggressive,MMF4,1.3771569002050246,0.0179121669726847,0.0004602145957487,49,0.9,49,6,784,2.0,2.0,2.0,2.0,MonoConv
2190,12,236,7,PassiveAggressive,WBL4,1.584791907504349,0.0205549759126076,0.0005633480497562,49,0.9,49,6,784,3.0,3.0,3.0,3.0,MonoConv
2191,12,236,7,PassiveAggressive,POW4,0.7989615787216529,0.0104952530880417,0.00024286257115,49,0.9,49,6,784,1.0,1.0,1.0,1.0,MonoConv
2192,10,162,22,ens.GradientBoosting,LC-PFN,1.0229489766061306,0.0201674699783325,0.0004070523136761,45,0.9,45,6,785,4.0,4.0,4.0,4.0,MonoConv
2193,10,162,22,ens.GradientBoosting,MMF4,0.0271757907136275,0.000541233430369,3.63008557167777e-07,45,0.9,45,6,785,1.0,1.0,1.0,1.0,MonoConv
2194,10,162,22,ens.GradientBoosting,WBL4,0.0549893737602074,0.0010947592935905,1.5228327132209318e-06,45,0.9,45,6,785,2.0,2.0,2.0,2.0,MonoConv
2195,10,162,22,ens.GradientBoosting,POW4,0.0847275889447976,0.001688806829417,3.33725641576532e-06,45,0.9,45,6,785,3.0,3.0,3.0,3.0,MonoConv
2196,7,77,10,SGDClassifier,LC-PFN,1.154384110122919,0.0140904188156127,0.0003464125911705,41,0.9,41,5,788,1.0,1.0,4.0,2.0,MonoConv
2197,7,77,10,SGDClassifier,MMF4,1.1631562843596843,0.0142153342693045,0.0002203614496853,41,0.9,41,5,788,2.0,2.0,1.0,1.6666666666666667,MonoConv
2198,7,77,10,SGDClassifier,WBL4,1.247571166546095,0.0152434799304801,0.0002677014198563,41,0.9,41,5,788,4.0,4.0,3.0,3.6666666666666665,MonoConv
2199,7,77,10,SGDClassifier,POW4,1.1921895604894313,0.0145687070915538,0.0002273879443658,41,0.9,41,5,788,3.0,3.0,2.0,2.6666666666666665,MonoConv
2200,21,128,8,Perceptron,LC-PFN,0.6263779476284981,0.0122994286939501,0.0001543065154692,48,0.9,48,6,795,4.0,4.0,4.0,4.0,MonoConv
2201,21,128,8,Perceptron,MMF4,0.1398219299540767,0.0027600653835205,1.0658704183577992e-05,48,0.9,48,6,795,1.0,1.0,1.0,1.0,MonoConv
2202,21,128,8,Perceptron,WBL4,0.1810456112947054,0.0035718855410069,1.5843062992785793e-05,48,0.9,48,6,795,2.0,2.0,2.0,2.0,MonoConv
2203,21,128,8,Perceptron,POW4,0.4226276181967311,0.0083159723729532,7.224044446414902e-05,48,0.9,48,6,795,3.0,3.0,3.0,3.0,MonoConv
2204,19,60,6,LogisticRegression,LC-PFN,1.244998164474964,0.0245937705039978,0.0006048546638339,25,0.9,25,2,796,4.0,4.0,4.0,4.0,MonoConv
2205,19,60,6,LogisticRegression,MMF4,0.0432674222155429,0.0008649717236886,7.531111203842168e-07,25,0.9,25,2,796,2.0,2.0,2.0,2.0,MonoConv
2206,19,60,6,LogisticRegression,WBL4,0.0398095362224604,0.0007958733837665,6.344279952326569e-07,25,0.9,25,2,796,1.0,1.0,1.0,1.0,MonoConv
2207,19,60,6,LogisticRegression,POW4,0.6306218298270719,0.0125333982511505,0.0001570860717219,25,0.9,25,2,796,3.0,3.0,3.0,3.0,MonoConv
2208,0,260,5,ExtraTree,LC-PFN,0.8151390589773655,0.0101434467360377,0.0001088221179088,81,0.9,81,10,797,4.0,4.0,4.0,4.0,MonoConv
2209,0,260,5,ExtraTree,MMF4,0.3022933594781236,0.0037822637486328,1.5224166576649793e-05,81,0.9,81,10,797,3.0,3.0,3.0,3.0,MonoConv
2210,0,260,5,ExtraTree,WBL4,0.1108886701413059,0.0013921741503494,2.707579648194776e-06,81,0.9,81,10,797,2.0,2.0,2.0,2.0,MonoConv
2211,0,260,5,ExtraTree,POW4,0.1108886701004211,0.0013921741498353,2.707579646461407e-06,81,0.9,81,10,797,1.0,1.0,1.0,1.0,MonoConv
2212,28,103,7,PassiveAggressive,LC-PFN,1.1328074149787426,0.0217887870967388,0.0005183879984542,42,0.9,42,5,800,4.0,4.0,4.0,4.0,MonoConv
2213,28,103,7,PassiveAggressive,MMF4,0.3104474705909803,0.0059121121961053,5.131389515746147e-05,42,0.9,42,5,800,1.0,1.0,1.0,1.0,MonoConv
2214,28,103,7,PassiveAggressive,WBL4,0.3685522128391139,0.0070112825244945,9.032594659972088e-05,42,0.9,42,5,800,2.0,2.0,2.0,2.0,MonoConv
2215,28,103,7,PassiveAggressive,POW4,0.483327047593629,0.0092219171317695,0.0001055428017958,42,0.9,42,5,800,3.0,3.0,3.0,3.0,MonoConv
2216,18,48,7,PassiveAggressive,LC-PFN,0.639216834679246,0.0098507162183523,0.0001640335831325,90,0.9,90,10,801,4.0,4.0,4.0,4.0,MonoConv
2217,18,48,7,PassiveAggressive,MMF4,0.5759243856074128,0.0088682194307906,0.000106430264871,90,0.9,90,10,801,2.0,2.0,2.0,2.0,MonoConv
2218,18,48,7,PassiveAggressive,WBL4,0.5732749188407005,0.0088272000000115,9.966820380713204e-05,90,0.9,90,10,801,1.0,1.0,1.0,1.0,MonoConv
2219,18,48,7,PassiveAggressive,POW4,0.5934961750808058,0.0091403811449491,0.0001170166910374,90,0.9,90,10,801,3.0,3.0,3.0,3.0,MonoConv
2220,26,194,6,LogisticRegression,LC-PFN,21.789507567882534,0.0899717211723327,0.0080971410498023,94,0.9,94,11,803,4.0,4.0,4.0,4.0,MonoConv
2221,26,194,6,LogisticRegression,MMF4,0.2947213088880539,0.0014834231312976,2.839561988748047e-06,94,0.9,94,11,803,2.0,2.0,2.0,2.0,MonoConv
2222,26,194,6,LogisticRegression,WBL4,0.2292764307821866,0.0011537937224705,2.2641809255165207e-06,94,0.9,94,11,803,1.0,1.0,1.0,1.0,MonoConv
2223,26,194,6,LogisticRegression,POW4,0.3169024784345045,0.0015954288974455,3.286569536097212e-06,94,0.9,94,11,803,3.0,3.0,3.0,3.0,MonoConv
2224,29,193,7,PassiveAggressive,LC-PFN,13.769663870334623,0.0320249758660793,0.0010259771952405,100,0.9,100,12,804,4.0,4.0,4.0,4.0,MonoConv
2225,29,193,7,PassiveAggressive,MMF4,0.2157125787094249,0.0004332796451929,4.523130972354846e-07,100,0.9,100,12,804,3.0,3.0,3.0,3.0,MonoConv
2226,29,193,7,PassiveAggressive,WBL4,0.2120339948733419,0.0004259200015887,4.054428832555333e-07,100,0.9,100,12,804,2.0,2.0,1.0,1.6666666666666667,MonoConv
2227,29,193,7,PassiveAggressive,POW4,0.2120339904892016,0.0004259199928053,4.054428889679576e-07,100,0.9,100,12,804,1.0,1.0,2.0,1.3333333333333333,MonoConv
2228,35,98,6,LogisticRegression,LC-PFN,0.291072903200984,0.0049413102678954,2.94806704914663e-05,61,0.9,61,7,808,3.0,3.0,3.0,3.0,MonoConv
2229,35,98,6,LogisticRegression,MMF4,0.115780359722473,0.0019701617148887,5.16709091114122e-06,61,0.9,61,7,808,1.0,1.0,1.0,1.0,MonoConv
2230,35,98,6,LogisticRegression,WBL4,0.1533364174215848,0.0026079656365085,8.97559376924975e-06,61,0.9,61,7,808,2.0,2.0,2.0,2.0,MonoConv
2231,35,98,6,LogisticRegression,POW4,0.4644950967182875,0.0079438907590092,6.601990191117208e-05,61,0.9,61,7,808,4.0,4.0,4.0,4.0,MonoConv
2232,42,127,5,ExtraTree,LC-PFN,1.1973627842962742,0.0230074692517519,0.0005317258764989,61,0.9,61,7,813,4.0,4.0,4.0,4.0,MonoConv
2233,42,127,5,ExtraTree,MMF4,0.2113776299026196,0.0040062730007375,1.8532248061409397e-05,61,0.9,61,7,813,2.0,2.0,2.0,2.0,MonoConv
2234,42,127,5,ExtraTree,WBL4,0.3398890162030255,0.0064328577274535,4.419051680060433e-05,61,0.9,61,7,813,3.0,3.0,3.0,3.0,MonoConv
2235,42,127,5,ExtraTree,POW4,0.1965829751567089,0.0037265135777361,1.6335673227222364e-05,61,0.9,61,7,813,1.0,1.0,1.0,1.0,MonoConv
2236,45,251,10,SGDClassifier,LC-PFN,0.2888182643800974,0.0051570832729339,3.552622365532443e-05,64,0.9,64,8,817,1.0,1.0,1.0,1.0,MonoConv
2237,45,251,10,SGDClassifier,MMF4,1.0007719797645902,0.0176941048617165,0.0003208058986505,64,0.9,64,8,817,4.0,4.0,4.0,4.0,MonoConv
2238,45,251,10,SGDClassifier,WBL4,0.9671803808976654,0.0171079792740616,0.0003015983743065,64,0.9,64,8,817,3.0,3.0,3.0,3.0,MonoConv
2239,45,251,10,SGDClassifier,POW4,0.6593979556587329,0.0116938228145217,0.000140140735955,64,0.9,64,8,817,2.0,2.0,2.0,2.0,MonoConv
2240,44,243,22,ens.GradientBoosting,LC-PFN,0.2164936857298016,0.0032441276125609,1.16623687063111e-05,59,0.9,59,7,818,1.0,1.0,1.0,1.0,MonoConv
2241,44,243,22,ens.GradientBoosting,MMF4,1.1604267918630706,0.0172178285122561,0.0003058662235611,59,0.9,59,7,818,3.0,3.0,3.0,3.0,MonoConv
2242,44,243,22,ens.GradientBoosting,WBL4,1.2582207349428276,0.0186502817467868,0.0003593316027886,59,0.9,59,7,818,4.0,4.0,4.0,4.0,MonoConv
2243,44,243,22,ens.GradientBoosting,POW4,0.3394022165288586,0.0050807788584873,2.9267064568435464e-05,59,0.9,59,7,818,2.0,2.0,2.0,2.0,MonoConv
2244,47,141,8,Perceptron,LC-PFN,2.960231527686119,0.0361531302332878,0.0019259175751358,65,0.9,65,8,819,4.0,4.0,4.0,4.0,MonoConv
2245,47,141,8,Perceptron,MMF4,1.6578149907718436,0.0206338347784722,0.0006335564485395,65,0.9,65,8,819,2.0,2.0,1.0,1.6666666666666667,MonoConv
2246,47,141,8,Perceptron,WBL4,1.65104812146813,0.0205510204081632,0.0006528149370579,65,0.9,65,8,819,1.0,1.0,3.0,1.6666666666666667,MonoConv
2247,47,141,8,Perceptron,POW4,1.6675120368838696,0.0207532322354723,0.0006444717640441,65,0.9,65,8,819,3.0,3.0,2.0,2.6666666666666665,MonoConv
2248,46,10,6,LogisticRegression,LC-PFN,0.2351782750338316,0.0038250584620982,1.8670658391783945e-05,48,0.9,48,6,821,1.0,1.0,1.0,1.0,MonoConv
2249,46,10,6,LogisticRegression,MMF4,0.723533076668776,0.0117056371573893,0.0001429667674163,48,0.9,48,6,821,3.0,3.0,3.0,3.0,MonoConv
2250,46,10,6,LogisticRegression,WBL4,0.7738955257636794,0.0125152612529077,0.0001633738216643,48,0.9,48,6,821,4.0,4.0,4.0,4.0,MonoConv
2251,46,10,6,LogisticRegression,POW4,0.4936578227398364,0.0080038763267312,6.980865692339621e-05,48,0.9,48,6,821,2.0,2.0,2.0,2.0,MonoConv
2252,39,47,18,KNN,LC-PFN,1.301508955657482,0.0155671518296003,0.000253328384133,115,0.9,115,13,828,4.0,4.0,4.0,4.0,MonoConv
2253,39,47,18,KNN,MMF4,0.1414163158590092,0.0017080497372679,3.23563187669514e-06,115,0.9,115,13,828,2.0,2.0,2.0,2.0,MonoConv
2254,39,47,18,KNN,WBL4,0.1091647181186565,0.001317756849398,2.125404970353247e-06,115,0.9,115,13,828,1.0,1.0,1.0,1.0,MonoConv
2255,39,47,18,KNN,POW4,0.6951509007419625,0.0083637784749902,7.13450093972097e-05,115,0.9,115,13,828,3.0,3.0,3.0,3.0,MonoConv
2256,56,235,0,SVC_linear,LC-PFN,1.4393125660717487,0.0255363751202821,0.0009589097462594,57,0.9,57,7,829,4.0,4.0,4.0,4.0,MonoConv
2257,56,235,0,SVC_linear,MMF4,0.9674780577985718,0.0170813146682428,0.0004456861537821,57,0.9,57,7,829,1.0,1.0,3.0,1.6666666666666667,MonoConv
2258,56,235,0,SVC_linear,WBL4,0.970140035953512,0.0171281026208924,0.0004348872762972,57,0.9,57,7,829,2.0,2.0,2.0,2.0,MonoConv
2259,56,235,0,SVC_linear,POW4,0.9747270270508136,0.0172088265433855,0.0004319897861508,57,0.9,57,7,829,3.0,3.0,1.0,2.3333333333333335,MonoConv
2260,54,227,6,LogisticRegression,LC-PFN,8.092644065618515,0.0597464218735694,0.0035697557032108,83,0.9,83,10,830,4.0,4.0,4.0,4.0,MonoConv
2261,54,227,6,LogisticRegression,MMF4,3.1286208878830783,0.0259614236190877,0.000767669604149,83,0.9,83,10,830,2.0,2.0,2.0,2.0,MonoConv
2262,54,227,6,LogisticRegression,WBL4,3.3927629040621965,0.0282377556815434,0.0009065916431615,83,0.9,83,10,830,3.0,3.0,3.0,3.0,MonoConv
2263,54,227,6,LogisticRegression,POW4,1.07564377442621,0.0087590870562939,0.0001071088517214,83,0.9,83,10,830,1.0,1.0,1.0,1.0,MonoConv
2264,57,97,6,LogisticRegression,LC-PFN,0.1242990139871835,0.0018767565488815,5.447452167572919e-06,70,0.9,70,8,832,3.0,3.0,3.0,3.0,MonoConv
2265,57,97,6,LogisticRegression,MMF4,0.0127471971787337,0.0001921523766893,5.044040206875708e-08,70,0.9,70,8,832,1.0,1.0,1.0,1.0,MonoConv
2266,57,97,6,LogisticRegression,WBL4,0.0462727197180896,0.0006972236608963,5.359296177598597e-07,70,0.9,70,8,832,2.0,2.0,2.0,2.0,MonoConv
2267,57,97,6,LogisticRegression,POW4,0.2725749923578932,0.0041199925956525,1.7046929064597132e-05,70,0.9,70,8,832,4.0,4.0,4.0,4.0,MonoConv
2268,60,251,0,SVC_linear,LC-PFN,0.462842546403408,0.0085133388638496,9.82579294941388e-05,64,0.9,64,8,833,1.0,1.0,1.0,1.0,MonoConv
2269,60,251,0,SVC_linear,MMF4,1.2128837290939571,0.0220748879911251,0.0005051245433195,64,0.9,64,8,833,3.0,3.0,3.0,3.0,MonoConv
2270,60,251,0,SVC_linear,WBL4,0.7880368881367813,0.0144095540757488,0.0002181962642837,64,0.9,64,8,833,2.0,2.0,2.0,2.0,MonoConv
2271,60,251,0,SVC_linear,POW4,1.623174665755147,0.0294137352865402,0.0008888196629651,64,0.9,64,8,833,4.0,4.0,4.0,4.0,MonoConv
2272,58,221,0,SVC_linear,LC-PFN,0.2012665150687098,0.003027570201084,1.122459343605442e-05,42,0.9,42,5,834,1.0,1.0,1.0,1.0,MonoConv
2273,58,221,0,SVC_linear,MMF4,0.5312170812466049,0.0079373567714639,6.683272017065347e-05,42,0.9,42,5,834,3.0,3.0,3.0,3.0,MonoConv
2274,58,221,0,SVC_linear,WBL4,0.6556249291808687,0.0097834802712865,0.0001003624637757,42,0.9,42,5,834,4.0,4.0,4.0,4.0,MonoConv
2275,58,221,0,SVC_linear,POW4,0.510744795501034,0.0076331174225628,6.1985899796767e-05,42,0.9,42,5,834,2.0,2.0,2.0,2.0,MonoConv
2276,61,135,18,KNN,LC-PFN,0.4106888081878423,0.0079680681228637,6.397027027560398e-05,69,0.9,69,8,835,4.0,4.0,4.0,4.0,MonoConv
2277,61,135,18,KNN,MMF4,0.0283895728917483,0.0005483139962547,4.450818242777906e-07,69,0.9,69,8,835,2.0,2.0,2.0,2.0,MonoConv
2278,61,135,18,KNN,WBL4,0.0475702375306724,0.0009188405724468,9.45335364419382e-07,69,0.9,69,8,835,3.0,3.0,3.0,3.0,MonoConv
2279,61,135,18,KNN,POW4,0.0269022785365862,0.0005201504256089,4.052646444958095e-07,69,0.9,69,8,835,1.0,1.0,1.0,1.0,MonoConv
2280,66,96,4,Decision Tree,LC-PFN,0.6646906025707722,0.0106702921912074,0.0001528167776996,41,0.9,41,5,836,4.0,4.0,4.0,4.0,MonoConv
2281,66,96,4,Decision Tree,MMF4,0.3671136997005286,0.0058988995966936,5.741441893550778e-05,41,0.9,41,5,836,1.0,1.0,2.0,1.3333333333333333,MonoConv
2282,66,96,4,Decision Tree,WBL4,0.3810825920147748,0.0061284164061988,5.577252857591283e-05,41,0.9,41,5,836,2.0,2.0,1.0,1.6666666666666667,MonoConv
2283,66,96,4,Decision Tree,POW4,0.43543588592526,0.0070025162997007,8.910763326922166e-05,41,0.9,41,5,836,3.0,3.0,3.0,3.0,MonoConv
2284,65,68,8,Perceptron,LC-PFN,1.1092147789895537,0.0183694586157798,0.0005614506662823,69,0.9,69,8,837,2.0,2.0,4.0,2.6666666666666665,MonoConv
2285,65,68,8,Perceptron,MMF4,1.0929900733730715,0.018094609814899,0.0005047407928269,69,0.9,69,8,837,1.0,1.0,1.0,1.0,MonoConv
2286,65,68,8,Perceptron,WBL4,1.10997303744742,0.0183786955251315,0.0005139895191241,69,0.9,69,8,837,3.0,3.0,2.0,2.6666666666666665,MonoConv
2287,65,68,8,Perceptron,POW4,1.1372283690521705,0.018835447105283,0.0005418349857169,69,0.9,69,8,837,4.0,4.0,3.0,3.6666666666666665,MonoConv
2288,70,134,0,SVC_linear,LC-PFN,1.7172371968626976,0.0315723344683647,0.001188634079881,58,0.9,58,7,839,4.0,4.0,4.0,4.0,MonoConv
2289,70,134,0,SVC_linear,MMF4,1.1401519512960268,0.0208070031021992,0.0005516000207425,58,0.9,58,7,839,3.0,3.0,3.0,3.0,MonoConv
2290,70,134,0,SVC_linear,WBL4,0.8597693252560231,0.0156344928075303,0.0003436924433048,58,0.9,58,7,839,1.0,1.0,1.0,1.0,MonoConv
2291,70,134,0,SVC_linear,POW4,1.1128427962859404,0.0203050164675759,0.000518046068993,58,0.9,58,7,839,2.0,2.0,2.0,2.0,MonoConv
2292,63,183,6,LogisticRegression,LC-PFN,10.0492425262928,0.0718390643596649,0.0051631988026201,95,0.9,95,11,841,4.0,4.0,4.0,4.0,MonoConv
2293,63,183,6,LogisticRegression,MMF4,0.0322598403566907,0.0002537625981423,9.471428260223104e-08,95,0.9,95,11,841,1.0,1.0,1.0,1.0,MonoConv
2294,63,183,6,LogisticRegression,WBL4,0.2376808922682333,0.0018655475454876,3.5142267849229965e-06,95,0.9,95,11,841,2.0,2.0,2.0,2.0,MonoConv
2295,63,183,6,LogisticRegression,POW4,0.6710256321308918,0.0053149514407828,2.836525198842289e-05,95,0.9,95,11,841,3.0,3.0,3.0,3.0,MonoConv
2296,69,203,7,PassiveAggressive,LC-PFN,0.298072095029056,0.0042330878786742,2.3928454538690858e-05,54,0.9,54,7,842,4.0,4.0,4.0,4.0,MonoConv
2297,69,203,7,PassiveAggressive,MMF4,0.2584712947645253,0.0036699769310196,1.77252217724046e-05,54,0.9,54,7,842,2.0,2.0,2.0,2.0,MonoConv
2298,69,203,7,PassiveAggressive,WBL4,0.2568805857387813,0.0036508013888558,1.6096592163401033e-05,54,0.9,54,7,842,1.0,1.0,1.0,1.0,MonoConv
2299,69,203,7,PassiveAggressive,POW4,0.2928122652175465,0.0041574030110564,2.3505692491162963e-05,54,0.9,54,7,842,3.0,3.0,3.0,3.0,MonoConv
2300,62,39,6,LogisticRegression,LC-PFN,0.2443702658638358,0.0030849250033497,9.746467185323128e-06,92,0.9,92,11,843,1.0,1.0,1.0,1.0,MonoConv
2301,62,39,6,LogisticRegression,MMF4,0.6073530251337834,0.0076213434280213,6.56186831852939e-05,92,0.9,92,11,843,3.0,3.0,3.0,3.0,MonoConv
2302,62,39,6,LogisticRegression,WBL4,0.6859931601452521,0.0086225101995446,7.929325235708145e-05,92,0.9,92,11,843,4.0,4.0,4.0,4.0,MonoConv
2303,62,39,6,LogisticRegression,POW4,0.3015583146466173,0.0038344537192237,2.166864366304386e-05,92,0.9,92,11,843,2.0,2.0,2.0,2.0,MonoConv
2304,75,89,7,PassiveAggressive,LC-PFN,2.653598971664905,0.0409445986151695,0.0018285508267581,64,0.9,64,8,844,4.0,4.0,4.0,4.0,MonoConv
2305,75,89,7,PassiveAggressive,MMF4,1.3153401927295705,0.0199749603642451,0.0005016369262212,64,0.9,64,8,844,1.0,1.0,1.0,1.0,MonoConv
2306,75,89,7,PassiveAggressive,WBL4,1.688752451481431,0.0257669977430908,0.0007961769915074,64,0.9,64,8,844,3.0,3.0,3.0,3.0,MonoConv
2307,75,89,7,PassiveAggressive,POW4,1.652130458171723,0.025197133244475,0.000768683910114,64,0.9,64,8,844,2.0,2.0,2.0,2.0,MonoConv
2308,74,133,21,ens.RandomForest,LC-PFN,0.1522091217339038,0.0029725234489887,1.1939206160604954e-05,48,0.9,48,6,846,1.0,1.0,1.0,1.0,MonoConv
2309,74,133,21,ens.RandomForest,MMF4,0.1790577863109633,0.0034951380913058,1.4489369282292994e-05,48,0.9,48,6,846,2.0,2.0,2.0,2.0,MonoConv
2310,74,133,21,ens.RandomForest,WBL4,0.3968830065617707,0.007727282634473,6.74328219729614e-05,48,0.9,48,6,846,3.0,3.0,3.0,3.0,MonoConv
2311,74,133,21,ens.RandomForest,POW4,0.6221331185059727,0.0120800006361557,0.0001463743914626,48,0.9,48,6,846,4.0,4.0,4.0,4.0,MonoConv
2312,77,221,4,Decision Tree,LC-PFN,0.4749128594994545,0.0069558145478367,6.813975051045418e-05,42,0.9,42,5,848,2.0,2.0,3.0,2.3333333333333335,MonoConv
2313,77,221,4,Decision Tree,MMF4,0.5130128776096778,0.0074448450742235,6.199930531937829e-05,42,0.9,42,5,848,3.0,3.0,2.0,2.6666666666666665,MonoConv
2314,77,221,4,Decision Tree,WBL4,0.6414040392921266,0.0092951565076307,9.252123382704748e-05,42,0.9,42,5,848,4.0,4.0,4.0,4.0,MonoConv
2315,77,221,4,Decision Tree,POW4,0.2844608169749885,0.0041393136767079,2.4354724127041665e-05,42,0.9,42,5,848,1.0,1.0,1.0,1.0,MonoConv
2316,73,168,8,Perceptron,LC-PFN,1.257830671966076,0.0248441137373447,0.0006172318244352,115,0.9,115,13,849,4.0,4.0,4.0,4.0,MonoConv
2317,73,168,8,Perceptron,MMF4,1.622633651375233e-13,3.2452673027504575e-15,1.8403593954735387e-29,115,0.9,115,13,849,1.0,1.0,1.0,1.0,MonoConv
2318,73,168,8,Perceptron,WBL4,2.498001805406609e-13,4.996003610813205e-15,2.4960052079258577e-29,115,0.9,115,13,849,2.0,2.0,2.0,2.0,MonoConv
2319,73,168,8,Perceptron,POW4,1.5650869511209134e-06,3.1301738440552974e-08,1.1637305768495423e-15,115,0.9,115,13,849,3.0,3.0,3.0,3.0,MonoConv
2320,78,141,6,LogisticRegression,LC-PFN,0.239197677001357,0.0037995725870132,1.770665403455496e-05,65,0.9,65,8,850,4.0,4.0,4.0,4.0,MonoConv
2321,78,141,6,LogisticRegression,MMF4,0.1204623096983151,0.0019189530173358,4.606594852624376e-06,65,0.9,65,8,850,2.0,2.0,2.0,2.0,MonoConv
2322,78,141,6,LogisticRegression,WBL4,0.1095336012281301,0.0017449369059117,4.5434313550079485e-06,65,0.9,65,8,850,1.0,1.0,1.0,1.0,MonoConv
2323,78,141,6,LogisticRegression,POW4,0.1694362176585742,0.0027001441531563,8.919129059598383e-06,65,0.9,65,8,850,3.0,3.0,3.0,3.0,MonoConv
2324,83,138,18,KNN,LC-PFN,0.9190795011818408,0.017607232555747,0.0003197469050064,54,0.9,54,6,853,4.0,4.0,4.0,4.0,MonoConv
2325,83,138,18,KNN,MMF4,0.095100222942271,0.001803248184703,3.70194580884312e-06,54,0.9,54,6,853,2.0,2.0,2.0,2.0,MonoConv
2326,83,138,18,KNN,WBL4,0.0865752885419537,0.0016427526943148,3.1196918922270592e-06,54,0.9,54,6,853,1.0,1.0,1.0,1.0,MonoConv
2327,83,138,18,KNN,POW4,0.2701487795553817,0.005116322814186,2.655051491685924e-05,54,0.9,54,6,853,3.0,3.0,3.0,3.0,MonoConv
2328,72,81,8,Perceptron,LC-PFN,1.6712825745344162,0.0167310442775487,0.0003411775687709,49,0.9,49,6,855,4.0,4.0,4.0,4.0,MonoConv
2329,72,81,8,Perceptron,MMF4,0.4903480514601901,0.0049639337660638,4.97822726370895e-05,49,0.9,49,6,855,1.0,1.0,1.0,1.0,MonoConv
2330,72,81,8,Perceptron,WBL4,0.5204970673924232,0.0052714146886952,5.6128899049162336e-05,49,0.9,49,6,855,2.0,2.0,2.0,2.0,MonoConv
2331,72,81,8,Perceptron,POW4,0.5511850182794992,0.0055849604518769,6.213158119316508e-05,49,0.9,49,6,855,3.0,3.0,3.0,3.0,MonoConv
2332,87,52,8,Perceptron,LC-PFN,0.2246939577162265,0.0037409185897558,3.1665149435866624e-05,45,0.9,45,5,857,1.0,1.0,1.0,1.0,MonoConv
2333,87,52,8,Perceptron,MMF4,0.4316308238133418,0.00722804793959,6.296029175191414e-05,45,0.9,45,5,857,3.0,3.0,3.0,3.0,MonoConv
2334,87,52,8,Perceptron,WBL4,0.3426691133337089,0.0057269871812948,4.5351432982797246e-05,45,0.9,45,5,857,2.0,2.0,2.0,2.0,MonoConv
2335,87,52,8,Perceptron,POW4,0.653526011983856,0.0109809270351432,0.0001298002336881,45,0.9,45,5,857,4.0,4.0,4.0,4.0,MonoConv
2336,88,162,21,ens.RandomForest,LC-PFN,1.034035999327898,0.0203885827213525,0.0004157394869253,45,0.9,45,6,860,4.0,4.0,4.0,4.0,MonoConv
2337,88,162,21,ens.RandomForest,MMF4,0.0534752281563845,0.0010647520066434,1.179052922169522e-06,45,0.9,45,6,860,1.0,1.0,1.0,1.0,MonoConv
2338,88,162,21,ens.RandomForest,WBL4,0.077954566205857,0.0015517730635977,2.454006001286817e-06,45,0.9,45,6,860,3.0,3.0,3.0,3.0,MonoConv
2339,88,162,21,ens.RandomForest,POW4,0.0674407493918069,0.001344457218608,1.9587496006723865e-06,45,0.9,45,6,860,2.0,2.0,2.0,2.0,MonoConv
2340,89,74,5,ExtraTree,LC-PFN,0.1437091617844998,0.0021215479355305,7.587161690025823e-06,53,0.9,53,6,862,1.0,1.0,2.0,1.3333333333333333,MonoConv
2341,89,74,5,ExtraTree,MMF4,0.1461505694282797,0.0021575908880877,7.922453563856024e-06,53,0.9,53,6,862,2.0,2.0,3.0,2.3333333333333335,MonoConv
2342,89,74,5,ExtraTree,WBL4,0.1464180722054204,0.0021616838426374,7.288307956656843e-06,53,0.9,53,6,862,3.0,3.0,1.0,2.3333333333333335,MonoConv
2343,89,74,5,ExtraTree,POW4,0.1817360880164454,0.0026815582159488,1.2255808506147454e-05,53,0.9,53,6,862,4.0,4.0,4.0,4.0,MonoConv
2344,93,240,21,ens.RandomForest,LC-PFN,0.1127251074649393,0.0016129867872223,3.4607726320246e-06,58,0.9,58,7,863,1.0,1.0,1.0,1.0,MonoConv
2345,93,240,21,ens.RandomForest,MMF4,0.4992952234781117,0.0071228564336644,5.34203816234641e-05,58,0.9,58,7,863,3.0,3.0,3.0,3.0,MonoConv
2346,93,240,21,ens.RandomForest,WBL4,0.7076525392179283,0.0100734243132635,0.0001052897001097,58,0.9,58,7,863,4.0,4.0,4.0,4.0,MonoConv
2347,93,240,21,ens.RandomForest,POW4,0.4286027763330868,0.006118956883452,3.986110285508507e-05,58,0.9,58,7,863,2.0,2.0,2.0,2.0,MonoConv
2348,94,214,20,ens.ExtraTrees,LC-PFN,0.3405709052458405,0.0066669243387877,4.641361738322303e-05,58,0.9,58,7,866,1.0,1.0,1.0,1.0,MonoConv
2349,94,214,20,ens.ExtraTrees,MMF4,0.5820658755864597,0.0113659726737505,0.0001300913618243,58,0.9,58,7,866,2.0,2.0,2.0,2.0,MonoConv
2350,94,214,20,ens.ExtraTrees,WBL4,0.9702582080466284,0.0188728923350258,0.0003584540323178,58,0.9,58,7,866,4.0,4.0,4.0,4.0,MonoConv
2351,94,214,20,ens.ExtraTrees,POW4,0.6108433873669389,0.0119208762904258,0.0001437298379449,58,0.9,58,7,866,3.0,3.0,3.0,3.0,MonoConv
2352,91,104,10,SGDClassifier,LC-PFN,0.2651712857186794,0.0044108498841524,2.2975693354965188e-05,80,0.9,80,9,868,3.0,3.0,3.0,3.0,MonoConv
2353,91,104,10,SGDClassifier,MMF4,0.2313308796094008,0.0038508489455196,1.5757660718568082e-05,80,0.9,80,9,868,2.0,2.0,2.0,2.0,MonoConv
2354,91,104,10,SGDClassifier,WBL4,0.4780063343022616,0.0079371522902645,6.389047276675336e-05,80,0.9,80,9,868,4.0,4.0,4.0,4.0,MonoConv
2355,91,104,10,SGDClassifier,POW4,0.1551027398153228,0.0025839940066848,7.661926041522492e-06,80,0.9,80,9,868,1.0,1.0,1.0,1.0,MonoConv
2356,100,122,6,LogisticRegression,LC-PFN,0.0871352851390838,0.0017007812857627,2.913039679697249e-06,72,0.9,72,8,869,4.0,4.0,4.0,4.0,MonoConv
2357,100,122,6,LogisticRegression,MMF4,0.0119442774403193,0.0002333618492274,7.246987437091956e-08,72,0.9,72,8,869,1.0,1.0,1.0,1.0,MonoConv
2358,100,122,6,LogisticRegression,WBL4,0.0128692166056006,0.0002513880031222,8.226363310595415e-08,72,0.9,72,8,869,2.0,2.0,2.0,2.0,MonoConv
2359,100,122,6,LogisticRegression,POW4,0.0160008654396076,0.0003126335438602,1.2052596891275788e-07,72,0.9,72,8,869,3.0,3.0,3.0,3.0,MonoConv
2360,96,224,21,ens.RandomForest,LC-PFN,0.8908113464713097,0.0175373647361993,0.0003075919521506,58,0.9,58,7,870,4.0,4.0,4.0,4.0,MonoConv
2361,96,224,21,ens.RandomForest,MMF4,0.0191024135333447,0.0003793652108495,1.8102992926444864e-07,58,0.9,58,7,870,2.0,2.0,2.0,2.0,MonoConv
2362,96,224,21,ens.RandomForest,WBL4,0.025715118806317,0.000510649994802,2.998184180952796e-07,58,0.9,58,7,870,3.0,3.0,3.0,3.0,MonoConv
2363,96,224,21,ens.RandomForest,POW4,0.0119179908732449,0.000236707592176,7.27481217755008e-08,58,0.9,58,7,870,1.0,1.0,1.0,1.0,MonoConv
2364,99,146,22,ens.GradientBoosting,LC-PFN,0.9372014552354812,0.0184592604637146,0.000340788916219,43,0.9,43,5,871,4.0,4.0,4.0,4.0,MonoConv
2365,99,146,22,ens.GradientBoosting,MMF4,0.0738241185104429,0.0014666190433435,2.201548940597355e-06,43,0.9,43,5,871,2.0,2.0,2.0,2.0,MonoConv
2366,99,146,22,ens.GradientBoosting,WBL4,0.0902628358952855,0.0017928969092238,3.265070412796954e-06,43,0.9,43,5,871,3.0,3.0,3.0,3.0,MonoConv
2367,99,146,22,ens.GradientBoosting,POW4,0.024258148742589,0.0004821776199062,2.78000107873534e-07,43,0.9,43,5,871,1.0,1.0,1.0,1.0,MonoConv
2368,103,54,20,ens.ExtraTrees,LC-PFN,0.3872595494613051,0.0067694983445107,5.726526433136314e-05,53,0.9,53,6,874,2.0,2.0,2.0,2.0,MonoConv
2369,103,54,20,ens.ExtraTrees,MMF4,0.346500767173315,0.0060605321963608,4.666376327402044e-05,53,0.9,53,6,874,1.0,1.0,1.0,1.0,MonoConv
2370,103,54,20,ens.ExtraTrees,WBL4,0.674039532723189,0.0117411353933091,0.000156975293828,53,0.9,53,6,874,3.0,3.0,3.0,3.0,MonoConv
2371,103,54,20,ens.ExtraTrees,POW4,0.9135950822284165,0.0161489118790141,0.0002645056061541,53,0.9,53,6,874,4.0,4.0,4.0,4.0,MonoConv
2372,97,87,0,SVC_linear,LC-PFN,0.6300610490143299,0.008140075020492,7.308366912184283e-05,41,0.9,41,5,875,4.0,4.0,4.0,4.0,MonoConv
2373,97,87,0,SVC_linear,MMF4,0.2073223976994492,0.0026921915570811,9.887727578709592e-06,41,0.9,41,5,875,2.0,2.0,2.0,2.0,MonoConv
2374,97,87,0,SVC_linear,WBL4,0.2367778593889634,0.0030734952779286,1.208538556912883e-05,41,0.9,41,5,875,3.0,3.0,3.0,3.0,MonoConv
2375,97,87,0,SVC_linear,POW4,0.1591632193071706,0.0020709275791694,6.790068203443114e-06,41,0.9,41,5,875,1.0,1.0,1.0,1.0,MonoConv
2376,105,158,22,ens.GradientBoosting,LC-PFN,0.2682644175365567,0.0052474937401711,2.8400152586982585e-05,45,0.9,45,6,876,1.0,1.0,1.0,1.0,MonoConv
2377,105,158,22,ens.GradientBoosting,MMF4,0.3907252409138087,0.0076333542299825,5.891360259536364e-05,45,0.9,45,6,876,3.0,3.0,3.0,3.0,MonoConv
2378,105,158,22,ens.GradientBoosting,WBL4,0.5000359075291666,0.0097581674590271,9.613586048332996e-05,45,0.9,45,6,876,4.0,4.0,4.0,4.0,MonoConv
2379,105,158,22,ens.GradientBoosting,POW4,0.3865316375353647,0.0075517449275673,5.766720764786608e-05,45,0.9,45,6,876,2.0,2.0,2.0,2.0,MonoConv
2380,104,225,8,Perceptron,LC-PFN,0.7710649166256189,0.0149099398404359,0.0002250397956231,54,0.9,54,7,877,4.0,4.0,4.0,4.0,MonoConv
2381,104,225,8,Perceptron,MMF4,0.0706700614519529,0.001356391331649,3.391996924189798e-06,54,0.9,54,7,877,1.0,1.0,2.0,1.3333333333333333,MonoConv
2382,104,225,8,Perceptron,WBL4,0.146840676935551,0.0028148996982636,1.0355220836706872e-05,54,0.9,54,7,877,3.0,3.0,3.0,3.0,MonoConv
2383,104,225,8,Perceptron,POW4,0.0825395724653725,0.0015842161072903,3.0309757722e-06,54,0.9,54,7,877,2.0,2.0,1.0,1.6666666666666667,MonoConv
2384,108,252,18,KNN,LC-PFN,0.228913128376007,0.0028984120581299,1.0343504072807264e-05,63,0.9,63,7,878,2.0,2.0,2.0,2.0,MonoConv
2385,108,252,18,KNN,MMF4,0.1524170992880037,0.0019204736314326,5.041098935192602e-06,63,0.9,63,7,878,1.0,1.0,1.0,1.0,MonoConv
2386,108,252,18,KNN,WBL4,1.5521887923293736,0.0193711156800615,0.0003886604914298,63,0.9,63,7,878,4.0,4.0,4.0,4.0,MonoConv
2387,108,252,18,KNN,POW4,0.970744224017586,0.0120642389155628,0.000205410673707,63,0.9,63,7,878,3.0,3.0,3.0,3.0,MonoConv
2388,106,8,22,ens.GradientBoosting,LC-PFN,0.6424881983548403,0.0091286795213818,0.00010559263319,48,0.9,48,6,879,3.0,3.0,3.0,3.0,MonoConv
2389,106,8,22,ens.GradientBoosting,MMF4,0.5194675591745486,0.007369475573081,7.036685510060881e-05,48,0.9,48,6,879,2.0,2.0,2.0,2.0,MonoConv
2390,106,8,22,ens.GradientBoosting,WBL4,0.3900280928772447,0.0055245068895052,4.292987681901942e-05,48,0.9,48,6,879,1.0,1.0,1.0,1.0,MonoConv
2391,106,8,22,ens.GradientBoosting,POW4,0.7892239219337529,0.0112293873044955,0.0001475479466654,48,0.9,48,6,879,4.0,4.0,4.0,4.0,MonoConv
2392,107,239,4,Decision Tree,LC-PFN,0.4978820215910673,0.0080081094056367,0.000105969775177,81,0.9,81,9,881,1.0,1.0,1.0,1.0,MonoConv
2393,107,239,4,Decision Tree,MMF4,1.1194761680852598,0.0181364163135324,0.0003985855481039,81,0.9,81,9,881,3.0,3.0,3.0,3.0,MonoConv
2394,107,239,4,Decision Tree,WBL4,0.9968621080221348,0.0161270390041589,0.0003200364305671,81,0.9,81,9,881,2.0,2.0,2.0,2.0,MonoConv
2395,107,239,4,Decision Tree,POW4,1.2859963215393284,0.0208732612425717,0.0005174547650956,81,0.9,81,9,881,4.0,4.0,4.0,4.0,MonoConv
2396,112,36,5,ExtraTree,LC-PFN,0.7041812874376774,0.0127604128792881,0.0001699590648058,44,0.9,44,5,883,4.0,4.0,4.0,4.0,MonoConv
2397,112,36,5,ExtraTree,MMF4,0.2323782569823715,0.0041846534348054,2.7499199958923065e-05,44,0.9,44,5,883,1.0,1.0,1.0,1.0,MonoConv
2398,112,36,5,ExtraTree,WBL4,0.2430815171952536,0.0043781060897314,3.046005122991947e-05,44,0.9,44,5,883,2.0,2.0,2.0,2.0,MonoConv
2399,112,36,5,ExtraTree,POW4,0.3435600507174516,0.0061981609591029,4.848338049555424e-05,44,0.9,44,5,883,3.0,3.0,3.0,3.0,MonoConv
2400,113,186,6,LogisticRegression,LC-PFN,1.5195849351584911,0.0290512833744287,0.0008453440386801,51,0.9,51,6,885,4.0,4.0,4.0,4.0,MonoConv
2401,113,186,6,LogisticRegression,MMF4,0.086035397712508,0.0016187392129936,3.2127417415450457e-06,51,0.9,51,6,885,1.0,1.0,1.0,1.0,MonoConv
2402,113,186,6,LogisticRegression,WBL4,0.1350269381981252,0.0025390913726936,7.015536006034828e-06,51,0.9,51,6,885,2.0,2.0,2.0,2.0,MonoConv
2403,113,186,6,LogisticRegression,POW4,0.297213133574469,0.0056124301918724,3.322138556769963e-05,51,0.9,51,6,885,3.0,3.0,3.0,3.0,MonoConv
2404,114,111,20,ens.ExtraTrees,LC-PFN,0.2518499735742807,0.0043360712006688,2.2547919797943905e-05,41,0.9,41,5,886,1.0,1.0,1.0,1.0,MonoConv
2405,114,111,20,ens.ExtraTrees,MMF4,0.2847098843808236,0.0048960852562687,4.18287860984109e-05,41,0.9,41,5,886,2.0,2.0,2.0,2.0,MonoConv
2406,114,111,20,ens.ExtraTrees,WBL4,0.3647181493979046,0.0062884560187198,5.236990926729316e-05,41,0.9,41,5,886,4.0,4.0,3.0,3.6666666666666665,MonoConv
2407,114,111,20,ens.ExtraTrees,POW4,0.3612957690377673,0.0061924265084987,7.101580244375558e-05,41,0.9,41,5,886,3.0,3.0,4.0,3.3333333333333335,MonoConv
2408,117,19,6,LogisticRegression,LC-PFN,0.7757738698273897,0.014446715824306,0.0002110843197442,49,0.9,49,6,887,2.0,2.0,2.0,2.0,MonoConv
2409,117,19,6,LogisticRegression,MMF4,0.6467654981877958,0.0118748026305538,0.000142620319901,49,0.9,49,6,887,1.0,1.0,1.0,1.0,MonoConv
2410,117,19,6,LogisticRegression,WBL4,0.9493376541323796,0.017377473606158,0.0003038127492176,49,0.9,49,6,887,3.0,3.0,3.0,3.0,MonoConv
2411,117,19,6,LogisticRegression,POW4,1.131186538415205,0.0211430437226756,0.0004524746299436,49,0.9,49,6,887,4.0,4.0,4.0,4.0,MonoConv
2412,84,200,10,SGDClassifier,LC-PFN,3.005281090736389,0.0423596575856208,0.0028062458150088,81,0.9,81,10,888,4.0,4.0,4.0,4.0,MonoConv
2413,84,200,10,SGDClassifier,MMF4,2.898873654423993,0.0409222927075944,0.0027043951829201,81,0.9,81,10,888,2.0,2.0,2.0,2.0,MonoConv
2414,84,200,10,SGDClassifier,WBL4,2.9006255151151983,0.0409459861743976,0.0027070490882619,81,0.9,81,10,888,3.0,3.0,3.0,3.0,MonoConv
2415,84,200,10,SGDClassifier,POW4,2.840718540623482,0.0401350105629782,0.0026180210693768,81,0.9,81,10,888,1.0,1.0,1.0,1.0,MonoConv
2416,120,57,0,SVC_linear,LC-PFN,0.327059137634933,0.0055482187308371,4.136551797273569e-05,45,0.9,45,6,892,4.0,4.0,4.0,4.0,MonoConv
2417,120,57,0,SVC_linear,MMF4,0.1550947081597904,0.0026307409322366,8.044878127538049e-06,45,0.9,45,6,892,1.0,1.0,1.0,1.0,MonoConv
2418,120,57,0,SVC_linear,WBL4,0.1977229563333801,0.0033623276831265,1.6689333845122705e-05,45,0.9,45,6,892,2.0,2.0,2.0,2.0,MonoConv
2419,120,57,0,SVC_linear,POW4,0.3016774097526778,0.0051177446268098,2.925025436936195e-05,45,0.9,45,6,892,3.0,3.0,3.0,3.0,MonoConv
2420,122,22,8,Perceptron,LC-PFN,3.176523000001908,0.039262194186449,0.001812826259993,56,0.9,56,7,895,4.0,4.0,4.0,4.0,MonoConv
2421,122,22,8,Perceptron,MMF4,2.5326574907775283,0.0315636382910157,0.0013155841727286,56,0.9,56,7,895,2.0,2.0,2.0,2.0,MonoConv
2422,122,22,8,Perceptron,WBL4,2.845645936078933,0.0353253007594399,0.0015826399748508,56,0.9,56,7,895,3.0,3.0,3.0,3.0,MonoConv
2423,122,22,8,Perceptron,POW4,1.181899757777085,0.0149181553916595,0.0002806459898093,56,0.9,56,7,895,1.0,1.0,1.0,1.0,MonoConv
2424,124,179,20,ens.ExtraTrees,LC-PFN,0.9942851960659028,0.0195945352315902,0.0003841792349703,68,0.9,68,8,896,4.0,4.0,4.0,4.0,MonoConv
2425,124,179,20,ens.ExtraTrees,MMF4,0.0184549092233278,0.0003672091622813,1.6310997075648233e-07,68,0.9,68,8,896,1.0,1.0,1.0,1.0,MonoConv
2426,124,179,20,ens.ExtraTrees,WBL4,0.0829630227545483,0.0016499633521118,2.824600275028068e-06,68,0.9,68,8,896,2.0,2.0,2.0,2.0,MonoConv
2427,124,179,20,ens.ExtraTrees,POW4,0.8508484751330534,0.016789285294001,0.000284590639229,68,0.9,68,8,896,3.0,3.0,3.0,3.0,MonoConv
2428,123,156,4,Decision Tree,LC-PFN,1.4129539020359516,0.0267499983310699,0.0007228069007396,45,0.9,45,6,899,4.0,4.0,4.0,4.0,MonoConv
2429,123,156,4,Decision Tree,MMF4,0.4338773151274561,0.0080712784636905,7.44694130119276e-05,45,0.9,45,6,899,2.0,2.0,2.0,2.0,MonoConv
2430,123,156,4,Decision Tree,WBL4,0.6233889718847981,0.0115723701346247,0.0001453437790656,45,0.9,45,6,899,3.0,3.0,3.0,3.0,MonoConv
2431,123,156,4,Decision Tree,POW4,0.3706594475411799,0.0069004017349961,5.645024117678564e-05,45,0.9,45,6,899,1.0,1.0,1.0,1.0,MonoConv
2432,127,170,20,ens.ExtraTrees,LC-PFN,0.9351341985166072,0.0150685608386993,0.0002516515960451,25,0.9,25,2,900,4.0,4.0,4.0,4.0,MonoConv
2433,127,170,20,ens.ExtraTrees,MMF4,0.6260999323672576,0.0101260640688455,0.0001401250847404,25,0.9,25,2,900,3.0,3.0,3.0,3.0,MonoConv
2434,127,170,20,ens.ExtraTrees,WBL4,0.3420000558199919,0.0055555555555551,4.026864230261848e-05,25,0.9,25,2,900,2.0,2.0,1.0,1.6666666666666667,MonoConv
2435,127,170,20,ens.ExtraTrees,POW4,0.3420000557148995,0.0055555555538721,4.026865073031343e-05,25,0.9,25,2,900,1.0,1.0,2.0,1.3333333333333333,MonoConv
2436,128,124,21,ens.RandomForest,LC-PFN,0.10132712777704,0.0017968161264434,3.919753453374142e-06,57,0.9,57,7,901,1.0,1.0,1.0,1.0,MonoConv
2437,128,124,21,ens.RandomForest,MMF4,0.3376909565836466,0.0059615605877649,3.6992447674514864e-05,57,0.9,57,7,901,3.0,3.0,3.0,3.0,MonoConv
2438,128,124,21,ens.RandomForest,WBL4,0.4546033501431233,0.0080158451689148,6.626154962976624e-05,57,0.9,57,7,901,4.0,4.0,4.0,4.0,MonoConv
2439,128,124,21,ens.RandomForest,POW4,0.1698075874067166,0.0030120105708266,9.67311670311777e-06,57,0.9,57,7,901,2.0,2.0,2.0,2.0,MonoConv
2440,131,219,6,LogisticRegression,LC-PFN,0.5244319792836905,0.0076960525475442,6.588918768102303e-05,53,0.9,53,6,902,3.0,3.0,3.0,3.0,MonoConv
2441,131,219,6,LogisticRegression,MMF4,0.120966869216841,0.0017682872168746,4.573332883874356e-06,53,0.9,53,6,902,1.0,1.0,1.0,1.0,MonoConv
2442,131,219,6,LogisticRegression,WBL4,0.4092183498932451,0.0059454017096436,3.5724159706517487e-05,53,0.9,53,6,902,2.0,2.0,2.0,2.0,MonoConv
2443,131,219,6,LogisticRegression,POW4,2.15790625594565,0.0321985402404429,0.0010705926566261,53,0.9,53,6,902,4.0,4.0,4.0,4.0,MonoConv
2444,133,7,7,PassiveAggressive,LC-PFN,1.3665813021361828,0.02588109113276,0.0006748051382601,48,0.9,48,6,905,4.0,4.0,4.0,4.0,MonoConv
2445,133,7,7,PassiveAggressive,MMF4,0.7266585582334708,0.0134800133833158,0.0001865612031783,48,0.9,48,6,905,1.0,1.0,1.0,1.0,MonoConv
2446,133,7,7,PassiveAggressive,WBL4,1.0476021038837795,0.0193709418537158,0.0003809020841339,48,0.9,48,6,905,3.0,3.0,3.0,3.0,MonoConv
2447,133,7,7,PassiveAggressive,POW4,1.014012097286373,0.0191398127286671,0.0003761951537273,48,0.9,48,6,905,2.0,2.0,2.0,2.0,MonoConv
2448,137,116,0,SVC_linear,LC-PFN,0.8020656183362007,0.0157865490764379,0.0002663003688212,49,0.9,49,6,907,4.0,4.0,4.0,4.0,MonoConv
2449,137,116,0,SVC_linear,MMF4,0.1829736014903547,0.003627372921383,1.852803178398608e-05,49,0.9,49,6,907,1.0,1.0,1.0,1.0,MonoConv
2450,137,116,0,SVC_linear,WBL4,0.1875207608005363,0.0037174196449408,1.9250746321156507e-05,49,0.9,49,6,907,2.0,2.0,2.0,2.0,MonoConv
2451,137,116,0,SVC_linear,POW4,0.3450462480472844,0.0068571448245873,6.410957570843305e-05,49,0.9,49,6,907,3.0,3.0,3.0,3.0,MonoConv
2452,144,114,5,ExtraTree,LC-PFN,0.9187438525259496,0.0168320536613464,0.0002967768232338,42,0.9,42,5,915,4.0,4.0,4.0,4.0,MonoConv
2453,144,114,5,ExtraTree,MMF4,0.1845479574192425,0.0033572440627154,1.521705617250483e-05,42,0.9,42,5,915,2.0,2.0,1.0,1.6666666666666667,MonoConv
2454,144,114,5,ExtraTree,WBL4,0.196610533119683,0.0035772775638413,1.7678216264165954e-05,42,0.9,42,5,915,3.0,3.0,3.0,3.0,MonoConv
2455,144,114,5,ExtraTree,POW4,0.1797602301733741,0.0032675906528632,1.6669366402384757e-05,42,0.9,42,5,915,1.0,1.0,2.0,1.3333333333333333,MonoConv
2456,143,262,22,ens.GradientBoosting,LC-PFN,0.5514960270375013,0.0079149743542075,6.576817395398393e-05,115,0.9,115,13,918,4.0,4.0,4.0,4.0,MonoConv
2457,143,262,22,ens.GradientBoosting,MMF4,0.1306949977123011,0.0018673847031113,3.724595412998961e-06,115,0.9,115,13,918,2.0,2.0,2.0,2.0,MonoConv
2458,143,262,22,ens.GradientBoosting,WBL4,0.0772050844905886,0.0011009620355756,1.3464176643784457e-06,115,0.9,115,13,918,1.0,1.0,1.0,1.0,MonoConv
2459,143,262,22,ens.GradientBoosting,POW4,0.3280968179542268,0.0046973645617357,2.25244750338588e-05,115,0.9,115,13,918,3.0,3.0,3.0,3.0,MonoConv
2460,146,4,6,LogisticRegression,LC-PFN,0.3638581838458776,0.0051584690809249,4.62121024611406e-05,27,0.9,27,4,919,1.0,1.0,1.0,1.0,MonoConv
2461,146,4,6,LogisticRegression,MMF4,0.4275866686517181,0.0060654057063098,5.347576980593029e-05,27,0.9,27,4,919,3.0,3.0,3.0,3.0,MonoConv
2462,146,4,6,LogisticRegression,WBL4,0.4185919857701783,0.0059370375931393,5.0472499473425714e-05,27,0.9,27,4,919,2.0,2.0,2.0,2.0,MonoConv
2463,146,4,6,LogisticRegression,POW4,0.6373504820703407,0.0090662667352015,0.0001002053671221,27,0.9,27,4,919,4.0,4.0,4.0,4.0,MonoConv
2464,152,43,22,ens.GradientBoosting,LC-PFN,1.4608572237193584,0.0253337863832712,0.0007797876605764,41,0.9,41,5,920,2.0,2.0,3.0,2.3333333333333335,MonoConv
2465,152,43,22,ens.GradientBoosting,MMF4,1.583687242970417,0.0273162544038654,0.0007620582512449,41,0.9,41,5,920,3.0,3.0,2.0,2.6666666666666665,MonoConv
2466,152,43,22,ens.GradientBoosting,WBL4,1.348508452233535,0.0233303263802302,0.0005623379139854,41,0.9,41,5,920,1.0,1.0,1.0,1.0,MonoConv
2467,152,43,22,ens.GradientBoosting,POW4,7.996856043933058,0.129584499712192,0.016858508841708,41,0.9,41,5,920,4.0,4.0,4.0,4.0,MonoConv
2468,148,238,21,ens.RandomForest,LC-PFN,0.3436894621700048,0.0060053705237805,3.706277857418172e-05,85,0.9,85,10,921,2.0,2.0,2.0,2.0,MonoConv
2469,148,238,21,ens.RandomForest,MMF4,1.1965248481271564,0.0207263336718971,0.0004375467841267,85,0.9,85,10,921,3.0,3.0,3.0,3.0,MonoConv
2470,148,238,21,ens.RandomForest,WBL4,1.5259457059721486,0.0263453213444929,0.0007051886648147,85,0.9,85,10,921,4.0,4.0,4.0,4.0,MonoConv
2471,148,238,21,ens.RandomForest,POW4,0.2692627940139811,0.0047105434037828,2.470162227201168e-05,85,0.9,85,10,921,1.0,1.0,1.0,1.0,MonoConv
2472,160,75,8,Perceptron,LC-PFN,0.881162378937006,0.0101732490584254,0.0001742334861773,41,0.9,41,5,930,3.0,3.0,3.0,3.0,MonoConv
2473,160,75,8,Perceptron,MMF4,0.7776271013056687,0.0089586368295941,0.0001278226416125,41,0.9,41,5,930,1.0,1.0,1.0,1.0,MonoConv
2474,160,75,8,Perceptron,WBL4,0.8343745783318214,0.0096209606504842,0.0001401283159369,41,0.9,41,5,930,2.0,2.0,2.0,2.0,MonoConv
2475,160,75,8,Perceptron,POW4,1.0620828680975365,0.01228632231936,0.0001998482644094,41,0.9,41,5,930,4.0,4.0,4.0,4.0,MonoConv
2476,162,33,5,ExtraTree,LC-PFN,7.51606822013855,0.0634060129523277,0.0040217833593487,45,0.9,45,5,931,4.0,4.0,4.0,4.0,MonoConv
2477,162,33,5,ExtraTree,MMF4,1.053778751885488,0.0094863110887908,0.0001030013243539,45,0.9,45,5,931,2.0,2.0,2.0,2.0,MonoConv
2478,162,33,5,ExtraTree,WBL4,1.1078473941176423,0.0099669423163567,0.0001135806235356,45,0.9,45,5,931,3.0,3.0,3.0,3.0,MonoConv
2479,162,33,5,ExtraTree,POW4,0.9102945228422,0.0082089847616391,7.858570820498616e-05,45,0.9,45,5,931,1.0,1.0,1.0,1.0,MonoConv
2480,164,240,6,LogisticRegression,LC-PFN,2.1634018048644066,0.0287143252789974,0.0009025055915117,58,0.9,58,7,932,4.0,4.0,4.0,4.0,MonoConv
2481,164,240,6,LogisticRegression,MMF4,1.5793355827986102,0.0211084506836568,0.0005622963246629,58,0.9,58,7,932,2.0,2.0,2.0,2.0,MonoConv
2482,164,240,6,LogisticRegression,WBL4,1.5953427359110608,0.0213181710014537,0.000571208597043,58,0.9,58,7,932,3.0,3.0,3.0,3.0,MonoConv
2483,164,240,6,LogisticRegression,POW4,1.3631490706660443,0.0182695542181862,0.0004498292588851,58,0.9,58,7,932,1.0,1.0,1.0,1.0,MonoConv
2484,166,88,8,Perceptron,LC-PFN,1.0102040134370327,0.0135796153917908,0.0003069191297981,63,0.9,63,7,934,3.0,3.0,4.0,3.3333333333333335,MonoConv
2485,166,88,8,Perceptron,MMF4,1.0079121040517494,0.0135475341046298,0.0002521971553181,63,0.9,63,7,934,2.0,2.0,2.0,2.0,MonoConv
2486,166,88,8,Perceptron,WBL4,1.0002666421209137,0.0134436548896817,0.0002432307509493,63,0.9,63,7,934,1.0,1.0,1.0,1.0,MonoConv
2487,166,88,8,Perceptron,POW4,1.0138238518981535,0.0136279394864637,0.0002599232272342,63,0.9,63,7,934,4.0,4.0,3.0,3.6666666666666665,MonoConv
2488,163,235,4,Decision Tree,LC-PFN,0.1741517917253077,0.0034037828445434,1.327583595411852e-05,57,0.9,57,7,935,2.0,2.0,2.0,2.0,MonoConv
2489,163,235,4,Decision Tree,MMF4,0.2103476520231136,0.0041095279710934,1.830245086857363e-05,57,0.9,57,7,935,3.0,3.0,3.0,3.0,MonoConv
2490,163,235,4,Decision Tree,WBL4,0.2434584972188096,0.0047547138957695,2.4411471579953456e-05,57,0.9,57,7,935,4.0,4.0,4.0,4.0,MonoConv
2491,163,235,4,Decision Tree,POW4,0.047967187513112,0.000938718149874,1.0790046505444915e-06,57,0.9,57,7,935,1.0,1.0,1.0,1.0,MonoConv
2492,168,129,22,ens.GradientBoosting,LC-PFN,1.0292204096913338,0.0202922914177179,0.0004119726072531,54,0.9,54,7,936,4.0,4.0,4.0,4.0,MonoConv
2493,168,129,22,ens.GradientBoosting,MMF4,0.0206953591828852,0.0004123334933153,1.834773095490134e-07,54,0.9,54,7,936,2.0,2.0,2.0,2.0,MonoConv
2494,168,129,22,ens.GradientBoosting,WBL4,0.0435716433436717,0.0008676198383968,8.470680747550473e-07,54,0.9,54,7,936,3.0,3.0,3.0,3.0,MonoConv
2495,168,129,22,ens.GradientBoosting,POW4,0.0104219895064902,0.0002076201272672,5.458172761054285e-08,54,0.9,54,7,936,1.0,1.0,1.0,1.0,MonoConv
2496,169,222,4,Decision Tree,LC-PFN,0.5713993217796087,0.0104792118072509,0.0001120669330703,57,0.9,57,7,937,2.0,3.0,2.0,2.3333333333333335,MonoConv
2497,169,222,4,Decision Tree,MMF4,0.3910395262785791,0.0071086312160713,5.7266492330383706e-05,57,0.9,57,7,937,1.0,1.0,1.0,1.0,MonoConv
2498,169,222,4,Decision Tree,WBL4,0.5767989964895197,0.0104642070731484,0.0001171454438495,57,0.9,57,7,937,3.0,2.0,3.0,2.6666666666666665,MonoConv
2499,169,222,4,Decision Tree,POW4,0.5978546202418424,0.010970674130915,0.0001220928592017,57,0.9,57,7,937,4.0,4.0,4.0,4.0,MonoConv
2500,178,130,0,SVC_linear,LC-PFN,1.5115509741008282,0.0229797791689634,0.0008904083515517,62,0.9,62,7,942,3.0,3.0,3.0,3.0,MonoConv
2501,178,130,0,SVC_linear,MMF4,1.4685520919400927,0.0223011597265024,0.0007640308773397,62,0.9,62,7,942,2.0,2.0,2.0,2.0,MonoConv
2502,178,130,0,SVC_linear,WBL4,1.321269101223408,0.020024411182473,0.0006646070617325,62,0.9,62,7,942,1.0,1.0,1.0,1.0,MonoConv
2503,178,130,0,SVC_linear,POW4,1.9112878693014967,0.0292042578192853,0.0012120184577176,62,0.9,62,7,942,4.0,4.0,4.0,4.0,MonoConv
2504,176,81,6,LogisticRegression,LC-PFN,2.0898083224892616,0.0228177700191736,0.0005346804973669,49,0.9,49,6,945,4.0,4.0,4.0,4.0,MonoConv
2505,176,81,6,LogisticRegression,MMF4,0.1212452977920288,0.0013515012571048,3.0930617581497945e-06,49,0.9,49,6,945,1.0,1.0,1.0,1.0,MonoConv
2506,176,81,6,LogisticRegression,WBL4,0.1617680161587151,0.0018020943674802,4.510906597156322e-06,49,0.9,49,6,945,2.0,2.0,2.0,2.0,MonoConv
2507,176,81,6,LogisticRegression,POW4,0.7050901233316406,0.0079216478498822,7.029536586412669e-05,49,0.9,49,6,945,3.0,3.0,3.0,3.0,MonoConv
2508,179,3,5,ExtraTree,LC-PFN,0.4712326917797327,0.0075175762176513,7.372241088887677e-05,48,0.9,48,6,946,2.0,2.0,1.0,1.6666666666666667,MonoConv
2509,179,3,5,ExtraTree,MMF4,0.6226760459142328,0.009909882699356,0.0001602138378084,48,0.9,48,6,946,4.0,4.0,4.0,4.0,MonoConv
2510,179,3,5,ExtraTree,WBL4,0.4599020016267868,0.0073492782468821,9.166680391493652e-05,48,0.9,48,6,946,1.0,1.0,2.0,1.3333333333333333,MonoConv
2511,179,3,5,ExtraTree,POW4,0.5215203994490676,0.0083087139914269,0.0001239414202579,48,0.9,48,6,946,3.0,3.0,3.0,3.0,MonoConv
2512,186,244,4,Decision Tree,LC-PFN,0.1794433104805648,0.0032591989729553,1.4565464880433863e-05,58,0.9,58,7,950,1.0,1.0,1.0,1.0,MonoConv
2513,186,244,4,Decision Tree,MMF4,0.4290134504556854,0.0077553850050955,6.383886070272866e-05,58,0.9,58,7,950,3.0,3.0,3.0,3.0,MonoConv
2514,186,244,4,Decision Tree,WBL4,0.395472238881385,0.0071514742425804,5.474642243786587e-05,58,0.9,58,7,950,2.0,2.0,2.0,2.0,MonoConv
2515,186,244,4,Decision Tree,POW4,0.4985229629766023,0.0090055369524492,8.499637531035754e-05,58,0.9,58,7,950,4.0,4.0,4.0,4.0,MonoConv
2516,190,103,21,ens.RandomForest,LC-PFN,0.1607385696843266,0.0031408071517944,1.0626368748489767e-05,42,0.9,42,5,955,1.0,1.0,1.0,1.0,MonoConv
2517,190,103,21,ens.RandomForest,MMF4,0.2230396544752105,0.0043552944710878,1.972608929870786e-05,42,0.9,42,5,955,3.0,3.0,3.0,3.0,MonoConv
2518,190,103,21,ens.RandomForest,WBL4,0.2888462345506086,0.0056364857420625,3.255583772118957e-05,42,0.9,42,5,955,4.0,4.0,4.0,4.0,MonoConv
2519,190,103,21,ens.RandomForest,POW4,0.222282191227006,0.0043405375831536,1.9597618584773213e-05,42,0.9,42,5,955,2.0,2.0,2.0,2.0,MonoConv
2520,196,178,18,KNN,LC-PFN,2.1595489233732224,0.0231027342379093,0.0005463736015371,60,0.9,60,7,959,4.0,4.0,4.0,4.0,MonoConv
2521,196,178,18,KNN,MMF4,1.1227729681238183,0.0121473811396837,0.0001559451332479,60,0.9,60,7,959,3.0,3.0,3.0,3.0,MonoConv
2522,196,178,18,KNN,WBL4,0.8805678325059799,0.009550030477717,9.656368540638512e-05,60,0.9,60,7,959,1.0,1.0,1.0,1.0,MonoConv
2523,196,178,18,KNN,POW4,0.9071060470738131,0.0098342432245364,0.0001020064602082,60,0.9,60,7,959,2.0,2.0,2.0,2.0,MonoConv
2524,194,237,10,SGDClassifier,LC-PFN,1.5306041575968266,0.0292394012212753,0.0008588283671997,35,0.9,35,4,960,4.0,4.0,4.0,4.0,MonoConv
2525,194,237,10,SGDClassifier,MMF4,0.5815220107834714,0.0110143934612491,0.0001406806764435,35,0.9,35,4,960,2.0,2.0,2.0,2.0,MonoConv
2526,194,237,10,SGDClassifier,WBL4,0.9257475539810904,0.017590678624892,0.0003333921101534,35,0.9,35,4,960,3.0,3.0,3.0,3.0,MonoConv
2527,194,237,10,SGDClassifier,POW4,0.3378475515888052,0.0063345937320952,4.448804935720592e-05,35,0.9,35,4,960,1.0,1.0,1.0,1.0,MonoConv
2528,198,236,4,Decision Tree,LC-PFN,0.1801817095838487,0.0032536487560719,1.5572084521409124e-05,49,0.9,49,6,964,1.0,1.0,1.0,1.0,MonoConv
2529,198,236,4,Decision Tree,MMF4,1.2602828858509552,0.0225077549795634,0.0005374564472852,49,0.9,49,6,964,3.0,3.0,3.0,3.0,MonoConv
2530,198,236,4,Decision Tree,WBL4,1.5471144375678807,0.027547916988143,0.000795786224111,49,0.9,49,6,964,4.0,4.0,4.0,4.0,MonoConv
2531,198,236,4,Decision Tree,POW4,0.2220468881344301,0.0040064441398003,2.4259712681892304e-05,49,0.9,49,6,964,2.0,2.0,2.0,2.0,MonoConv
2532,64,72,8,Perceptron,LC-PFN,4.458042606711388,0.0514477044343948,0.0029215486720204,68,0.9,68,8,969,3.0,3.0,3.0,3.0,MonoConv
2533,64,72,8,Perceptron,MMF4,5.4463174834505645,0.0622133911469812,0.004176811390069,68,0.9,68,8,969,4.0,4.0,4.0,4.0,MonoConv
2534,64,72,8,Perceptron,WBL4,2.731601223759235,0.0321588962912512,0.0013188799642768,68,0.9,68,8,969,2.0,2.0,2.0,2.0,MonoConv
2535,64,72,8,Perceptron,POW4,2.4737607205321237,0.0291706995896045,0.0010519829960721,68,0.9,68,8,969,1.0,1.0,1.0,1.0,MonoConv
2536,159,181,20,ens.ExtraTrees,LC-PFN,1.5729038044810295,0.018164062872529,0.0003347629099152,43,0.9,43,5,970,4.0,4.0,4.0,4.0,MonoConv
2537,159,181,20,ens.ExtraTrees,MMF4,0.2297783606484686,0.0026907038680606,7.320557260919258e-06,43,0.9,43,5,970,1.0,1.0,1.0,1.0,MonoConv
2538,159,181,20,ens.ExtraTrees,WBL4,0.7679356715154559,0.0089532711586761,9.578618870146994e-05,43,0.9,43,5,970,3.0,3.0,3.0,3.0,MonoConv
2539,159,181,20,ens.ExtraTrees,POW4,0.4550899096373483,0.0052943214298521,3.773564458465799e-05,43,0.9,43,5,970,2.0,2.0,2.0,2.0,MonoConv
2540,5,226,9,RidgeClassifier,LC-PFN,32.83940255641937,0.1902838796377182,0.0547660216689109,25,0.1,25,74,1,4.0,4.0,3.0,3.6666666666666665,Peaking
2541,5,226,9,RidgeClassifier,MMF4,31.35285995671613,0.1862733464974061,0.0546133970409381,25,0.1,25,74,1,2.0,2.0,2.0,2.0,Peaking
2542,5,226,9,RidgeClassifier,WBL4,31.9081076960801,0.1887891427902606,0.056393164703217,25,0.1,25,74,1,3.0,3.0,4.0,3.3333333333333335,Peaking
2543,5,226,9,RidgeClassifier,POW4,29.31837628140891,0.1765742363807241,0.0479382946561933,25,0.1,25,74,1,1.0,1.0,1.0,1.0,Peaking
2544,13,248,11,MLP,LC-PFN,0.8006452582776546,0.0130445715039968,0.0001896729954751,25,0.1,25,34,14,2.0,2.0,2.0,2.0,Peaking
2545,13,248,11,MLP,MMF4,4.53727526561691,0.0711342280455122,0.0055895569718761,25,0.1,25,34,14,4.0,4.0,4.0,4.0,Peaking
2546,13,248,11,MLP,WBL4,4.379301636705429,0.0687738484633276,0.0052807268894597,25,0.1,25,34,14,3.0,3.0,3.0,3.0,Peaking
2547,13,248,11,MLP,POW4,0.4490101924200302,0.0073180990356528,6.208332623973543e-05,25,0.1,25,34,14,1.0,1.0,1.0,1.0,Peaking
2548,4,162,17,GaussianNB,LC-PFN,1.018266286700964,0.0200704652816057,0.0004037608159705,25,0.1,25,26,15,4.0,4.0,4.0,4.0,Peaking
2549,4,162,17,GaussianNB,MMF4,0.2956990969936263,0.0058707598095697,3.547003721002543e-05,25,0.1,25,26,15,2.0,2.0,2.0,2.0,Peaking
2550,4,162,17,GaussianNB,WBL4,0.3818142538909007,0.007573810985197,5.853618326680008e-05,25,0.1,25,26,15,3.0,3.0,3.0,3.0,Peaking
2551,4,162,17,GaussianNB,POW4,0.0939322366359067,0.0018657357412068,6.667904906308489e-06,25,0.1,25,26,15,1.0,1.0,1.0,1.0,Peaking
2552,27,136,17,GaussianNB,LC-PFN,0.3611404448747635,0.0070720990188419,5.523602521861904e-05,25,0.1,25,52,25,1.0,1.0,1.0,1.0,Peaking
2553,27,136,17,GaussianNB,MMF4,0.5954132878513422,0.0117904470201247,0.0001761460982275,25,0.1,25,52,25,3.0,3.0,3.0,3.0,Peaking
2554,27,136,17,GaussianNB,WBL4,0.7011660633915262,0.0138925680044723,0.0002209853347146,25,0.1,25,52,25,4.0,4.0,4.0,4.0,Peaking
2555,27,136,17,GaussianNB,POW4,0.4582125729703115,0.0090616193674344,0.0001205234515752,25,0.1,25,52,25,2.0,2.0,2.0,2.0,Peaking
2556,30,20,11,MLP,LC-PFN,1.0990814305841925,0.0150685012340545,0.0003689188160933,25,0.1,25,18,26,4.0,4.0,4.0,4.0,Peaking
2557,30,20,11,MLP,MMF4,0.5618576169441369,0.0076050443086369,0.0001233087224446,25,0.1,25,18,26,2.0,2.0,2.0,2.0,Peaking
2558,30,20,11,MLP,WBL4,0.5977219660149743,0.0080941870905411,0.0001158003605142,25,0.1,25,18,26,3.0,3.0,1.0,2.3333333333333335,Peaking
2559,30,20,11,MLP,POW4,0.5548333559292341,0.0075089893787847,0.0001280846804375,25,0.1,25,18,26,1.0,1.0,3.0,1.6666666666666667,Peaking
2560,24,191,3,SVC_sigmoid,LC-PFN,5.547769740223885,0.0321767926216125,0.0021828070748597,25,0.1,25,3,28,1.0,1.0,3.0,1.6666666666666667,Peaking
2561,24,191,3,SVC_sigmoid,MMF4,6.232353483586075,0.0366900182337033,0.0013552847163207,25,0.1,25,3,28,2.0,2.0,1.0,1.6666666666666667,Peaking
2562,24,191,3,SVC_sigmoid,WBL4,12.19402381367746,0.0786388988524611,0.0076042613816982,25,0.1,25,3,28,4.0,4.0,4.0,4.0,Peaking
2563,24,191,3,SVC_sigmoid,POW4,7.081643108235605,0.0420559221229296,0.0020857425615763,25,0.1,25,3,28,3.0,3.0,2.0,2.6666666666666665,Peaking
2564,33,5,3,SVC_sigmoid,LC-PFN,23.756229877471924,0.0876493379473686,0.010482563637197,25,0.1,25,29,31,1.0,1.0,1.0,1.0,Peaking
2565,33,5,3,SVC_sigmoid,MMF4,28.20535703982488,0.0994052941456865,0.0128757592695787,25,0.1,25,29,31,4.0,4.0,4.0,4.0,Peaking
2566,33,5,3,SVC_sigmoid,WBL4,27.7788925949979,0.0983261302113467,0.0126623746475788,25,0.1,25,29,31,2.0,2.0,2.0,2.0,Peaking
2567,33,5,3,SVC_sigmoid,POW4,27.77889266421372,0.0983261303868212,0.012662374681625,25,0.1,25,29,31,3.0,3.0,3.0,3.0,Peaking
2568,38,179,9,RidgeClassifier,LC-PFN,0.6920736748725176,0.0131999654695391,0.0001898768095998,25,0.1,25,51,34,2.0,2.0,2.0,2.0,Peaking
2569,38,179,9,RidgeClassifier,MMF4,1.090869865110339,0.0212730652249957,0.0005226870996049,25,0.1,25,51,34,3.0,3.0,3.0,3.0,Peaking
2570,38,179,9,RidgeClassifier,WBL4,0.4229955335782301,0.008094095660963,8.187111365980276e-05,25,0.1,25,51,34,1.0,1.0,1.0,1.0,Peaking
2571,38,179,9,RidgeClassifier,POW4,2.58670983978542,0.0469168146331987,0.0032029777120662,25,0.1,25,51,34,4.0,4.0,4.0,4.0,Peaking
2572,37,130,11,MLP,LC-PFN,2.3813527077436447,0.039149735122919,0.0021528168581426,25,0.1,25,44,35,4.0,4.0,4.0,4.0,Peaking
2573,37,130,11,MLP,MMF4,1.541864461032722,0.0248623512208638,0.0010023605686108,25,0.1,25,44,35,2.0,2.0,2.0,2.0,Peaking
2574,37,130,11,MLP,WBL4,1.5392750021760853,0.024819849605605,0.0009988484586577,25,0.1,25,44,35,1.0,1.0,1.0,1.0,Peaking
2575,37,130,11,MLP,POW4,1.6313688811069718,0.0263358976255024,0.0011363106136157,25,0.1,25,44,35,3.0,3.0,3.0,3.0,Peaking
2576,43,66,12,LDA,LC-PFN,7.081951946020126,0.0795904994010925,0.006593192461878,25,0.1,25,21,44,4.0,4.0,4.0,4.0,Peaking
2577,43,66,12,LDA,MMF4,6.54196408645977,0.0741021380512141,0.006240771319061,25,0.1,25,21,44,3.0,3.0,3.0,3.0,Peaking
2578,43,66,12,LDA,WBL4,5.978577803685506,0.0681320634532262,0.0053916224811631,25,0.1,25,21,44,1.0,1.0,1.0,1.0,Peaking
2579,43,66,12,LDA,POW4,5.97857785775405,0.0681320640290866,0.0053916225566302,25,0.1,25,21,44,2.0,2.0,2.0,2.0,Peaking
2580,48,71,12,LDA,LC-PFN,1.116220746189356,0.0212949719280004,0.000461731251562,25,0.1,25,37,45,2.0,2.0,2.0,2.0,Peaking
2581,48,71,12,LDA,MMF4,1.1900915010730182,0.0221993476572749,0.000513784713638,25,0.1,25,37,45,4.0,4.0,4.0,4.0,Peaking
2582,48,71,12,LDA,WBL4,1.1419486684139606,0.0213120898039967,0.0004771302788823,25,0.1,25,37,45,3.0,3.0,3.0,3.0,Peaking
2583,48,71,12,LDA,POW4,0.3751312751323981,0.0070524135954325,6.00517050860223e-05,25,0.1,25,37,45,1.0,1.0,1.0,1.0,Peaking
2584,51,2,9,RidgeClassifier,LC-PFN,0.3305232618004083,0.0057208100333809,5.839068762725219e-05,25,0.1,25,15,49,3.0,3.0,3.0,3.0,Peaking
2585,51,2,9,RidgeClassifier,MMF4,0.1249844725283551,0.0021567741684101,1.0231963440255e-05,25,0.1,25,15,49,2.0,2.0,2.0,2.0,Peaking
2586,51,2,9,RidgeClassifier,WBL4,0.1233380396006913,0.0021280763084828,7.1397519739463314e-06,25,0.1,25,15,49,1.0,1.0,1.0,1.0,Peaking
2587,51,2,9,RidgeClassifier,POW4,0.6726301182373985,0.011689398325695,0.0001543359022098,25,0.1,25,15,49,4.0,4.0,4.0,4.0,Peaking
2588,59,141,11,MLP,LC-PFN,6.546405702829361,0.0883693993091583,0.0088340500369668,25,0.1,25,48,56,4.0,4.0,4.0,4.0,Peaking
2589,59,141,11,MLP,MMF4,5.54549202650011,0.0755691924217567,0.0064766811142225,25,0.1,25,48,56,2.0,2.0,2.0,2.0,Peaking
2590,59,141,11,MLP,WBL4,6.07078792074795,0.0823677245536725,0.0076816737498944,25,0.1,25,48,56,3.0,3.0,3.0,3.0,Peaking
2591,59,141,11,MLP,POW4,5.4005803358409565,0.073674605237001,0.0061669462316112,25,0.1,25,48,56,1.0,1.0,1.0,1.0,Peaking
2592,68,209,11,MLP,LC-PFN,1.136987842619419,0.0114794736728072,0.0002139548305422,25,0.1,25,14,61,1.0,1.0,1.0,1.0,Peaking
2593,68,209,11,MLP,MMF4,1.713492388702586,0.0172023285915794,0.0004328145716318,25,0.1,25,14,61,4.0,4.0,4.0,4.0,Peaking
2594,68,209,11,MLP,WBL4,1.2780232090540564,0.0129119495732054,0.0002494352614558,25,0.1,25,14,61,2.0,2.0,2.0,2.0,Peaking
2595,68,209,11,MLP,POW4,1.278023598138764,0.0129119534356955,0.0002494354249623,25,0.1,25,14,61,3.0,3.0,3.0,3.0,Peaking
2596,67,11,9,RidgeClassifier,LC-PFN,3.964005038142204,0.0379311926662921,0.001661641173996,25,0.1,25,25,65,3.0,2.0,2.0,2.3333333333333335,Peaking
2597,67,11,9,RidgeClassifier,MMF4,3.911221517861037,0.0382164241515725,0.0016684316753754,25,0.1,25,25,65,2.0,3.0,3.0,2.6666666666666665,Peaking
2598,67,11,9,RidgeClassifier,WBL4,4.252438971078685,0.0413967193033016,0.0019436636552533,25,0.1,25,25,65,4.0,4.0,4.0,4.0,Peaking
2599,67,11,9,RidgeClassifier,POW4,0.7591638105191618,0.0076363531822965,7.525611545362004e-05,25,0.1,25,25,65,1.0,1.0,1.0,1.0,Peaking
2600,76,91,9,RidgeClassifier,LC-PFN,0.8025657385587692,0.013631553389132,0.0002455133362673,25,0.1,25,56,69,4.0,4.0,4.0,4.0,Peaking
2601,76,91,9,RidgeClassifier,MMF4,0.281914469499718,0.0047444963290982,2.3838839560125757e-05,25,0.1,25,56,69,2.0,2.0,2.0,2.0,Peaking
2602,76,91,9,RidgeClassifier,WBL4,0.2239369405304462,0.0037543715521998,2.0000541787891574e-05,25,0.1,25,56,69,1.0,1.0,1.0,1.0,Peaking
2603,76,91,9,RidgeClassifier,POW4,0.3717519314687451,0.0062645088383782,4.180198479351195e-05,25,0.1,25,56,69,3.0,3.0,3.0,3.0,Peaking
2604,81,86,11,MLP,LC-PFN,3.066170960664749,0.0512182228267192,0.0036980602890253,25,0.1,25,45,76,1.0,1.0,1.0,1.0,Peaking
2605,81,86,11,MLP,MMF4,4.854464924826149,0.0792040196299365,0.008498801302254,25,0.1,25,45,76,3.0,3.0,3.0,3.0,Peaking
2606,81,86,11,MLP,WBL4,5.235256099267922,0.0850089508436811,0.0096559837305105,25,0.1,25,45,76,4.0,4.0,4.0,4.0,Peaking
2607,81,86,11,MLP,POW4,3.14374840774298,0.0525161536321217,0.0040950592768775,25,0.1,25,45,76,2.0,2.0,2.0,2.0,Peaking
2608,80,112,17,GaussianNB,LC-PFN,1.1199789121747017,0.0157302916049957,0.0003377410757821,25,0.1,25,46,80,4.0,4.0,4.0,4.0,Peaking
2609,80,112,17,GaussianNB,MMF4,0.0048382127650603,6.693226282747257e-05,4.479927836777262e-09,25,0.1,25,46,80,1.0,1.0,1.0,1.0,Peaking
2610,80,112,17,GaussianNB,WBL4,0.2540177902741464,0.0035228832824614,1.2410706621849122e-05,25,0.1,25,46,80,3.0,3.0,3.0,3.0,Peaking
2611,80,112,17,GaussianNB,POW4,0.2540174476118753,0.0035228785180967,1.2410673053267682e-05,25,0.1,25,46,80,2.0,2.0,2.0,2.0,Peaking
2612,92,74,13,QDA,LC-PFN,0.2687763655558228,0.004505650140345,2.9501105018425733e-05,25,0.1,25,34,85,1.0,1.0,1.0,1.0,Peaking
2613,92,74,13,QDA,MMF4,0.9240223417366524,0.0153434537354967,0.0002676312269348,25,0.1,25,34,85,2.0,2.0,2.0,2.0,Peaking
2614,92,74,13,QDA,WBL4,1.1389254602820054,0.0188670209164334,0.0003908071697102,25,0.1,25,34,85,3.0,3.0,3.0,3.0,Peaking
2615,92,74,13,QDA,POW4,4.588024021663032,0.0808237927314657,0.006925229245335,25,0.1,25,34,85,4.0,4.0,4.0,4.0,Peaking
2616,95,178,3,SVC_sigmoid,LC-PFN,4.42180372774601,0.035712581127882,0.0017218017019331,25,0.1,25,42,91,4.0,4.0,4.0,4.0,Peaking
2617,95,178,3,SVC_sigmoid,MMF4,1.3136243257117783,0.0105544680083733,0.0001879972877557,25,0.1,25,42,91,2.0,2.0,2.0,2.0,Peaking
2618,95,178,3,SVC_sigmoid,WBL4,1.0863761380550836,0.0086922900663031,0.0001463876996372,25,0.1,25,42,91,1.0,1.0,1.0,1.0,Peaking
2619,95,178,3,SVC_sigmoid,POW4,2.60378177183998,0.0212982956663781,0.0005586437897202,25,0.1,25,42,91,3.0,3.0,3.0,3.0,Peaking
2620,98,131,3,SVC_sigmoid,LC-PFN,1.6798343509435654,0.0319848321378231,0.0010296826949343,25,0.1,25,46,94,4.0,4.0,4.0,4.0,Peaking
2621,98,131,3,SVC_sigmoid,MMF4,5.986945036599038e-05,1.1206425444131935e-06,5.475786886301483e-11,25,0.1,25,46,94,3.0,3.0,1.0,2.3333333333333335,Peaking
2622,98,131,3,SVC_sigmoid,WBL4,5.836939526482017e-05,1.0925636241035497e-06,5.489507657993535e-11,25,0.1,25,46,94,1.0,1.0,2.0,1.3333333333333333,Peaking
2623,98,131,3,SVC_sigmoid,POW4,5.866383296176087e-05,1.098075083527661e-06,5.491594795946724e-11,25,0.1,25,46,94,2.0,2.0,3.0,2.3333333333333335,Peaking
2624,110,192,9,RidgeClassifier,LC-PFN,3.25893983244896,0.0459800623357296,0.0025919543113559,25,0.1,25,26,105,1.0,1.0,1.0,1.0,Peaking
2625,110,192,9,RidgeClassifier,MMF4,4.4235067423629,0.0627031981128855,0.0052734169395433,25,0.1,25,26,105,3.0,3.0,3.0,3.0,Peaking
2626,110,192,9,RidgeClassifier,WBL4,4.753120275336679,0.067269303010053,0.006414993290179,25,0.1,25,26,105,4.0,4.0,4.0,4.0,Peaking
2627,110,192,9,RidgeClassifier,POW4,3.744521638965916,0.0526586192176522,0.0034184003861058,25,0.1,25,26,105,2.0,2.0,2.0,2.0,Peaking
2628,111,256,17,GaussianNB,LC-PFN,6.393362581729889,0.0685033202171325,0.0056331539526581,25,0.1,25,73,106,4.0,4.0,4.0,4.0,Peaking
2629,111,256,17,GaussianNB,MMF4,2.591507594828507,0.0264604081289155,0.0008006877805822,25,0.1,25,73,106,2.0,2.0,2.0,2.0,Peaking
2630,111,256,17,GaussianNB,WBL4,2.4210243666547364,0.024669955290371,0.0007036058265763,25,0.1,25,73,106,1.0,1.0,1.0,1.0,Peaking
2631,111,256,17,GaussianNB,POW4,4.008275950315122,0.0416003836279048,0.0019082759415052,25,0.1,25,73,106,3.0,3.0,3.0,3.0,Peaking
2632,115,92,17,GaussianNB,LC-PFN,6.703190505504608,0.0994598865509033,0.0138307278975844,25,0.1,25,56,110,1.0,1.0,1.0,1.0,Peaking
2633,115,92,17,GaussianNB,MMF4,8.146172057562904,0.1187737411419307,0.0198624949422073,25,0.1,25,56,110,3.0,3.0,3.0,3.0,Peaking
2634,115,92,17,GaussianNB,WBL4,8.282269333073618,0.120547907118587,0.0202963475876004,25,0.1,25,56,110,4.0,4.0,4.0,4.0,Peaking
2635,115,92,17,GaussianNB,POW4,7.60340608087174,0.1116473719601354,0.0180752966605439,25,0.1,25,56,110,2.0,2.0,2.0,2.0,Peaking
2636,119,73,3,SVC_sigmoid,LC-PFN,5.679620802402496,0.0806446298956871,0.0090938080102205,25,0.1,25,45,115,4.0,4.0,4.0,4.0,Peaking
2637,119,73,3,SVC_sigmoid,MMF4,4.30515585533461,0.0598634624240864,0.0051517843109754,25,0.1,25,45,115,2.0,2.0,2.0,2.0,Peaking
2638,119,73,3,SVC_sigmoid,WBL4,4.177692495241336,0.0579777677111829,0.0048932601807995,25,0.1,25,45,115,1.0,1.0,1.0,1.0,Peaking
2639,119,73,3,SVC_sigmoid,POW4,5.296441782823434,0.0747456493871304,0.0076875078800341,25,0.1,25,45,115,3.0,3.0,3.0,3.0,Peaking
2640,125,56,11,MLP,LC-PFN,2.4962155148386955,0.0414469391107559,0.0019428576342761,25,0.1,25,34,121,2.0,2.0,2.0,2.0,Peaking
2641,125,56,11,MLP,MMF4,6.568423571260314,0.1045844719960274,0.0128961358195663,25,0.1,25,34,121,3.0,3.0,3.0,3.0,Peaking
2642,125,56,11,MLP,WBL4,7.347204505189906,0.1160039305491707,0.0156352894798302,25,0.1,25,34,121,4.0,4.0,4.0,4.0,Peaking
2643,125,56,11,MLP,POW4,0.3787064142276538,0.006184045668882,5.275416691064986e-05,25,0.1,25,34,121,1.0,1.0,1.0,1.0,Peaking
2644,118,215,3,SVC_sigmoid,LC-PFN,2.0649906247854237,0.0302435513585805,0.001228175824508,25,0.1,25,27,126,2.0,2.0,2.0,2.0,Peaking
2645,118,215,3,SVC_sigmoid,MMF4,2.610353699302034,0.0379817689497296,0.0019699298176338,25,0.1,25,27,126,4.0,4.0,4.0,4.0,Peaking
2646,118,215,3,SVC_sigmoid,WBL4,1.4193595369277148,0.0209224739671036,0.0006341282260494,25,0.1,25,27,126,1.0,1.0,1.0,1.0,Peaking
2647,118,215,3,SVC_sigmoid,POW4,2.5422366369704794,0.0370217971759131,0.0018630568860287,25,0.1,25,27,126,3.0,3.0,3.0,3.0,Peaking
2648,134,181,11,MLP,LC-PFN,1.4576547779142857,0.0170451253652572,0.0005850251764059,25,0.1,25,23,128,1.0,1.0,1.0,1.0,Peaking
2649,134,181,11,MLP,MMF4,5.913719816237833,0.0758608401865876,0.0080879793757367,25,0.1,25,23,128,3.0,3.0,3.0,3.0,Peaking
2650,134,181,11,MLP,WBL4,6.605644033393373,0.0859925351426746,0.0106622931235506,25,0.1,25,23,128,4.0,4.0,4.0,4.0,Peaking
2651,134,181,11,MLP,POW4,4.221893354944636,0.0524686730033,0.0037954058685639,25,0.1,25,23,128,2.0,2.0,2.0,2.0,Peaking
2652,135,236,17,GaussianNB,LC-PFN,2.0452268421649933,0.0303341727703809,0.0014195196563377,25,0.1,25,30,132,3.0,3.0,3.0,3.0,Peaking
2653,135,236,17,GaussianNB,MMF4,1.0955234285308324,0.0159166099747996,0.0002747447541385,25,0.1,25,30,132,2.0,2.0,2.0,2.0,Peaking
2654,135,236,17,GaussianNB,WBL4,0.4633239191987059,0.0066774013635993,5.1342067440945946e-05,25,0.1,25,30,132,1.0,1.0,1.0,1.0,Peaking
2655,135,236,17,GaussianNB,POW4,5.969513509512272,0.0918622331556007,0.009444312484533,25,0.1,25,30,132,4.0,4.0,4.0,4.0,Peaking
2656,145,122,17,GaussianNB,LC-PFN,0.2003433182835579,0.003876760834828,3.204917811672203e-05,25,0.1,25,55,137,1.0,1.0,1.0,1.0,Peaking
2657,145,122,17,GaussianNB,MMF4,9.86450312867502,0.1629072156486114,0.0459807204091286,25,0.1,25,55,137,4.0,4.0,4.0,4.0,Peaking
2658,145,122,17,GaussianNB,WBL4,0.7321995902452719,0.014098699007111,0.0002213379725225,25,0.1,25,55,137,3.0,3.0,3.0,3.0,Peaking
2659,145,122,17,GaussianNB,POW4,0.7321995893623939,0.0140986989902482,0.000221337972015,25,0.1,25,55,137,2.0,2.0,2.0,2.0,Peaking
2660,155,224,12,LDA,LC-PFN,0.8181178942322731,0.0160902570933103,0.0002599572762846,25,0.1,25,40,141,4.0,4.0,4.0,4.0,Peaking
2661,155,224,12,LDA,MMF4,0.1019150090015054,0.0020221562093691,4.803645666772391e-06,25,0.1,25,40,141,1.0,1.0,1.0,1.0,Peaking
2662,155,224,12,LDA,WBL4,0.7627701845958739,0.0150100219807323,0.000226738383568,25,0.1,25,40,141,3.0,3.0,3.0,3.0,Peaking
2663,155,224,12,LDA,POW4,0.7627701768060509,0.0150100218286093,0.0002267383789321,25,0.1,25,40,141,2.0,2.0,2.0,2.0,Peaking
2664,154,219,11,MLP,LC-PFN,1.8436077982187271,0.0233666468411684,0.0007829594542272,25,0.1,25,34,145,1.0,1.0,1.0,1.0,Peaking
2665,154,219,11,MLP,MMF4,5.6279276710821655,0.0722543916921332,0.0059410108622955,25,0.1,25,34,145,3.0,3.0,3.0,3.0,Peaking
2666,154,219,11,MLP,WBL4,8.019954104549354,0.1004914317662428,0.0117121743817523,25,0.1,25,34,145,4.0,4.0,4.0,4.0,Peaking
2667,154,219,11,MLP,POW4,2.2334373335700137,0.031431256764665,0.0015357383767994,25,0.1,25,34,145,2.0,2.0,2.0,2.0,Peaking
2668,153,22,9,RidgeClassifier,LC-PFN,0.4680130630731582,0.0081505002453923,9.424625750398263e-05,25,0.1,25,38,148,1.0,1.0,1.0,1.0,Peaking
2669,153,22,9,RidgeClassifier,MMF4,0.909126327047912,0.0163097766012982,0.0003855846923782,25,0.1,25,38,148,4.0,4.0,4.0,4.0,Peaking
2670,153,22,9,RidgeClassifier,WBL4,0.724065209502533,0.0126911084471014,0.0001919835184746,25,0.1,25,38,148,2.0,2.0,2.0,2.0,Peaking
2671,153,22,9,RidgeClassifier,POW4,0.8225512294465652,0.0147477095469662,0.0003268502016022,25,0.1,25,38,148,3.0,3.0,3.0,3.0,Peaking
2672,156,62,13,QDA,LC-PFN,15.865842998027802,0.0494609028100967,0.0025062416680157,25,0.1,25,18,149,4.0,4.0,4.0,4.0,Peaking
2673,156,62,13,QDA,MMF4,1.6697917442567198,0.0060027724164706,5.362510985250612e-05,25,0.1,25,18,149,1.0,1.0,1.0,1.0,Peaking
2674,156,62,13,QDA,WBL4,1.7195887432492638,0.0061878103672414,6.364562522820831e-05,25,0.1,25,18,149,2.0,2.0,2.0,2.0,Peaking
2675,156,62,13,QDA,POW4,2.449575866535504,0.0089118686651612,0.0001183902087303,25,0.1,25,18,149,3.0,3.0,3.0,3.0,Peaking
2676,158,120,9,RidgeClassifier,LC-PFN,1.1017444543540478,0.021736703813076,0.0004741644952446,25,0.1,25,29,150,4.0,4.0,4.0,4.0,Peaking
2677,158,120,9,RidgeClassifier,MMF4,0.1602038100968689,0.0031911920637291,1.1639011826279364e-05,25,0.1,25,29,150,1.0,1.0,1.0,1.0,Peaking
2678,158,120,9,RidgeClassifier,WBL4,0.2244716635584643,0.0044681654988144,2.1754888743767665e-05,25,0.1,25,29,150,2.0,2.0,2.0,2.0,Peaking
2679,158,120,9,RidgeClassifier,POW4,0.847433535538399,0.0167616865332772,0.0002827593930026,25,0.1,25,29,150,3.0,3.0,3.0,3.0,Peaking
2680,165,190,3,SVC_sigmoid,LC-PFN,4.781503230333328,0.0412795916199684,0.0024994285777211,25,0.1,25,40,158,2.0,2.0,2.0,2.0,Peaking
2681,165,190,3,SVC_sigmoid,MMF4,6.1167638306893934,0.0569755402521432,0.0042529357629304,25,0.1,25,40,158,3.0,3.0,3.0,3.0,Peaking
2682,165,190,3,SVC_sigmoid,WBL4,2.441648511924713,0.0216086521650839,0.0006741645095804,25,0.1,25,40,158,1.0,1.0,1.0,1.0,Peaking
2683,165,190,3,SVC_sigmoid,POW4,8.30536677084028,0.0810170212360592,0.0096008072248201,25,0.1,25,40,158,4.0,4.0,4.0,4.0,Peaking
2684,170,228,13,QDA,LC-PFN,11.941921710968018,0.1271693110466003,0.0390435792505741,25,0.1,25,20,162,4.0,4.0,1.0,3.0,Peaking
2685,170,228,13,QDA,MMF4,9.330208659643702,0.1096146438107786,0.0430763031199222,25,0.1,25,20,162,2.0,2.0,3.0,2.3333333333333335,Peaking
2686,170,228,13,QDA,WBL4,9.769056501081725,0.1139227026427182,0.0469267740766362,25,0.1,25,20,162,3.0,3.0,4.0,3.3333333333333335,Peaking
2687,170,228,13,QDA,POW4,9.130121389270888,0.107288924409086,0.0398740697811152,25,0.1,25,20,162,1.0,1.0,2.0,1.3333333333333333,Peaking
2688,172,147,11,MLP,LC-PFN,17.42326021194458,0.0536754317581653,0.0029060442466288,25,0.1,25,3,163,4.0,4.0,4.0,4.0,Peaking
2689,172,147,11,MLP,MMF4,4.341562708334078,0.0150873337704038,0.0002910364310001,25,0.1,25,3,163,3.0,1.0,3.0,2.3333333333333335,Peaking
2690,172,147,11,MLP,WBL4,4.314382546894198,0.0162133333349615,0.0002904277333856,25,0.1,25,3,163,2.0,3.0,2.0,2.3333333333333335,Peaking
2691,172,147,11,MLP,POW4,4.3143824843424,0.016213333088138,0.0002904277252983,25,0.1,25,3,163,1.0,2.0,1.0,1.3333333333333333,Peaking
2692,174,159,13,QDA,LC-PFN,4.2653638869524,0.0647200718522071,0.0046657770872116,25,0.1,25,26,164,4.0,4.0,4.0,4.0,Peaking
2693,174,159,13,QDA,MMF4,2.021930994233339,0.0313912118848802,0.001097016524393,25,0.1,25,26,164,1.0,1.0,1.0,1.0,Peaking
2694,174,159,13,QDA,WBL4,2.486649373315985,0.0387255161428654,0.0018539164135316,25,0.1,25,26,164,3.0,3.0,3.0,3.0,Peaking
2695,174,159,13,QDA,POW4,2.172385529915588,0.0331407638388482,0.0013464112603974,25,0.1,25,26,164,2.0,2.0,2.0,2.0,Peaking
2696,171,99,13,QDA,LC-PFN,3.628838062286377,0.0514467097818851,0.0029403904918581,25,0.1,25,21,166,2.0,2.0,2.0,2.0,Peaking
2697,171,99,13,QDA,MMF4,5.315289941246007,0.0833567588928508,0.0079716030243475,25,0.1,25,21,166,3.0,3.0,3.0,3.0,Peaking
2698,171,99,13,QDA,WBL4,6.699299938333926,0.0922052430039957,0.0103040599878024,25,0.1,25,21,166,4.0,4.0,4.0,4.0,Peaking
2699,171,99,13,QDA,POW4,3.351904842378474,0.0470287412130782,0.0022537003812478,25,0.1,25,21,166,1.0,1.0,1.0,1.0,Peaking
2700,188,203,9,RidgeClassifier,LC-PFN,2.8453920036554337,0.0386803746223449,0.0018696677871048,25,0.1,25,36,177,1.0,1.0,1.0,1.0,Peaking
2701,188,203,9,RidgeClassifier,MMF4,4.614083414769077,0.0615397747381273,0.0050310222714169,25,0.1,25,36,177,3.0,3.0,3.0,3.0,Peaking
2702,188,203,9,RidgeClassifier,WBL4,4.70146181113019,0.0626371733225558,0.0051887690213206,25,0.1,25,36,177,4.0,4.0,4.0,4.0,Peaking
2703,188,203,9,RidgeClassifier,POW4,3.9272178968393487,0.0528458258654415,0.0038960436652455,25,0.1,25,36,177,2.0,2.0,2.0,2.0,Peaking
2704,192,145,13,QDA,LC-PFN,2.564452402293682,0.0470001697540283,0.0031004885677248,25,0.1,25,22,185,3.0,3.0,3.0,3.0,Peaking
2705,192,145,13,QDA,MMF4,1.7417689931189873,0.0314904521818732,0.0018889603197196,25,0.1,25,22,185,2.0,2.0,2.0,2.0,Peaking
2706,192,145,13,QDA,WBL4,1.6491861073788532,0.0297612833954658,0.0017830457248824,25,0.1,25,22,185,1.0,1.0,1.0,1.0,Peaking
2707,192,145,13,QDA,POW4,4.121735792904316,0.0771375421292313,0.0073270325758346,25,0.1,25,22,185,4.0,4.0,4.0,4.0,Peaking
2708,199,209,12,LDA,LC-PFN,3.937733173370361,0.0532593801617622,0.0033964456524699,25,0.1,25,14,188,1.0,1.0,1.0,1.0,Peaking
2709,199,209,12,LDA,MMF4,8.357472563132351,0.1077538882557902,0.0128347883333972,25,0.1,25,14,188,3.0,3.0,3.0,3.0,Peaking
2710,199,209,12,LDA,WBL4,8.396076504339426,0.1082092379641629,0.0129331271866327,25,0.1,25,14,188,4.0,4.0,4.0,4.0,Peaking
2711,199,209,12,LDA,POW4,7.565627075407745,0.0983376547976988,0.0108315368385288,25,0.1,25,14,188,2.0,2.0,2.0,2.0,Peaking
2712,36,72,13,QDA,LC-PFN,6.561639904975891,0.0876726731657981,0.0117030059918761,25,0.1,25,51,189,2.0,2.0,2.0,2.0,Peaking
2713,36,72,13,QDA,MMF4,5.524112857141802,0.0709737871816469,0.0057567005583911,25,0.1,25,51,189,1.0,1.0,1.0,1.0,Peaking
2714,36,72,13,QDA,WBL4,20.48783943354739,0.3313737517977914,0.1204283119787864,25,0.1,25,51,189,4.0,4.0,4.0,4.0,Peaking
2715,36,72,13,QDA,POW4,9.087394483128064,0.1265061482278049,0.0245356564031289,25,0.1,25,51,189,3.0,3.0,3.0,3.0,Peaking
2716,17,42,3,SVC_sigmoid,LC-PFN,29.93000447750092,0.3291922807693481,0.1172976940870285,25,0.1,25,44,190,3.0,3.0,3.0,3.0,Peaking
2717,17,42,3,SVC_sigmoid,MMF4,33.77641010717189,0.3752606840214421,0.1624989546151624,25,0.1,25,44,190,4.0,4.0,4.0,4.0,Peaking
2718,17,42,3,SVC_sigmoid,WBL4,7.440638602341385,0.1172523366124452,0.0200839908716462,25,0.1,25,44,190,1.0,1.0,1.0,1.0,Peaking
2719,17,42,3,SVC_sigmoid,POW4,25.40515344499709,0.3005307398226335,0.1035966900836906,25,0.1,25,44,190,2.0,2.0,2.0,2.0,Peaking
2720,85,226,12,LDA,LC-PFN,11.544983088970184,0.0675656422972679,0.0082130543887615,25,0.1,25,74,191,1.0,1.0,1.0,1.0,Peaking
2721,85,226,12,LDA,MMF4,23.679371403057356,0.1712715444157635,0.045882970743713,25,0.1,25,74,191,3.0,3.0,3.0,3.0,Peaking
2722,85,226,12,LDA,WBL4,26.80349280020383,0.1884912648314286,0.0554703570858422,25,0.1,25,74,191,4.0,4.0,4.0,4.0,Peaking
2723,85,226,12,LDA,POW4,16.792386765210328,0.1324868341930377,0.0231629591660025,25,0.1,25,74,191,2.0,2.0,2.0,2.0,Peaking
2724,5,226,9,RidgeClassifier,LC-PFN,35.99978685379028,0.207580491900444,0.0631420686841011,29,0.3,29,70,198,4.0,4.0,4.0,4.0,Peaking
2725,5,226,9,RidgeClassifier,MMF4,32.782144824182346,0.1952505557582242,0.0565560887752694,29,0.3,29,70,198,2.0,2.0,2.0,2.0,Peaking
2726,5,226,9,RidgeClassifier,WBL4,33.23821638950246,0.1973393079295329,0.0580044589209347,29,0.3,29,70,198,3.0,3.0,3.0,3.0,Peaking
2727,5,226,9,RidgeClassifier,POW4,31.255974098981348,0.1880222097993792,0.0517149388688193,29,0.3,29,70,198,1.0,1.0,1.0,1.0,Peaking
2728,4,162,17,GaussianNB,LC-PFN,1.018266286700964,0.0200704652816057,0.0004037608159705,25,0.3,25,26,201,4.0,4.0,4.0,4.0,Peaking
2729,4,162,17,GaussianNB,MMF4,0.2956990969936263,0.0058707598095697,3.547003721002543e-05,25,0.3,25,26,201,2.0,2.0,2.0,2.0,Peaking
2730,4,162,17,GaussianNB,WBL4,0.3818142538909007,0.007573810985197,5.853618326680008e-05,25,0.3,25,26,201,3.0,3.0,3.0,3.0,Peaking
2731,4,162,17,GaussianNB,POW4,0.0939322366359067,0.0018657357412068,6.667904906308489e-06,25,0.3,25,26,201,1.0,1.0,1.0,1.0,Peaking
2732,13,248,11,MLP,LC-PFN,0.8006452582776546,0.0130445715039968,0.0001896729954751,25,0.3,25,34,206,2.0,2.0,2.0,2.0,Peaking
2733,13,248,11,MLP,MMF4,4.53727526561691,0.0711342280455122,0.0055895569718761,25,0.3,25,34,206,4.0,4.0,4.0,4.0,Peaking
2734,13,248,11,MLP,WBL4,4.379301636705429,0.0687738484633276,0.0052807268894597,25,0.3,25,34,206,3.0,3.0,3.0,3.0,Peaking
2735,13,248,11,MLP,POW4,0.4490101924200302,0.0073180990356528,6.208332623973543e-05,25,0.3,25,34,206,1.0,1.0,1.0,1.0,Peaking
2736,27,136,17,GaussianNB,LC-PFN,0.3611404448747635,0.0070720990188419,5.523602521861904e-05,25,0.3,25,52,215,1.0,1.0,1.0,1.0,Peaking
2737,27,136,17,GaussianNB,MMF4,0.5954132878513422,0.0117904470201247,0.0001761460982275,25,0.3,25,52,215,3.0,3.0,3.0,3.0,Peaking
2738,27,136,17,GaussianNB,WBL4,0.7011660633915262,0.0138925680044723,0.0002209853347146,25,0.3,25,52,215,4.0,4.0,4.0,4.0,Peaking
2739,27,136,17,GaussianNB,POW4,0.4582125729703115,0.0090616193674344,0.0001205234515752,25,0.3,25,52,215,2.0,2.0,2.0,2.0,Peaking
2740,30,20,11,MLP,LC-PFN,1.0990814305841925,0.0150685012340545,0.0003689188160933,25,0.3,25,18,222,4.0,4.0,4.0,4.0,Peaking
2741,30,20,11,MLP,MMF4,0.5618576169441369,0.0076050443086369,0.0001233087224446,25,0.3,25,18,222,2.0,2.0,2.0,2.0,Peaking
2742,30,20,11,MLP,WBL4,0.5977219660149743,0.0080941870905411,0.0001158003605142,25,0.3,25,18,222,3.0,3.0,1.0,2.3333333333333335,Peaking
2743,30,20,11,MLP,POW4,0.5548333559292341,0.0075089893787847,0.0001280846804375,25,0.3,25,18,222,1.0,1.0,3.0,1.6666666666666667,Peaking
2744,24,191,3,SVC_sigmoid,LC-PFN,5.547769740223885,0.0321767926216125,0.0021828070748597,25,0.3,25,3,223,1.0,1.0,3.0,1.6666666666666667,Peaking
2745,24,191,3,SVC_sigmoid,MMF4,6.232353483586075,0.0366900182337033,0.0013552847163207,25,0.3,25,3,223,2.0,2.0,1.0,1.6666666666666667,Peaking
2746,24,191,3,SVC_sigmoid,WBL4,12.19402381367746,0.0786388988524611,0.0076042613816982,25,0.3,25,3,223,4.0,4.0,4.0,4.0,Peaking
2747,24,191,3,SVC_sigmoid,POW4,7.081643108235605,0.0420559221229296,0.0020857425615763,25,0.3,25,3,223,3.0,3.0,2.0,2.6666666666666665,Peaking
2748,33,5,3,SVC_sigmoid,LC-PFN,23.756229877471924,0.0876493379473686,0.010482563637197,25,0.3,25,29,227,1.0,1.0,1.0,1.0,Peaking
2749,33,5,3,SVC_sigmoid,MMF4,28.20535703982488,0.0994052941456865,0.0128757592695787,25,0.3,25,29,227,4.0,4.0,4.0,4.0,Peaking
2750,33,5,3,SVC_sigmoid,WBL4,27.7788925949979,0.0983261302113467,0.0126623746475788,25,0.3,25,29,227,2.0,2.0,2.0,2.0,Peaking
2751,33,5,3,SVC_sigmoid,POW4,27.77889266421372,0.0983261303868212,0.012662374681625,25,0.3,25,29,227,3.0,3.0,3.0,3.0,Peaking
2752,37,130,11,MLP,LC-PFN,2.3813527077436447,0.039149735122919,0.0021528168581426,25,0.3,25,44,229,4.0,4.0,4.0,4.0,Peaking
2753,37,130,11,MLP,MMF4,1.541864461032722,0.0248623512208638,0.0010023605686108,25,0.3,25,44,229,2.0,2.0,2.0,2.0,Peaking
2754,37,130,11,MLP,WBL4,1.5392750021760853,0.024819849605605,0.0009988484586577,25,0.3,25,44,229,1.0,1.0,1.0,1.0,Peaking
2755,37,130,11,MLP,POW4,1.6313688811069718,0.0263358976255024,0.0011363106136157,25,0.3,25,44,229,3.0,3.0,3.0,3.0,Peaking
2756,38,179,9,RidgeClassifier,LC-PFN,0.6920736748725176,0.0131999654695391,0.0001898768095998,25,0.3,25,51,233,2.0,2.0,2.0,2.0,Peaking
2757,38,179,9,RidgeClassifier,MMF4,1.090869865110339,0.0212730652249957,0.0005226870996049,25,0.3,25,51,233,3.0,3.0,3.0,3.0,Peaking
2758,38,179,9,RidgeClassifier,WBL4,0.4229955335782301,0.008094095660963,8.187111365980276e-05,25,0.3,25,51,233,1.0,1.0,1.0,1.0,Peaking
2759,38,179,9,RidgeClassifier,POW4,2.58670983978542,0.0469168146331987,0.0032029777120662,25,0.3,25,51,233,4.0,4.0,4.0,4.0,Peaking
2760,48,71,12,LDA,LC-PFN,1.116220746189356,0.0212949719280004,0.000461731251562,25,0.3,25,37,239,2.0,2.0,2.0,2.0,Peaking
2761,48,71,12,LDA,MMF4,1.1900915010730182,0.0221993476572749,0.000513784713638,25,0.3,25,37,239,4.0,4.0,4.0,4.0,Peaking
2762,48,71,12,LDA,WBL4,1.1419486684139606,0.0213120898039967,0.0004771302788823,25,0.3,25,37,239,3.0,3.0,3.0,3.0,Peaking
2763,48,71,12,LDA,POW4,0.3751312751323981,0.0070524135954325,6.00517050860223e-05,25,0.3,25,37,239,1.0,1.0,1.0,1.0,Peaking
2764,43,66,12,LDA,LC-PFN,7.081951946020126,0.0795904994010925,0.006593192461878,25,0.3,25,21,240,4.0,4.0,4.0,4.0,Peaking
2765,43,66,12,LDA,MMF4,6.54196408645977,0.0741021380512141,0.006240771319061,25,0.3,25,21,240,3.0,3.0,3.0,3.0,Peaking
2766,43,66,12,LDA,WBL4,5.978577803685506,0.0681320634532262,0.0053916224811631,25,0.3,25,21,240,1.0,1.0,1.0,1.0,Peaking
2767,43,66,12,LDA,POW4,5.97857785775405,0.0681320640290866,0.0053916225566302,25,0.3,25,21,240,2.0,2.0,2.0,2.0,Peaking
2768,51,2,9,RidgeClassifier,LC-PFN,0.3305232618004083,0.0057208100333809,5.839068762725219e-05,25,0.3,25,15,243,3.0,3.0,3.0,3.0,Peaking
2769,51,2,9,RidgeClassifier,MMF4,0.1249844725283551,0.0021567741684101,1.0231963440255e-05,25,0.3,25,15,243,2.0,2.0,2.0,2.0,Peaking
2770,51,2,9,RidgeClassifier,WBL4,0.1233380396006913,0.0021280763084828,7.1397519739463314e-06,25,0.3,25,15,243,1.0,1.0,1.0,1.0,Peaking
2771,51,2,9,RidgeClassifier,POW4,0.6726301182373985,0.011689398325695,0.0001543359022098,25,0.3,25,15,243,4.0,4.0,4.0,4.0,Peaking
2772,59,141,11,MLP,LC-PFN,6.546405702829361,0.0883693993091583,0.0088340500369668,25,0.3,25,48,246,4.0,4.0,4.0,4.0,Peaking
2773,59,141,11,MLP,MMF4,5.54549202650011,0.0755691924217567,0.0064766811142225,25,0.3,25,48,246,2.0,2.0,2.0,2.0,Peaking
2774,59,141,11,MLP,WBL4,6.07078792074795,0.0823677245536725,0.0076816737498944,25,0.3,25,48,246,3.0,3.0,3.0,3.0,Peaking
2775,59,141,11,MLP,POW4,5.4005803358409565,0.073674605237001,0.0061669462316112,25,0.3,25,48,246,1.0,1.0,1.0,1.0,Peaking
2776,68,209,11,MLP,LC-PFN,1.136987842619419,0.0114794736728072,0.0002139548305422,25,0.3,25,14,259,1.0,1.0,1.0,1.0,Peaking
2777,68,209,11,MLP,MMF4,1.713492388702586,0.0172023285915794,0.0004328145716318,25,0.3,25,14,259,4.0,4.0,4.0,4.0,Peaking
2778,68,209,11,MLP,WBL4,1.2780232090540564,0.0129119495732054,0.0002494352614558,25,0.3,25,14,259,2.0,2.0,2.0,2.0,Peaking
2779,68,209,11,MLP,POW4,1.278023598138764,0.0129119534356955,0.0002494354249623,25,0.3,25,14,259,3.0,3.0,3.0,3.0,Peaking
2780,67,11,9,RidgeClassifier,LC-PFN,3.964005038142204,0.0379311926662921,0.001661641173996,25,0.3,25,25,260,3.0,2.0,2.0,2.3333333333333335,Peaking
2781,67,11,9,RidgeClassifier,MMF4,3.911221517861037,0.0382164241515725,0.0016684316753754,25,0.3,25,25,260,2.0,3.0,3.0,2.6666666666666665,Peaking
2782,67,11,9,RidgeClassifier,WBL4,4.252438971078685,0.0413967193033016,0.0019436636552533,25,0.3,25,25,260,4.0,4.0,4.0,4.0,Peaking
2783,67,11,9,RidgeClassifier,POW4,0.7591638105191618,0.0076363531822965,7.525611545362004e-05,25,0.3,25,25,260,1.0,1.0,1.0,1.0,Peaking
2784,76,91,9,RidgeClassifier,LC-PFN,0.8025657385587692,0.013631553389132,0.0002455133362673,25,0.3,25,56,262,4.0,4.0,4.0,4.0,Peaking
2785,76,91,9,RidgeClassifier,MMF4,0.281914469499718,0.0047444963290982,2.3838839560125757e-05,25,0.3,25,56,262,2.0,2.0,2.0,2.0,Peaking
2786,76,91,9,RidgeClassifier,WBL4,0.2239369405304462,0.0037543715521998,2.0000541787891574e-05,25,0.3,25,56,262,1.0,1.0,1.0,1.0,Peaking
2787,76,91,9,RidgeClassifier,POW4,0.3717519314687451,0.0062645088383782,4.180198479351195e-05,25,0.3,25,56,262,3.0,3.0,3.0,3.0,Peaking
2788,80,112,17,GaussianNB,LC-PFN,1.1199789121747017,0.0157302916049957,0.0003377410757821,25,0.3,25,46,272,4.0,4.0,4.0,4.0,Peaking
2789,80,112,17,GaussianNB,MMF4,0.0048382127650603,6.693226282747257e-05,4.479927836777262e-09,25,0.3,25,46,272,1.0,1.0,1.0,1.0,Peaking
2790,80,112,17,GaussianNB,WBL4,0.2540177902741464,0.0035228832824614,1.2410706621849122e-05,25,0.3,25,46,272,3.0,3.0,3.0,3.0,Peaking
2791,80,112,17,GaussianNB,POW4,0.2540174476118753,0.0035228785180967,1.2410673053267682e-05,25,0.3,25,46,272,2.0,2.0,2.0,2.0,Peaking
2792,81,86,11,MLP,LC-PFN,3.066170960664749,0.0512182228267192,0.0036980602890253,25,0.3,25,45,273,1.0,1.0,1.0,1.0,Peaking
2793,81,86,11,MLP,MMF4,4.854464924826149,0.0792040196299365,0.008498801302254,25,0.3,25,45,273,3.0,3.0,3.0,3.0,Peaking
2794,81,86,11,MLP,WBL4,5.235256099267922,0.0850089508436811,0.0096559837305105,25,0.3,25,45,273,4.0,4.0,4.0,4.0,Peaking
2795,81,86,11,MLP,POW4,3.14374840774298,0.0525161536321217,0.0040950592768775,25,0.3,25,45,273,2.0,2.0,2.0,2.0,Peaking
2796,92,74,13,QDA,LC-PFN,0.2687763655558228,0.004505650140345,2.9501105018425733e-05,25,0.3,25,34,279,1.0,1.0,1.0,1.0,Peaking
2797,92,74,13,QDA,MMF4,0.9240223417366524,0.0153434537354967,0.0002676312269348,25,0.3,25,34,279,2.0,2.0,2.0,2.0,Peaking
2798,92,74,13,QDA,WBL4,1.1389254602820054,0.0188670209164334,0.0003908071697102,25,0.3,25,34,279,3.0,3.0,3.0,3.0,Peaking
2799,92,74,13,QDA,POW4,4.588024021663032,0.0808237927314657,0.006925229245335,25,0.3,25,34,279,4.0,4.0,4.0,4.0,Peaking
2800,95,178,3,SVC_sigmoid,LC-PFN,4.42180372774601,0.035712581127882,0.0017218017019331,25,0.3,25,42,282,4.0,4.0,4.0,4.0,Peaking
2801,95,178,3,SVC_sigmoid,MMF4,1.3136243257117783,0.0105544680083733,0.0001879972877557,25,0.3,25,42,282,2.0,2.0,2.0,2.0,Peaking
2802,95,178,3,SVC_sigmoid,WBL4,1.0863761380550836,0.0086922900663031,0.0001463876996372,25,0.3,25,42,282,1.0,1.0,1.0,1.0,Peaking
2803,95,178,3,SVC_sigmoid,POW4,2.60378177183998,0.0212982956663781,0.0005586437897202,25,0.3,25,42,282,3.0,3.0,3.0,3.0,Peaking
2804,98,131,3,SVC_sigmoid,LC-PFN,1.6798343509435654,0.0319848321378231,0.0010296826949343,25,0.3,25,46,287,4.0,4.0,4.0,4.0,Peaking
2805,98,131,3,SVC_sigmoid,MMF4,5.986945036599038e-05,1.1206425444131935e-06,5.475786886301483e-11,25,0.3,25,46,287,3.0,3.0,1.0,2.3333333333333335,Peaking
2806,98,131,3,SVC_sigmoid,WBL4,5.836939526482017e-05,1.0925636241035497e-06,5.489507657993535e-11,25,0.3,25,46,287,1.0,1.0,2.0,1.3333333333333333,Peaking
2807,98,131,3,SVC_sigmoid,POW4,5.866383296176087e-05,1.098075083527661e-06,5.491594795946724e-11,25,0.3,25,46,287,2.0,2.0,3.0,2.3333333333333335,Peaking
2808,110,192,9,RidgeClassifier,LC-PFN,3.25893983244896,0.0459800623357296,0.0025919543113559,25,0.3,25,26,299,1.0,1.0,1.0,1.0,Peaking
2809,110,192,9,RidgeClassifier,MMF4,4.4235067423629,0.0627031981128855,0.0052734169395433,25,0.3,25,26,299,3.0,3.0,3.0,3.0,Peaking
2810,110,192,9,RidgeClassifier,WBL4,4.753120275336679,0.067269303010053,0.006414993290179,25,0.3,25,26,299,4.0,4.0,4.0,4.0,Peaking
2811,110,192,9,RidgeClassifier,POW4,3.744521638965916,0.0526586192176522,0.0034184003861058,25,0.3,25,26,299,2.0,2.0,2.0,2.0,Peaking
2812,111,256,17,GaussianNB,LC-PFN,5.330433323979378,0.0562978126108646,0.003799904603511,29,0.3,29,69,300,4.0,4.0,4.0,4.0,Peaking
2813,111,256,17,GaussianNB,MMF4,2.6944947779075386,0.0274977109375858,0.0008245107259499,29,0.3,29,69,300,2.0,2.0,2.0,2.0,Peaking
2814,111,256,17,GaussianNB,WBL4,2.586631025377192,0.0263649513492388,0.0007625544412201,29,0.3,29,69,300,1.0,1.0,1.0,1.0,Peaking
2815,111,256,17,GaussianNB,POW4,3.648704296288705,0.0376327032468684,0.0015137174865693,29,0.3,29,69,300,3.0,3.0,3.0,3.0,Peaking
2816,115,92,17,GaussianNB,LC-PFN,6.703190505504608,0.0994598865509033,0.0138307278975844,25,0.3,25,56,302,1.0,1.0,1.0,1.0,Peaking
2817,115,92,17,GaussianNB,MMF4,8.146172057562904,0.1187737411419307,0.0198624949422073,25,0.3,25,56,302,3.0,3.0,3.0,3.0,Peaking
2818,115,92,17,GaussianNB,WBL4,8.282269333073618,0.120547907118587,0.0202963475876004,25,0.3,25,56,302,4.0,4.0,4.0,4.0,Peaking
2819,115,92,17,GaussianNB,POW4,7.60340608087174,0.1116473719601354,0.0180752966605439,25,0.3,25,56,302,2.0,2.0,2.0,2.0,Peaking
2820,119,73,3,SVC_sigmoid,LC-PFN,5.679620802402496,0.0806446298956871,0.0090938080102205,25,0.3,25,45,305,4.0,4.0,4.0,4.0,Peaking
2821,119,73,3,SVC_sigmoid,MMF4,4.30515585533461,0.0598634624240864,0.0051517843109754,25,0.3,25,45,305,2.0,2.0,2.0,2.0,Peaking
2822,119,73,3,SVC_sigmoid,WBL4,4.177692495241336,0.0579777677111829,0.0048932601807995,25,0.3,25,45,305,1.0,1.0,1.0,1.0,Peaking
2823,119,73,3,SVC_sigmoid,POW4,5.296441782823434,0.0747456493871304,0.0076875078800341,25,0.3,25,45,305,3.0,3.0,3.0,3.0,Peaking
2824,125,56,11,MLP,LC-PFN,2.4962155148386955,0.0414469391107559,0.0019428576342761,25,0.3,25,34,314,2.0,2.0,2.0,2.0,Peaking
2825,125,56,11,MLP,MMF4,6.568423571260314,0.1045844719960274,0.0128961358195663,25,0.3,25,34,314,3.0,3.0,3.0,3.0,Peaking
2826,125,56,11,MLP,WBL4,7.347204505189906,0.1160039305491707,0.0156352894798302,25,0.3,25,34,314,4.0,4.0,4.0,4.0,Peaking
2827,125,56,11,MLP,POW4,0.3787064142276538,0.006184045668882,5.275416691064986e-05,25,0.3,25,34,314,1.0,1.0,1.0,1.0,Peaking
2828,134,181,11,MLP,LC-PFN,1.4576547779142857,0.0170451253652572,0.0005850251764059,25,0.3,25,23,320,1.0,1.0,1.0,1.0,Peaking
2829,134,181,11,MLP,MMF4,5.913719816237833,0.0758608401865876,0.0080879793757367,25,0.3,25,23,320,3.0,3.0,3.0,3.0,Peaking
2830,134,181,11,MLP,WBL4,6.605644033393373,0.0859925351426746,0.0106622931235506,25,0.3,25,23,320,4.0,4.0,4.0,4.0,Peaking
2831,134,181,11,MLP,POW4,4.221893354944636,0.0524686730033,0.0037954058685639,25,0.3,25,23,320,2.0,2.0,2.0,2.0,Peaking
2832,118,215,3,SVC_sigmoid,LC-PFN,2.0649906247854237,0.0302435513585805,0.001228175824508,25,0.3,25,27,321,2.0,2.0,2.0,2.0,Peaking
2833,118,215,3,SVC_sigmoid,MMF4,2.610353699302034,0.0379817689497296,0.0019699298176338,25,0.3,25,27,321,4.0,4.0,4.0,4.0,Peaking
2834,118,215,3,SVC_sigmoid,WBL4,1.4193595369277148,0.0209224739671036,0.0006341282260494,25,0.3,25,27,321,1.0,1.0,1.0,1.0,Peaking
2835,118,215,3,SVC_sigmoid,POW4,2.5422366369704794,0.0370217971759131,0.0018630568860287,25,0.3,25,27,321,3.0,3.0,3.0,3.0,Peaking
2836,135,236,17,GaussianNB,LC-PFN,2.0452268421649933,0.0303341727703809,0.0014195196563377,25,0.3,25,30,322,3.0,3.0,3.0,3.0,Peaking
2837,135,236,17,GaussianNB,MMF4,1.0955234285308324,0.0159166099747996,0.0002747447541385,25,0.3,25,30,322,2.0,2.0,2.0,2.0,Peaking
2838,135,236,17,GaussianNB,WBL4,0.4633239191987059,0.0066774013635993,5.1342067440945946e-05,25,0.3,25,30,322,1.0,1.0,1.0,1.0,Peaking
2839,135,236,17,GaussianNB,POW4,5.969513509512272,0.0918622331556007,0.009444312484533,25,0.3,25,30,322,4.0,4.0,4.0,4.0,Peaking
2840,145,122,17,GaussianNB,LC-PFN,0.2003433182835579,0.003876760834828,3.204917811672203e-05,25,0.3,25,55,330,1.0,1.0,1.0,1.0,Peaking
2841,145,122,17,GaussianNB,MMF4,9.86450312867502,0.1629072156486114,0.0459807204091286,25,0.3,25,55,330,4.0,4.0,4.0,4.0,Peaking
2842,145,122,17,GaussianNB,WBL4,0.7321995902452719,0.014098699007111,0.0002213379725225,25,0.3,25,55,330,3.0,3.0,3.0,3.0,Peaking
2843,145,122,17,GaussianNB,POW4,0.7321995893623939,0.0140986989902482,0.000221337972015,25,0.3,25,55,330,2.0,2.0,2.0,2.0,Peaking
2844,155,224,12,LDA,LC-PFN,0.8181178942322731,0.0160902570933103,0.0002599572762846,25,0.3,25,40,337,4.0,4.0,4.0,4.0,Peaking
2845,155,224,12,LDA,MMF4,0.1019150090015054,0.0020221562093691,4.803645666772391e-06,25,0.3,25,40,337,1.0,1.0,1.0,1.0,Peaking
2846,155,224,12,LDA,WBL4,0.7627701845958739,0.0150100219807323,0.000226738383568,25,0.3,25,40,337,3.0,3.0,3.0,3.0,Peaking
2847,155,224,12,LDA,POW4,0.7627701768060509,0.0150100218286093,0.0002267383789321,25,0.3,25,40,337,2.0,2.0,2.0,2.0,Peaking
2848,154,219,11,MLP,LC-PFN,1.8436077982187271,0.0233666468411684,0.0007829594542272,25,0.3,25,34,341,1.0,1.0,1.0,1.0,Peaking
2849,154,219,11,MLP,MMF4,5.6279276710821655,0.0722543916921332,0.0059410108622955,25,0.3,25,34,341,3.0,3.0,3.0,3.0,Peaking
2850,154,219,11,MLP,WBL4,8.019954104549354,0.1004914317662428,0.0117121743817523,25,0.3,25,34,341,4.0,4.0,4.0,4.0,Peaking
2851,154,219,11,MLP,POW4,2.2334373335700137,0.031431256764665,0.0015357383767994,25,0.3,25,34,341,2.0,2.0,2.0,2.0,Peaking
2852,153,22,9,RidgeClassifier,LC-PFN,0.4680130630731582,0.0081505002453923,9.424625750398263e-05,25,0.3,25,38,343,1.0,1.0,1.0,1.0,Peaking
2853,153,22,9,RidgeClassifier,MMF4,0.909126327047912,0.0163097766012982,0.0003855846923782,25,0.3,25,38,343,4.0,4.0,4.0,4.0,Peaking
2854,153,22,9,RidgeClassifier,WBL4,0.724065209502533,0.0126911084471014,0.0001919835184746,25,0.3,25,38,343,2.0,2.0,2.0,2.0,Peaking
2855,153,22,9,RidgeClassifier,POW4,0.8225512294465652,0.0147477095469662,0.0003268502016022,25,0.3,25,38,343,3.0,3.0,3.0,3.0,Peaking
2856,36,72,13,QDA,LC-PFN,6.561639904975891,0.0876726731657981,0.0117030059918761,25,0.3,25,51,344,2.0,2.0,2.0,2.0,Peaking
2857,36,72,13,QDA,MMF4,5.524112857141802,0.0709737871816469,0.0057567005583911,25,0.3,25,51,344,1.0,1.0,1.0,1.0,Peaking
2858,36,72,13,QDA,WBL4,20.48783943354739,0.3313737517977914,0.1204283119787864,25,0.3,25,51,344,4.0,4.0,4.0,4.0,Peaking
2859,36,72,13,QDA,POW4,9.087394483128064,0.1265061482278049,0.0245356564031289,25,0.3,25,51,344,3.0,3.0,3.0,3.0,Peaking
2860,158,120,9,RidgeClassifier,LC-PFN,1.1017444543540478,0.021736703813076,0.0004741644952446,25,0.3,25,29,346,4.0,4.0,4.0,4.0,Peaking
2861,158,120,9,RidgeClassifier,MMF4,0.1602038100968689,0.0031911920637291,1.1639011826279364e-05,25,0.3,25,29,346,1.0,1.0,1.0,1.0,Peaking
2862,158,120,9,RidgeClassifier,WBL4,0.2244716635584643,0.0044681654988144,2.1754888743767665e-05,25,0.3,25,29,346,2.0,2.0,2.0,2.0,Peaking
2863,158,120,9,RidgeClassifier,POW4,0.847433535538399,0.0167616865332772,0.0002827593930026,25,0.3,25,29,346,3.0,3.0,3.0,3.0,Peaking
2864,165,190,3,SVC_sigmoid,LC-PFN,4.781503230333328,0.0412795916199684,0.0024994285777211,25,0.3,25,40,347,2.0,2.0,2.0,2.0,Peaking
2865,165,190,3,SVC_sigmoid,MMF4,6.1167638306893934,0.0569755402521432,0.0042529357629304,25,0.3,25,40,347,3.0,3.0,3.0,3.0,Peaking
2866,165,190,3,SVC_sigmoid,WBL4,2.441648511924713,0.0216086521650839,0.0006741645095804,25,0.3,25,40,347,1.0,1.0,1.0,1.0,Peaking
2867,165,190,3,SVC_sigmoid,POW4,8.30536677084028,0.0810170212360592,0.0096008072248201,25,0.3,25,40,347,4.0,4.0,4.0,4.0,Peaking
2868,156,62,13,QDA,LC-PFN,15.865842998027802,0.0494609028100967,0.0025062416680157,25,0.3,25,18,349,4.0,4.0,4.0,4.0,Peaking
2869,156,62,13,QDA,MMF4,1.6697917442567198,0.0060027724164706,5.362510985250612e-05,25,0.3,25,18,349,1.0,1.0,1.0,1.0,Peaking
2870,156,62,13,QDA,WBL4,1.7195887432492638,0.0061878103672414,6.364562522820831e-05,25,0.3,25,18,349,2.0,2.0,2.0,2.0,Peaking
2871,156,62,13,QDA,POW4,2.449575866535504,0.0089118686651612,0.0001183902087303,25,0.3,25,18,349,3.0,3.0,3.0,3.0,Peaking
2872,170,228,13,QDA,LC-PFN,11.941921710968018,0.1271693110466003,0.0390435792505741,25,0.3,25,20,354,4.0,4.0,1.0,3.0,Peaking
2873,170,228,13,QDA,MMF4,9.330208659643702,0.1096146438107786,0.0430763031199222,25,0.3,25,20,354,2.0,2.0,3.0,2.3333333333333335,Peaking
2874,170,228,13,QDA,WBL4,9.769056501081725,0.1139227026427182,0.0469267740766362,25,0.3,25,20,354,3.0,3.0,4.0,3.3333333333333335,Peaking
2875,170,228,13,QDA,POW4,9.130121389270888,0.107288924409086,0.0398740697811152,25,0.3,25,20,354,1.0,1.0,2.0,1.3333333333333333,Peaking
2876,174,159,13,QDA,LC-PFN,4.2653638869524,0.0647200718522071,0.0046657770872116,25,0.3,25,26,355,4.0,4.0,4.0,4.0,Peaking
2877,174,159,13,QDA,MMF4,2.021930994233339,0.0313912118848802,0.001097016524393,25,0.3,25,26,355,1.0,1.0,1.0,1.0,Peaking
2878,174,159,13,QDA,WBL4,2.486649373315985,0.0387255161428654,0.0018539164135316,25,0.3,25,26,355,3.0,3.0,3.0,3.0,Peaking
2879,174,159,13,QDA,POW4,2.172385529915588,0.0331407638388482,0.0013464112603974,25,0.3,25,26,355,2.0,2.0,2.0,2.0,Peaking
2880,171,99,13,QDA,LC-PFN,3.628838062286377,0.0514467097818851,0.0029403904918581,25,0.3,25,21,357,2.0,2.0,2.0,2.0,Peaking
2881,171,99,13,QDA,MMF4,5.315289941246007,0.0833567588928508,0.0079716030243475,25,0.3,25,21,357,3.0,3.0,3.0,3.0,Peaking
2882,171,99,13,QDA,WBL4,6.699299938333926,0.0922052430039957,0.0103040599878024,25,0.3,25,21,357,4.0,4.0,4.0,4.0,Peaking
2883,171,99,13,QDA,POW4,3.351904842378474,0.0470287412130782,0.0022537003812478,25,0.3,25,21,357,1.0,1.0,1.0,1.0,Peaking
2884,172,147,11,MLP,LC-PFN,17.42326021194458,0.0536754317581653,0.0029060442466288,25,0.3,25,3,359,4.0,4.0,4.0,4.0,Peaking
2885,172,147,11,MLP,MMF4,4.341562708334078,0.0150873337704038,0.0002910364310001,25,0.3,25,3,359,3.0,1.0,3.0,2.3333333333333335,Peaking
2886,172,147,11,MLP,WBL4,4.314382546894198,0.0162133333349615,0.0002904277333856,25,0.3,25,3,359,2.0,3.0,2.0,2.3333333333333335,Peaking
2887,172,147,11,MLP,POW4,4.3143824843424,0.016213333088138,0.0002904277252983,25,0.3,25,3,359,1.0,2.0,1.0,1.3333333333333333,Peaking
2888,188,203,9,RidgeClassifier,LC-PFN,2.8453920036554337,0.0386803746223449,0.0018696677871048,25,0.3,25,36,374,1.0,1.0,1.0,1.0,Peaking
2889,188,203,9,RidgeClassifier,MMF4,4.614083414769077,0.0615397747381273,0.0050310222714169,25,0.3,25,36,374,3.0,3.0,3.0,3.0,Peaking
2890,188,203,9,RidgeClassifier,WBL4,4.70146181113019,0.0626371733225558,0.0051887690213206,25,0.3,25,36,374,4.0,4.0,4.0,4.0,Peaking
2891,188,203,9,RidgeClassifier,POW4,3.9272178968393487,0.0528458258654415,0.0038960436652455,25,0.3,25,36,374,2.0,2.0,2.0,2.0,Peaking
2892,192,145,13,QDA,LC-PFN,2.564452402293682,0.0470001697540283,0.0031004885677248,25,0.3,25,22,377,3.0,3.0,3.0,3.0,Peaking
2893,192,145,13,QDA,MMF4,1.7417689931189873,0.0314904521818732,0.0018889603197196,25,0.3,25,22,377,2.0,2.0,2.0,2.0,Peaking
2894,192,145,13,QDA,WBL4,1.6491861073788532,0.0297612833954658,0.0017830457248824,25,0.3,25,22,377,1.0,1.0,1.0,1.0,Peaking
2895,192,145,13,QDA,POW4,4.121735792904316,0.0771375421292313,0.0073270325758346,25,0.3,25,22,377,4.0,4.0,4.0,4.0,Peaking
2896,199,209,12,LDA,LC-PFN,3.937733173370361,0.0532593801617622,0.0033964456524699,25,0.3,25,14,379,1.0,1.0,1.0,1.0,Peaking
2897,199,209,12,LDA,MMF4,8.357472563132351,0.1077538882557902,0.0128347883333972,25,0.3,25,14,379,3.0,3.0,3.0,3.0,Peaking
2898,199,209,12,LDA,WBL4,8.396076504339426,0.1082092379641629,0.0129331271866327,25,0.3,25,14,379,4.0,4.0,4.0,4.0,Peaking
2899,199,209,12,LDA,POW4,7.565627075407745,0.0983376547976988,0.0108315368385288,25,0.3,25,14,379,2.0,2.0,2.0,2.0,Peaking
2900,17,42,3,SVC_sigmoid,LC-PFN,29.93000447750092,0.3291922807693481,0.1172976940870285,25,0.3,25,44,382,3.0,3.0,3.0,3.0,Peaking
2901,17,42,3,SVC_sigmoid,MMF4,33.77641010717189,0.3752606840214421,0.1624989546151624,25,0.3,25,44,382,4.0,4.0,4.0,4.0,Peaking
2902,17,42,3,SVC_sigmoid,WBL4,7.440638602341385,0.1172523366124452,0.0200839908716462,25,0.3,25,44,382,1.0,1.0,1.0,1.0,Peaking
2903,17,42,3,SVC_sigmoid,POW4,25.40515344499709,0.3005307398226335,0.1035966900836906,25,0.3,25,44,382,2.0,2.0,2.0,2.0,Peaking
2904,85,226,12,LDA,LC-PFN,9.69223976135254,0.0562889613211154,0.0057025938294827,29,0.3,29,70,386,1.0,1.0,1.0,1.0,Peaking
2905,85,226,12,LDA,MMF4,24.618713785275794,0.1785736331453985,0.0467727552072693,29,0.3,29,70,386,3.0,3.0,3.0,3.0,Peaking
2906,85,226,12,LDA,WBL4,26.234278681460196,0.188044605171252,0.0530042438233513,29,0.3,29,70,386,4.0,4.0,4.0,4.0,Peaking
2907,85,226,12,LDA,POW4,17.674183843554083,0.1395467161394282,0.024445240507888,29,0.3,29,70,386,2.0,2.0,2.0,2.0,Peaking
2908,5,226,9,RidgeClassifier,LC-PFN,51.95760726928711,0.3064697384834289,0.1073520183563232,49,0.5,49,50,390,3.0,3.0,3.0,3.0,Peaking
2909,5,226,9,RidgeClassifier,MMF4,69.88399391269922,0.367166183062571,0.1543173201365503,49,0.5,49,50,390,4.0,4.0,4.0,4.0,Peaking
2910,5,226,9,RidgeClassifier,WBL4,49.40631220232957,0.2972451820365757,0.1019013591072037,49,0.5,49,50,390,2.0,2.0,2.0,2.0,Peaking
2911,5,226,9,RidgeClassifier,POW4,46.83719884058987,0.2875295059089339,0.0962075928079299,49,0.5,49,50,390,1.0,1.0,1.0,1.0,Peaking
2912,13,248,11,MLP,LC-PFN,0.3076349152252078,0.0050083519890904,3.703617403516546e-05,29,0.5,29,30,395,2.0,2.0,2.0,2.0,Peaking
2913,13,248,11,MLP,MMF4,1.2737332946356006,0.0208260206749796,0.0005427321409138,29,0.5,29,30,395,4.0,4.0,4.0,4.0,Peaking
2914,13,248,11,MLP,WBL4,0.9268067714348628,0.0152372485656526,0.0003287259835658,29,0.5,29,30,395,3.0,3.0,3.0,3.0,Peaking
2915,13,248,11,MLP,POW4,0.2363950170021168,0.0038845354915439,2.0877574055305824e-05,29,0.5,29,30,395,1.0,1.0,1.0,1.0,Peaking
2916,4,162,17,GaussianNB,LC-PFN,1.018266286700964,0.0200704652816057,0.0004037608159705,25,0.5,25,26,398,4.0,4.0,4.0,4.0,Peaking
2917,4,162,17,GaussianNB,MMF4,0.2956990969936263,0.0058707598095697,3.547003721002543e-05,25,0.5,25,26,398,2.0,2.0,2.0,2.0,Peaking
2918,4,162,17,GaussianNB,WBL4,0.3818142538909007,0.007573810985197,5.853618326680008e-05,25,0.5,25,26,398,3.0,3.0,3.0,3.0,Peaking
2919,4,162,17,GaussianNB,POW4,0.0939322366359067,0.0018657357412068,6.667904906308489e-06,25,0.5,25,26,398,1.0,1.0,1.0,1.0,Peaking
2920,17,42,3,SVC_sigmoid,LC-PFN,8.796422183513641,0.1359567940235138,0.0217931922525167,34,0.5,34,35,404,2.0,2.0,2.0,2.0,Peaking
2921,17,42,3,SVC_sigmoid,MMF4,7.537093022864302,0.1215595226084566,0.0213901068980477,34,0.5,34,35,404,1.0,1.0,1.0,1.0,Peaking
2922,17,42,3,SVC_sigmoid,WBL4,16.930683180918464,0.2440622506479818,0.0775551682048684,34,0.5,34,35,404,3.0,3.0,4.0,3.3333333333333335,Peaking
2923,17,42,3,SVC_sigmoid,POW4,19.88206351525513,0.2699961261296263,0.0775126968233184,34,0.5,34,35,404,4.0,4.0,3.0,3.6666666666666665,Peaking
2924,24,191,3,SVC_sigmoid,LC-PFN,5.547769740223885,0.0321767926216125,0.0021828070748597,25,0.5,25,3,411,1.0,1.0,3.0,1.6666666666666667,Peaking
2925,24,191,3,SVC_sigmoid,MMF4,6.232353483586075,0.0366900182337033,0.0013552847163207,25,0.5,25,3,411,2.0,2.0,1.0,1.6666666666666667,Peaking
2926,24,191,3,SVC_sigmoid,WBL4,12.19402381367746,0.0786388988524611,0.0076042613816982,25,0.5,25,3,411,4.0,4.0,4.0,4.0,Peaking
2927,24,191,3,SVC_sigmoid,POW4,7.081643108235605,0.0420559221229296,0.0020857425615763,25,0.5,25,3,411,3.0,3.0,2.0,2.6666666666666665,Peaking
2928,36,72,13,QDA,LC-PFN,9.403793513774872,0.1278016865253448,0.0206639319658279,38,0.5,38,38,415,3.0,3.0,3.0,3.0,Peaking
2929,36,72,13,QDA,MMF4,6.067342691386337,0.0786359612855661,0.0080793909103204,38,0.5,38,38,415,2.0,2.0,2.0,2.0,Peaking
2930,36,72,13,QDA,WBL4,5.755390477169739,0.0742609710796053,0.0071258462015663,38,0.5,38,38,415,1.0,1.0,1.0,1.0,Peaking
2931,36,72,13,QDA,POW4,13.228984976408912,0.1901649329075466,0.0453803218093318,38,0.5,38,38,415,4.0,4.0,4.0,4.0,Peaking
2932,27,136,17,GaussianNB,LC-PFN,0.3833500202745199,0.0075101819820702,5.927268284722231e-05,38,0.5,38,39,416,3.0,3.0,3.0,3.0,Peaking
2933,27,136,17,GaussianNB,MMF4,0.1591652577267122,0.003133216324929,1.3664099150340578e-05,38,0.5,38,39,416,2.0,2.0,2.0,2.0,Peaking
2934,27,136,17,GaussianNB,WBL4,0.0699197976820312,0.0013748377835837,2.8803877863049725e-06,38,0.5,38,39,416,1.0,1.0,1.0,1.0,Peaking
2935,27,136,17,GaussianNB,POW4,0.5941557064170851,0.0117576474798609,0.0001638309838615,38,0.5,38,39,416,4.0,4.0,4.0,4.0,Peaking
2936,30,20,11,MLP,LC-PFN,1.0990814305841925,0.0150685012340545,0.0003689188160933,25,0.5,25,18,419,4.0,4.0,4.0,4.0,Peaking
2937,30,20,11,MLP,MMF4,0.5618576169441369,0.0076050443086369,0.0001233087224446,25,0.5,25,18,419,2.0,2.0,2.0,2.0,Peaking
2938,30,20,11,MLP,WBL4,0.5977219660149743,0.0080941870905411,0.0001158003605142,25,0.5,25,18,419,3.0,3.0,1.0,2.3333333333333335,Peaking
2939,30,20,11,MLP,POW4,0.5548333559292341,0.0075089893787847,0.0001280846804375,25,0.5,25,18,419,1.0,1.0,3.0,1.6666666666666667,Peaking
2940,33,5,3,SVC_sigmoid,LC-PFN,25.46219229698181,0.0940446481108665,0.0113176116719841,27,0.5,27,27,421,1.0,1.0,1.0,1.0,Peaking
2941,33,5,3,SVC_sigmoid,MMF4,29.88093851007748,0.1057560226189424,0.0137142762683698,27,0.5,27,27,421,4.0,4.0,4.0,4.0,Peaking
2942,33,5,3,SVC_sigmoid,WBL4,29.506510197141527,0.1047983537785251,0.0135126349027772,27,0.5,27,27,421,2.0,2.0,2.0,2.0,Peaking
2943,33,5,3,SVC_sigmoid,POW4,29.506510282428582,0.1047983539973513,0.0135126349487066,27,0.5,27,27,421,3.0,3.0,3.0,3.0,Peaking
2944,37,130,11,MLP,LC-PFN,1.3878204859793186,0.0224259719252586,0.0007048703846521,34,0.5,34,35,422,1.0,1.0,1.0,1.0,Peaking
2945,37,130,11,MLP,MMF4,4.483210458565733,0.0700346297335012,0.0065958412057434,34,0.5,34,35,422,4.0,4.0,4.0,4.0,Peaking
2946,37,130,11,MLP,WBL4,1.4905314294407106,0.0241211895362674,0.0008980512784615,34,0.5,34,35,422,3.0,3.0,3.0,3.0,Peaking
2947,37,130,11,MLP,POW4,1.4905313334029109,0.0241211879853828,0.0008980511948581,34,0.5,34,35,422,2.0,2.0,2.0,2.0,Peaking
2948,38,179,9,RidgeClassifier,LC-PFN,0.4141712561249733,0.0080182366073131,8.959833940025419e-05,38,0.5,38,38,426,2.0,2.0,2.0,2.0,Peaking
2949,38,179,9,RidgeClassifier,MMF4,0.2772678770358539,0.0053714862851413,2.9289059570820533e-05,38,0.5,38,38,426,1.0,1.0,1.0,1.0,Peaking
2950,38,179,9,RidgeClassifier,WBL4,0.9077722640845808,0.0174018904878207,0.0003342714177632,38,0.5,38,38,426,3.0,3.0,3.0,3.0,Peaking
2951,38,179,9,RidgeClassifier,POW4,1.2973048415690809,0.0244422157858302,0.0009552755974407,38,0.5,38,38,426,4.0,4.0,4.0,4.0,Peaking
2952,43,66,12,LDA,LC-PFN,7.081951946020126,0.0795904994010925,0.006593192461878,25,0.5,25,21,434,4.0,4.0,4.0,4.0,Peaking
2953,43,66,12,LDA,MMF4,6.54196408645977,0.0741021380512141,0.006240771319061,25,0.5,25,21,434,3.0,3.0,3.0,3.0,Peaking
2954,43,66,12,LDA,WBL4,5.978577803685506,0.0681320634532262,0.0053916224811631,25,0.5,25,21,434,1.0,1.0,1.0,1.0,Peaking
2955,43,66,12,LDA,POW4,5.97857785775405,0.0681320640290866,0.0053916225566302,25,0.5,25,21,434,2.0,2.0,2.0,2.0,Peaking
2956,51,2,9,RidgeClassifier,LC-PFN,0.3305232618004083,0.0057208100333809,5.839068762725219e-05,25,0.5,25,15,438,3.0,3.0,3.0,3.0,Peaking
2957,51,2,9,RidgeClassifier,MMF4,0.1249844725283551,0.0021567741684101,1.0231963440255e-05,25,0.5,25,15,438,2.0,2.0,2.0,2.0,Peaking
2958,51,2,9,RidgeClassifier,WBL4,0.1233380396006913,0.0021280763084828,7.1397519739463314e-06,25,0.5,25,15,438,1.0,1.0,1.0,1.0,Peaking
2959,51,2,9,RidgeClassifier,POW4,0.6726301182373985,0.011689398325695,0.0001543359022098,25,0.5,25,15,438,4.0,4.0,4.0,4.0,Peaking
2960,48,71,12,LDA,LC-PFN,1.3941530138254166,0.0267253722995519,0.0007203199202194,31,0.5,31,31,439,4.0,4.0,4.0,4.0,Peaking
2961,48,71,12,LDA,MMF4,0.2534161798372821,0.0047963092986655,2.8705437970688403e-05,31,0.5,31,31,439,3.0,3.0,3.0,3.0,Peaking
2962,48,71,12,LDA,WBL4,0.2375644727076364,0.0044805786284281,2.656037355176752e-05,31,0.5,31,31,439,1.0,1.0,1.0,1.0,Peaking
2963,48,71,12,LDA,POW4,0.2481304656755188,0.0046951277315259,2.67988724653006e-05,31,0.5,31,31,439,2.0,2.0,2.0,2.0,Peaking
2964,59,141,11,MLP,LC-PFN,1.6697634011507034,0.0245722457766532,0.0010552790481597,36,0.5,36,37,445,1.0,1.0,1.0,1.0,Peaking
2965,59,141,11,MLP,MMF4,9.65176190366186,0.1602518688806184,0.0321981955218007,36,0.5,36,37,445,3.0,3.0,3.0,3.0,Peaking
2966,59,141,11,MLP,WBL4,11.366358761049302,0.1923376371722091,0.0446020526368081,36,0.5,36,37,445,4.0,4.0,4.0,4.0,Peaking
2967,59,141,11,MLP,POW4,3.549831301269263,0.0546148984875072,0.0049087979648514,36,0.5,36,37,445,2.0,2.0,2.0,2.0,Peaking
2968,67,11,9,RidgeClassifier,LC-PFN,3.964005038142204,0.0379311926662921,0.001661641173996,25,0.5,25,25,454,3.0,2.0,2.0,2.3333333333333335,Peaking
2969,67,11,9,RidgeClassifier,MMF4,3.911221517861037,0.0382164241515725,0.0016684316753754,25,0.5,25,25,454,2.0,3.0,3.0,2.6666666666666665,Peaking
2970,67,11,9,RidgeClassifier,WBL4,4.252438971078685,0.0413967193033016,0.0019436636552533,25,0.5,25,25,454,4.0,4.0,4.0,4.0,Peaking
2971,67,11,9,RidgeClassifier,POW4,0.7591638105191618,0.0076363531822965,7.525611545362004e-05,25,0.5,25,25,454,1.0,1.0,1.0,1.0,Peaking
2972,68,209,11,MLP,LC-PFN,1.136987842619419,0.0114794736728072,0.0002139548305422,25,0.5,25,14,457,1.0,1.0,1.0,1.0,Peaking
2973,68,209,11,MLP,MMF4,1.713492388702586,0.0172023285915794,0.0004328145716318,25,0.5,25,14,457,4.0,4.0,4.0,4.0,Peaking
2974,68,209,11,MLP,WBL4,1.2780232090540564,0.0129119495732054,0.0002494352614558,25,0.5,25,14,457,2.0,2.0,2.0,2.0,Peaking
2975,68,209,11,MLP,POW4,1.278023598138764,0.0129119534356955,0.0002494354249623,25,0.5,25,14,457,3.0,3.0,3.0,3.0,Peaking
2976,76,91,9,RidgeClassifier,LC-PFN,0.3127485048025846,0.0052710697054862,3.69081535609439e-05,40,0.5,40,41,460,4.0,4.0,4.0,4.0,Peaking
2977,76,91,9,RidgeClassifier,MMF4,0.1781437044056685,0.0029916142528586,1.025601910967861e-05,40,0.5,40,41,460,2.0,2.0,2.0,2.0,Peaking
2978,76,91,9,RidgeClassifier,WBL4,0.3119573821323286,0.005230840637242,3.0073326771558957e-05,40,0.5,40,41,460,3.0,3.0,3.0,3.0,Peaking
2979,76,91,9,RidgeClassifier,POW4,0.052286581871159,0.0008790308034669,9.872449320037394e-07,40,0.5,40,41,460,1.0,1.0,1.0,1.0,Peaking
2980,81,86,11,MLP,LC-PFN,2.717319130897522,0.0461736731231212,0.0026898626238107,35,0.5,35,35,466,4.0,4.0,4.0,4.0,Peaking
2981,81,86,11,MLP,MMF4,1.8836183724518023,0.0323655310802134,0.0013758023319531,35,0.5,35,35,466,1.0,1.0,1.0,1.0,Peaking
2982,81,86,11,MLP,WBL4,2.2174817160876352,0.0379593384797492,0.0019213575142675,35,0.5,35,35,466,3.0,3.0,3.0,3.0,Peaking
2983,81,86,11,MLP,POW4,1.8960434625705884,0.0325681918901032,0.0013850512392461,35,0.5,35,35,466,2.0,2.0,2.0,2.0,Peaking
2984,80,112,17,GaussianNB,LC-PFN,0.8335407823324203,0.0116621302440762,0.0001875692396424,35,0.5,35,36,467,4.0,4.0,4.0,4.0,Peaking
2985,80,112,17,GaussianNB,MMF4,0.0027178790134708,3.759858113147607e-05,1.4136533031002692e-09,35,0.5,35,36,467,1.0,1.0,1.0,1.0,Peaking
2986,80,112,17,GaussianNB,WBL4,0.1815728964824587,0.0025163429570789,6.331981877641098e-06,35,0.5,35,36,467,3.0,3.0,3.0,3.0,Peaking
2987,80,112,17,GaussianNB,POW4,0.1815728157009871,0.0025163418355258,6.331976233217718e-06,35,0.5,35,36,467,2.0,2.0,2.0,2.0,Peaking
2988,85,226,12,LDA,LC-PFN,55.717670917510986,0.3555677533149719,0.1402478069067001,49,0.5,49,50,469,4.0,4.0,4.0,4.0,Peaking
2989,85,226,12,LDA,MMF4,37.88863065999012,0.2783103481825179,0.0916203299106333,49,0.5,49,50,469,3.0,3.0,3.0,3.0,Peaking
2990,85,226,12,LDA,WBL4,37.88294644980518,0.278281943346777,0.0916039126387935,49,0.5,49,50,469,2.0,2.0,2.0,2.0,Peaking
2991,85,226,12,LDA,POW4,35.26494716501267,0.2647587802021359,0.0835339440802977,49,0.5,49,50,469,1.0,1.0,1.0,1.0,Peaking
2992,92,74,13,QDA,LC-PFN,0.3339152317494154,0.0055633722804486,3.959142850362696e-05,29,0.5,29,30,478,1.0,1.0,1.0,1.0,Peaking
2993,92,74,13,QDA,MMF4,0.8471659579710177,0.014096044560711,0.0002197283325427,29,0.5,29,30,478,2.0,2.0,2.0,2.0,Peaking
2994,92,74,13,QDA,WBL4,1.05850733086317,0.0175724817428133,0.0003309957016211,29,0.5,29,30,478,3.0,3.0,3.0,3.0,Peaking
2995,92,74,13,QDA,POW4,3.356876250785501,0.0583620934930074,0.0035384065961176,29,0.5,29,30,478,4.0,4.0,4.0,4.0,Peaking
2996,98,131,3,SVC_sigmoid,LC-PFN,1.7061583697795868,0.0324927903711795,0.0010588240111246,35,0.5,35,36,483,4.0,4.0,4.0,4.0,Peaking
2997,98,131,3,SVC_sigmoid,MMF4,7.749745755668978e-05,1.450605887505353e-06,6.970789542729664e-11,35,0.5,35,36,483,3.0,3.0,1.0,2.3333333333333335,Peaking
2998,98,131,3,SVC_sigmoid,WBL4,7.457732078444338e-05,1.3959450381924772e-06,7.014390512794034e-11,35,0.5,35,36,483,1.0,1.0,2.0,1.3333333333333333,Peaking
2999,98,131,3,SVC_sigmoid,POW4,7.534195889122162e-05,1.4102579878019465e-06,7.020083681856332e-11,35,0.5,35,36,483,2.0,2.0,3.0,2.3333333333333335,Peaking
3000,95,178,3,SVC_sigmoid,LC-PFN,4.063372313976288,0.0312158185988664,0.0013146513374522,33,0.5,33,34,484,4.0,4.0,4.0,4.0,Peaking
3001,95,178,3,SVC_sigmoid,MMF4,1.3800068276272786,0.0110495496972952,0.0001951000615798,33,0.5,33,34,484,2.0,2.0,2.0,2.0,Peaking
3002,95,178,3,SVC_sigmoid,WBL4,1.2371799426543624,0.0098819671289597,0.0001698644087395,33,0.5,33,34,484,1.0,1.0,1.0,1.0,Peaking
3003,95,178,3,SVC_sigmoid,POW4,2.284908291178792,0.0185275680747468,0.0004265178691297,33,0.5,33,34,484,3.0,3.0,3.0,3.0,Peaking
3004,110,192,9,RidgeClassifier,LC-PFN,3.25893983244896,0.0459800623357296,0.0025919543113559,25,0.5,25,26,498,1.0,1.0,1.0,1.0,Peaking
3005,110,192,9,RidgeClassifier,MMF4,4.4235067423629,0.0627031981128855,0.0052734169395433,25,0.5,25,26,498,3.0,3.0,3.0,3.0,Peaking
3006,110,192,9,RidgeClassifier,WBL4,4.753120275336679,0.067269303010053,0.006414993290179,25,0.5,25,26,498,4.0,4.0,4.0,4.0,Peaking
3007,110,192,9,RidgeClassifier,POW4,3.744521638965916,0.0526586192176522,0.0034184003861058,25,0.5,25,26,498,2.0,2.0,2.0,2.0,Peaking
3008,115,92,17,GaussianNB,LC-PFN,7.01642706990242,0.1067942753434181,0.0138024035841226,40,0.5,40,41,501,1.0,1.0,1.0,1.0,Peaking
3009,115,92,17,GaussianNB,MMF4,7.82822424332206,0.1181102535147554,0.01695730319654,40,0.5,40,41,501,3.0,3.0,3.0,3.0,Peaking
3010,115,92,17,GaussianNB,WBL4,8.167344723979769,0.1227711641996486,0.0183051211566161,40,0.5,40,41,501,4.0,4.0,4.0,4.0,Peaking
3011,115,92,17,GaussianNB,POW4,7.786877726357458,0.1175395005019137,0.0167945486713434,40,0.5,40,41,501,2.0,2.0,2.0,2.0,Peaking
3012,111,256,17,GaussianNB,LC-PFN,1.9595196470618248,0.0188150983303785,0.0004808563680853,49,0.5,49,49,503,3.0,1.0,4.0,2.6666666666666665,Peaking
3013,111,256,17,GaussianNB,MMF4,1.879324450009698,0.0189208007452805,0.0003628823412337,49,0.5,49,49,503,2.0,3.0,2.0,2.3333333333333335,Peaking
3014,111,256,17,GaussianNB,WBL4,1.8785443229134344,0.0189127940614095,0.0003625794196857,49,0.5,49,49,503,1.0,2.0,1.0,1.3333333333333333,Peaking
3015,111,256,17,GaussianNB,POW4,2.06760808029562,0.0208569430716469,0.0004397152604385,49,0.5,49,49,503,4.0,4.0,3.0,3.6666666666666665,Peaking
3016,119,73,3,SVC_sigmoid,LC-PFN,5.375367030501366,0.0746687948703765,0.0070015541277825,35,0.5,35,35,507,4.0,4.0,4.0,4.0,Peaking
3017,119,73,3,SVC_sigmoid,MMF4,5.0098721757006,0.0692257231837444,0.005759053583705,35,0.5,35,35,507,1.0,1.0,1.0,1.0,Peaking
3018,119,73,3,SVC_sigmoid,WBL4,5.010357894645921,0.0692328610442675,0.0057599870751405,35,0.5,35,35,507,2.0,2.0,2.0,2.0,Peaking
3019,119,73,3,SVC_sigmoid,POW4,5.156323792813579,0.0713823563066781,0.00608126083048,35,0.5,35,35,507,3.0,3.0,3.0,3.0,Peaking
3020,125,56,11,MLP,LC-PFN,1.519540045410395,0.0257526244968175,0.0007588730659335,29,0.5,29,30,510,2.0,2.0,2.0,2.0,Peaking
3021,125,56,11,MLP,MMF4,3.9135666612958775,0.0647599320439171,0.0051542521841714,29,0.5,29,30,510,3.0,3.0,3.0,3.0,Peaking
3022,125,56,11,MLP,WBL4,4.802714044313365,0.0786661439357915,0.0075202473197563,29,0.5,29,30,510,4.0,4.0,4.0,4.0,Peaking
3023,125,56,11,MLP,POW4,0.3208801220306852,0.0054632377622267,4.164216788329736e-05,29,0.5,29,30,510,1.0,1.0,1.0,1.0,Peaking
3024,135,236,17,GaussianNB,LC-PFN,1.2999624013900757,0.0190562345087528,0.000590453215409,27,0.5,27,28,522,3.0,3.0,3.0,3.0,Peaking
3025,135,236,17,GaussianNB,MMF4,0.6993070493672103,0.0101244277336699,0.0001186572825129,27,0.5,27,28,522,2.0,2.0,2.0,2.0,Peaking
3026,135,236,17,GaussianNB,WBL4,0.164416830399017,0.0023634783383665,7.620039753744374e-06,27,0.5,27,28,522,1.0,1.0,1.0,1.0,Peaking
3027,135,236,17,GaussianNB,POW4,5.247500751261562,0.0800479886600544,0.0070982077622132,27,0.5,27,28,522,4.0,4.0,4.0,4.0,Peaking
3028,134,181,11,MLP,LC-PFN,1.4576547779142857,0.0170451253652572,0.0005850251764059,25,0.5,25,23,523,1.0,1.0,1.0,1.0,Peaking
3029,134,181,11,MLP,MMF4,5.913719816237833,0.0758608401865876,0.0080879793757367,25,0.5,25,23,523,3.0,3.0,3.0,3.0,Peaking
3030,134,181,11,MLP,WBL4,6.605644033393373,0.0859925351426746,0.0106622931235506,25,0.5,25,23,523,4.0,4.0,4.0,4.0,Peaking
3031,134,181,11,MLP,POW4,4.221893354944636,0.0524686730033,0.0037954058685639,25,0.5,25,23,523,2.0,2.0,2.0,2.0,Peaking
3032,145,122,17,GaussianNB,LC-PFN,0.186750350985676,0.0036329224240034,1.6811798559501767e-05,40,0.5,40,40,526,1.0,1.0,1.0,1.0,Peaking
3033,145,122,17,GaussianNB,MMF4,0.4118669785191967,0.0080387009521339,6.744653256814595e-05,40,0.5,40,40,526,2.0,2.0,2.0,2.0,Peaking
3034,145,122,17,GaussianNB,WBL4,0.7189777778501429,0.0138716666666716,0.000196860813889,40,0.5,40,40,526,4.0,4.0,4.0,4.0,Peaking
3035,145,122,17,GaussianNB,POW4,0.4494349363474518,0.0087990348578369,0.0001109804544485,40,0.5,40,40,526,3.0,3.0,3.0,3.0,Peaking
3036,155,224,12,LDA,LC-PFN,0.8295463398098946,0.0163202155381441,0.0002667600347194,32,0.5,32,33,534,4.0,4.0,4.0,4.0,Peaking
3037,155,224,12,LDA,MMF4,0.0411829839703339,0.0008170589169492,9.101652587730747e-07,32,0.5,32,33,534,1.0,1.0,1.0,1.0,Peaking
3038,155,224,12,LDA,WBL4,0.6420247739282011,0.0126545685614995,0.0001606002283755,32,0.5,32,33,534,2.0,2.0,2.0,2.0,Peaking
3039,155,224,12,LDA,POW4,0.6420249099116603,0.0126545712246313,0.0001606002926389,32,0.5,32,33,534,3.0,3.0,3.0,3.0,Peaking
3040,153,22,9,RidgeClassifier,LC-PFN,0.658594211563468,0.0117725897580385,0.0001890755665954,31,0.5,31,32,539,2.0,2.0,2.0,2.0,Peaking
3041,153,22,9,RidgeClassifier,MMF4,0.8763152421616455,0.0156956680196403,0.0003135615225446,31,0.5,31,32,539,3.0,3.0,3.0,3.0,Peaking
3042,153,22,9,RidgeClassifier,WBL4,0.2314130582374823,0.0041017628404056,1.9780729960453526e-05,31,0.5,31,32,539,1.0,1.0,1.0,1.0,Peaking
3043,153,22,9,RidgeClassifier,POW4,0.948590326501212,0.0170115947523442,0.0003752287422011,31,0.5,31,32,539,4.0,4.0,4.0,4.0,Peaking
3044,154,219,11,MLP,LC-PFN,1.532159373164177,0.0211220029741525,0.000607575639151,29,0.5,29,30,541,2.0,2.0,2.0,2.0,Peaking
3045,154,219,11,MLP,MMF4,1.146283068041504,0.0152991795461303,0.0002681439468847,29,0.5,29,30,541,1.0,1.0,1.0,1.0,Peaking
3046,154,219,11,MLP,WBL4,3.145269229936656,0.041922801792608,0.0020414127489703,29,0.5,29,30,541,4.0,4.0,4.0,4.0,Peaking
3047,154,219,11,MLP,POW4,2.447882351077458,0.0350178665050446,0.0018464532196397,29,0.5,29,30,541,3.0,3.0,3.0,3.0,Peaking
3048,158,120,9,RidgeClassifier,LC-PFN,1.1123324744403362,0.0219483003020286,0.0004827427037525,27,0.5,27,27,542,4.0,4.0,4.0,4.0,Peaking
3049,158,120,9,RidgeClassifier,MMF4,0.1677275940828956,0.0033412245888064,1.2046343238289112e-05,27,0.5,27,27,542,1.0,1.0,1.0,1.0,Peaking
3050,158,120,9,RidgeClassifier,WBL4,0.2248027489974356,0.0044754670794183,2.109634344266576e-05,27,0.5,27,27,542,2.0,2.0,2.0,2.0,Peaking
3051,158,120,9,RidgeClassifier,POW4,0.8088493127434562,0.0160082311716525,0.0002573349816195,27,0.5,27,27,542,3.0,3.0,3.0,3.0,Peaking
3052,118,215,3,SVC_sigmoid,LC-PFN,2.0769139751791954,0.0304518118500709,0.0012266734847798,26,0.5,26,26,543,2.0,2.0,2.0,2.0,Peaking
3053,118,215,3,SVC_sigmoid,MMF4,2.572785468225386,0.0375010506988907,0.001865317405295,26,0.5,26,26,543,4.0,4.0,4.0,4.0,Peaking
3054,118,215,3,SVC_sigmoid,WBL4,1.212282028976906,0.0180279231594997,0.0005407309382534,26,0.5,26,26,543,1.0,1.0,1.0,1.0,Peaking
3055,118,215,3,SVC_sigmoid,POW4,2.479602661706924,0.036180984087273,0.0017297533657091,26,0.5,26,26,543,3.0,3.0,3.0,3.0,Peaking
3056,156,62,13,QDA,LC-PFN,15.865842998027802,0.0494609028100967,0.0025062416680157,25,0.5,25,18,544,4.0,4.0,4.0,4.0,Peaking
3057,156,62,13,QDA,MMF4,1.6697917442567198,0.0060027724164706,5.362510985250612e-05,25,0.5,25,18,544,1.0,1.0,1.0,1.0,Peaking
3058,156,62,13,QDA,WBL4,1.7195887432492638,0.0061878103672414,6.364562522820831e-05,25,0.5,25,18,544,2.0,2.0,2.0,2.0,Peaking
3059,156,62,13,QDA,POW4,2.449575866535504,0.0089118686651612,0.0001183902087303,25,0.5,25,18,544,3.0,3.0,3.0,3.0,Peaking
3060,170,228,13,QDA,LC-PFN,11.941921710968018,0.1271693110466003,0.0390435792505741,25,0.5,25,20,553,4.0,4.0,1.0,3.0,Peaking
3061,170,228,13,QDA,MMF4,9.330208659643702,0.1096146438107786,0.0430763031199222,25,0.5,25,20,553,2.0,2.0,3.0,2.3333333333333335,Peaking
3062,170,228,13,QDA,WBL4,9.769056501081725,0.1139227026427182,0.0469267740766362,25,0.5,25,20,553,3.0,3.0,4.0,3.3333333333333335,Peaking
3063,170,228,13,QDA,POW4,9.130121389270888,0.107288924409086,0.0398740697811152,25,0.5,25,20,553,1.0,1.0,2.0,1.3333333333333333,Peaking
3064,174,159,13,QDA,LC-PFN,4.2653638869524,0.0647200718522071,0.0046657770872116,25,0.5,25,26,555,4.0,4.0,4.0,4.0,Peaking
3065,174,159,13,QDA,MMF4,2.021930994233339,0.0313912118848802,0.001097016524393,25,0.5,25,26,555,1.0,1.0,1.0,1.0,Peaking
3066,174,159,13,QDA,WBL4,2.486649373315985,0.0387255161428654,0.0018539164135316,25,0.5,25,26,555,3.0,3.0,3.0,3.0,Peaking
3067,174,159,13,QDA,POW4,2.172385529915588,0.0331407638388482,0.0013464112603974,25,0.5,25,26,555,2.0,2.0,2.0,2.0,Peaking
3068,172,147,11,MLP,LC-PFN,17.42326021194458,0.0536754317581653,0.0029060442466288,25,0.5,25,3,556,4.0,4.0,4.0,4.0,Peaking
3069,172,147,11,MLP,MMF4,4.341562708334078,0.0150873337704038,0.0002910364310001,25,0.5,25,3,556,3.0,1.0,3.0,2.3333333333333335,Peaking
3070,172,147,11,MLP,WBL4,4.314382546894198,0.0162133333349615,0.0002904277333856,25,0.5,25,3,556,2.0,3.0,2.0,2.3333333333333335,Peaking
3071,172,147,11,MLP,POW4,4.3143824843424,0.016213333088138,0.0002904277252983,25,0.5,25,3,556,1.0,2.0,1.0,1.3333333333333333,Peaking
3072,171,99,13,QDA,LC-PFN,3.628838062286377,0.0514467097818851,0.0029403904918581,25,0.5,25,21,557,2.0,2.0,2.0,2.0,Peaking
3073,171,99,13,QDA,MMF4,5.315289941246007,0.0833567588928508,0.0079716030243475,25,0.5,25,21,557,3.0,3.0,3.0,3.0,Peaking
3074,171,99,13,QDA,WBL4,6.699299938333926,0.0922052430039957,0.0103040599878024,25,0.5,25,21,557,4.0,4.0,4.0,4.0,Peaking
3075,171,99,13,QDA,POW4,3.351904842378474,0.0470287412130782,0.0022537003812478,25,0.5,25,21,557,1.0,1.0,1.0,1.0,Peaking
3076,188,203,9,RidgeClassifier,LC-PFN,0.7989092729985714,0.0114211533218622,0.0002682859776541,30,0.5,30,31,569,1.0,1.0,1.0,1.0,Peaking
3077,188,203,9,RidgeClassifier,MMF4,2.5843487457153422,0.03573459587207,0.0019916191898028,30,0.5,30,31,569,3.0,3.0,3.0,3.0,Peaking
3078,188,203,9,RidgeClassifier,WBL4,2.876785642622696,0.0396074679794526,0.0024259413298223,30,0.5,30,31,569,4.0,4.0,4.0,4.0,Peaking
3079,188,203,9,RidgeClassifier,POW4,2.508227854445364,0.0347222206553147,0.0018888990357674,30,0.5,30,31,569,2.0,2.0,2.0,2.0,Peaking
3080,192,145,13,QDA,LC-PFN,2.564452402293682,0.0470001697540283,0.0031004885677248,25,0.5,25,22,571,3.0,3.0,3.0,3.0,Peaking
3081,192,145,13,QDA,MMF4,1.7417689931189873,0.0314904521818732,0.0018889603197196,25,0.5,25,22,571,2.0,2.0,2.0,2.0,Peaking
3082,192,145,13,QDA,WBL4,1.6491861073788532,0.0297612833954658,0.0017830457248824,25,0.5,25,22,571,1.0,1.0,1.0,1.0,Peaking
3083,192,145,13,QDA,POW4,4.121735792904316,0.0771375421292313,0.0073270325758346,25,0.5,25,22,571,4.0,4.0,4.0,4.0,Peaking
3084,199,209,12,LDA,LC-PFN,3.937733173370361,0.0532593801617622,0.0033964456524699,25,0.5,25,14,580,1.0,1.0,1.0,1.0,Peaking
3085,199,209,12,LDA,MMF4,8.357472563132351,0.1077538882557902,0.0128347883333972,25,0.5,25,14,580,3.0,3.0,3.0,3.0,Peaking
3086,199,209,12,LDA,WBL4,8.396076504339426,0.1082092379641629,0.0129331271866327,25,0.5,25,14,580,4.0,4.0,4.0,4.0,Peaking
3087,199,209,12,LDA,POW4,7.565627075407745,0.0983376547976988,0.0108315368385288,25,0.5,25,14,580,2.0,2.0,2.0,2.0,Peaking
3088,165,190,3,SVC_sigmoid,LC-PFN,7.442891597747803,0.0704532265663147,0.0063250344246625,32,0.5,32,33,581,3.0,3.0,3.0,3.0,Peaking
3089,165,190,3,SVC_sigmoid,MMF4,5.918083034615091,0.0546877862287065,0.0037257934002321,32,0.5,32,33,581,2.0,2.0,2.0,2.0,Peaking
3090,165,190,3,SVC_sigmoid,WBL4,3.899432616314011,0.0350015135925534,0.0016441334809436,32,0.5,32,33,581,1.0,1.0,1.0,1.0,Peaking
3091,165,190,3,SVC_sigmoid,POW4,12.335421043849836,0.1263001277866723,0.0210380798017364,32,0.5,32,33,581,4.0,4.0,4.0,4.0,Peaking
3092,4,162,17,GaussianNB,LC-PFN,1.0427595116198063,0.0205622389912605,0.0004232456267345,35,0.7,35,16,586,4.0,4.0,4.0,4.0,Peaking
3093,4,162,17,GaussianNB,MMF4,0.0673623852793435,0.0013414875830977,2.2162926614211137e-06,35,0.7,35,16,586,1.0,1.0,1.0,1.0,Peaking
3094,4,162,17,GaussianNB,WBL4,0.103634684390393,0.0020629603682528,4.720325929734605e-06,35,0.7,35,16,586,2.0,2.0,2.0,2.0,Peaking
3095,4,162,17,GaussianNB,POW4,0.8832271669442054,0.0174439878247877,0.0003047572316575,35,0.7,35,16,586,3.0,3.0,3.0,3.0,Peaking
3096,5,226,9,RidgeClassifier,LC-PFN,5.412233993411064,0.0535539761185646,0.0030234705191105,69,0.7,69,30,593,1.0,1.0,1.0,1.0,Peaking
3097,5,226,9,RidgeClassifier,MMF4,12.051785448722349,0.1122911400641716,0.0140223656302539,69,0.7,69,30,593,3.0,3.0,3.0,3.0,Peaking
3098,5,226,9,RidgeClassifier,WBL4,13.034474073671191,0.1202899002611234,0.0159136724060129,69,0.7,69,30,593,4.0,4.0,4.0,4.0,Peaking
3099,5,226,9,RidgeClassifier,POW4,7.982297577850383,0.0745105311617278,0.0058133241488895,69,0.7,69,30,593,2.0,2.0,2.0,2.0,Peaking
3100,13,248,11,MLP,LC-PFN,0.3093383274972439,0.0051512620411813,3.109644239884801e-05,41,0.7,41,18,594,2.0,2.0,2.0,2.0,Peaking
3101,13,248,11,MLP,MMF4,0.3415517612884837,0.0056972605253191,3.771329446142876e-05,41,0.7,41,18,594,3.0,3.0,3.0,3.0,Peaking
3102,13,248,11,MLP,WBL4,0.4013174523657598,0.0066943006535292,5.3843242810100266e-05,41,0.7,41,18,594,4.0,4.0,4.0,4.0,Peaking
3103,13,248,11,MLP,POW4,0.1121544324964011,0.0018610779855107,5.4851426382956e-06,41,0.7,41,18,594,1.0,1.0,1.0,1.0,Peaking
3104,17,42,3,SVC_sigmoid,LC-PFN,2.79089380055666,0.0496006868779659,0.0025647096335887,48,0.7,48,21,596,1.0,1.0,1.0,1.0,Peaking
3105,17,42,3,SVC_sigmoid,MMF4,3.6268377458576486,0.0639196514856628,0.0042040607376438,48,0.7,48,21,596,2.0,2.0,2.0,2.0,Peaking
3106,17,42,3,SVC_sigmoid,WBL4,7.072403159613162,0.1207852192347297,0.0157432691566672,48,0.7,48,21,596,3.0,3.0,3.0,3.0,Peaking
3107,17,42,3,SVC_sigmoid,POW4,15.07417821909431,0.2375263856627046,0.0565917902572637,48,0.7,48,21,596,4.0,4.0,4.0,4.0,Peaking
3108,24,191,3,SVC_sigmoid,LC-PFN,5.547769740223885,0.0321767926216125,0.0021828070748597,25,0.7,25,3,603,1.0,1.0,3.0,1.6666666666666667,Peaking
3109,24,191,3,SVC_sigmoid,MMF4,6.232353483586075,0.0366900182337033,0.0013552847163207,25,0.7,25,3,603,2.0,2.0,1.0,1.6666666666666667,Peaking
3110,24,191,3,SVC_sigmoid,WBL4,12.19402381367746,0.0786388988524611,0.0076042613816982,25,0.7,25,3,603,4.0,4.0,4.0,4.0,Peaking
3111,24,191,3,SVC_sigmoid,POW4,7.081643108235605,0.0420559221229296,0.0020857425615763,25,0.7,25,3,603,3.0,3.0,2.0,2.6666666666666665,Peaking
3112,27,136,17,GaussianNB,LC-PFN,0.3292921930551529,0.0064471364021301,4.274124876246788e-05,53,0.7,53,24,607,3.0,3.0,3.0,3.0,Peaking
3113,27,136,17,GaussianNB,MMF4,0.1737174768304552,0.0034174399564956,1.2844685269759792e-05,53,0.7,53,24,607,2.0,2.0,2.0,2.0,Peaking
3114,27,136,17,GaussianNB,WBL4,0.1277323349720779,0.0025114923701665,7.430568883427205e-06,53,0.7,53,24,607,1.0,1.0,1.0,1.0,Peaking
3115,27,136,17,GaussianNB,POW4,0.3683772339315602,0.007261875677098,5.463296114371243e-05,53,0.7,53,24,607,4.0,4.0,4.0,4.0,Peaking
3116,30,20,11,MLP,LC-PFN,0.8724787272512913,0.0118685364723205,0.0002581981825642,30,0.7,30,13,611,4.0,4.0,4.0,4.0,Peaking
3117,30,20,11,MLP,MMF4,0.8136421523390348,0.0110335908237561,0.0002227407928431,30,0.7,30,13,611,2.0,2.0,2.0,2.0,Peaking
3118,30,20,11,MLP,WBL4,0.7033865177600496,0.0095168462584566,0.0001868524585636,30,0.7,30,13,611,1.0,1.0,1.0,1.0,Peaking
3119,30,20,11,MLP,POW4,0.8441346836178247,0.0114539503871861,0.0002328566108531,30,0.7,30,13,611,3.0,3.0,3.0,3.0,Peaking
3120,36,72,13,QDA,LC-PFN,1.5707464888691902,0.018748415634036,0.0004897632170468,53,0.7,53,23,615,1.0,1.0,1.0,1.0,Peaking
3121,36,72,13,QDA,MMF4,7.331401715706464,0.0933543686818691,0.0088729585861875,53,0.7,53,23,615,3.0,3.0,3.0,3.0,Peaking
3122,36,72,13,QDA,WBL4,6.896666558645026,0.0874000925641064,0.0077939832459594,53,0.7,53,23,615,2.0,2.0,2.0,2.0,Peaking
3123,36,72,13,QDA,POW4,8.255756803380649,0.1062161967629406,0.0115103596437677,53,0.7,53,23,615,4.0,4.0,4.0,4.0,Peaking
3124,37,130,11,MLP,LC-PFN,1.2924004346132278,0.0210746526718139,0.0007696539978496,48,0.7,48,21,616,1.0,1.0,1.0,1.0,Peaking
3125,37,130,11,MLP,MMF4,2.473906171225332,0.0400997246949021,0.0019672299729286,48,0.7,48,21,616,4.0,4.0,4.0,4.0,Peaking
3126,37,130,11,MLP,WBL4,1.8235401954789476,0.0297294051242,0.0011873350442748,48,0.7,48,21,616,3.0,3.0,3.0,3.0,Peaking
3127,37,130,11,MLP,POW4,1.8235401949310568,0.0297294051153806,0.0011873350436577,48,0.7,48,21,616,2.0,2.0,2.0,2.0,Peaking
3128,38,179,9,RidgeClassifier,LC-PFN,0.2593521028757095,0.0050447373650968,2.612451498862356e-05,53,0.7,53,23,618,2.0,2.0,2.0,2.0,Peaking
3129,38,179,9,RidgeClassifier,MMF4,0.0532418689923152,0.0010329876000478,1.36091559850695e-06,53,0.7,53,23,618,1.0,1.0,1.0,1.0,Peaking
3130,38,179,9,RidgeClassifier,WBL4,0.5286613258748102,0.0102046923833078,0.0001056368622186,53,0.7,53,23,618,4.0,4.0,3.0,3.6666666666666665,Peaking
3131,38,179,9,RidgeClassifier,POW4,0.4936528782999571,0.0094998821685485,0.0001427547713034,53,0.7,53,23,618,3.0,3.0,4.0,3.3333333333333335,Peaking
3132,43,66,12,LDA,LC-PFN,1.8573006615042689,0.0225416589528322,0.0005830270820297,32,0.7,32,14,625,1.0,1.0,2.0,1.3333333333333333,Peaking
3133,43,66,12,LDA,MMF4,1.8807810775668516,0.0226869037417156,0.0005478425162561,32,0.7,32,14,625,2.0,2.0,1.0,1.6666666666666667,Peaking
3134,43,66,12,LDA,WBL4,1.9854187633679177,0.0241317602259812,0.0008588533326675,32,0.7,32,14,625,3.0,3.0,4.0,3.3333333333333335,Peaking
3135,43,66,12,LDA,POW4,2.111431552870421,0.0254103844385179,0.0006769331228308,32,0.7,32,14,625,4.0,4.0,3.0,3.6666666666666665,Peaking
3136,51,2,9,RidgeClassifier,LC-PFN,0.3625448094680905,0.0062833330594003,7.426374941132963e-05,28,0.7,28,12,630,3.0,3.0,3.0,3.0,Peaking
3137,51,2,9,RidgeClassifier,MMF4,0.1471810722423159,0.0025395186537928,1.293089473840393e-05,28,0.7,28,12,630,2.0,2.0,2.0,2.0,Peaking
3138,51,2,9,RidgeClassifier,WBL4,0.1322244854000414,0.0022808174168324,8.4730891829549e-06,28,0.7,28,12,630,1.0,1.0,1.0,1.0,Peaking
3139,51,2,9,RidgeClassifier,POW4,0.6229791346023982,0.0108149707453282,0.0001311185934304,28,0.7,28,12,630,4.0,4.0,4.0,4.0,Peaking
3140,48,71,12,LDA,LC-PFN,1.50853144004941,0.0289443582296371,0.0008420585654675,43,0.7,43,19,632,4.0,4.0,4.0,4.0,Peaking
3141,48,71,12,LDA,MMF4,0.5309759756387462,0.0100897094440115,0.0001157716767538,43,0.7,43,19,632,2.0,2.0,2.0,2.0,Peaking
3142,48,71,12,LDA,WBL4,0.3115206277736319,0.0059047093277589,4.060108333156587e-05,43,0.7,43,19,632,1.0,1.0,1.0,1.0,Peaking
3143,48,71,12,LDA,POW4,0.5581061050129399,0.0106085057232111,0.0001277842797045,43,0.7,43,19,632,3.0,3.0,3.0,3.0,Peaking
3144,59,141,11,MLP,LC-PFN,1.9502097740769384,0.0288522969931364,0.0013682995922863,51,0.7,51,22,640,3.0,3.0,3.0,3.0,Peaking
3145,59,141,11,MLP,MMF4,1.426249560789002,0.020879948971624,0.0007528879737251,51,0.7,51,22,640,1.0,1.0,2.0,1.3333333333333333,Peaking
3146,59,141,11,MLP,WBL4,1.4907473183564546,0.0218227364371663,0.0006858701640326,51,0.7,51,22,640,2.0,2.0,1.0,1.6666666666666667,Peaking
3147,59,141,11,MLP,POW4,4.315267551573214,0.0663249831089943,0.0057030629784127,51,0.7,51,22,640,4.0,4.0,4.0,4.0,Peaking
3148,67,11,9,RidgeClassifier,LC-PFN,1.4113699086010456,0.0142870368435978,0.0002448633313179,35,0.7,35,15,647,1.0,1.0,1.0,1.0,Peaking
3149,67,11,9,RidgeClassifier,MMF4,1.6102280791689307,0.016984145824126,0.0003760843322107,35,0.7,35,15,647,2.0,2.0,2.0,2.0,Peaking
3150,67,11,9,RidgeClassifier,WBL4,1.7740253077389856,0.0187516469416667,0.0004553716267061,35,0.7,35,15,647,4.0,4.0,4.0,4.0,Peaking
3151,67,11,9,RidgeClassifier,POW4,1.637072731851148,0.0172814321101914,0.0003953393476824,35,0.7,35,15,647,3.0,3.0,3.0,3.0,Peaking
3152,68,209,11,MLP,LC-PFN,2.6607489213347435,0.026398055255413,0.0008280626498162,27,0.7,27,12,653,4.0,4.0,4.0,4.0,Peaking
3153,68,209,11,MLP,MMF4,1.7044860151917962,0.017160686656817,0.0004246956151458,27,0.7,27,12,653,3.0,3.0,3.0,3.0,Peaking
3154,68,209,11,MLP,WBL4,1.3774295211903451,0.0139304610661765,0.0002780311584243,27,0.7,27,12,653,1.0,1.0,1.0,1.0,Peaking
3155,68,209,11,MLP,POW4,1.3774295219133428,0.0139304610733569,0.0002780311587153,27,0.7,27,12,653,2.0,2.0,2.0,2.0,Peaking
3156,76,91,9,RidgeClassifier,LC-PFN,0.2221039030700922,0.0037363148294389,1.834087015595287e-05,56,0.7,56,25,656,3.0,3.0,4.0,3.3333333333333335,Peaking
3157,76,91,9,RidgeClassifier,MMF4,0.1008533792390916,0.0016965226016425,3.046184934862257e-06,56,0.7,56,25,656,2.0,2.0,2.0,2.0,Peaking
3158,76,91,9,RidgeClassifier,WBL4,0.2245204995192427,0.0037719866824749,1.451234248153912e-05,56,0.7,56,25,656,4.0,4.0,3.0,3.6666666666666665,Peaking
3159,76,91,9,RidgeClassifier,POW4,0.0172845639008603,0.0002910226589226,1.1181818198070636e-07,56,0.7,56,25,656,1.0,1.0,1.0,1.0,Peaking
3160,81,86,11,MLP,LC-PFN,1.637258194386959,0.02872234582901,0.0009187175892293,49,0.7,49,21,658,4.0,4.0,4.0,4.0,Peaking
3161,81,86,11,MLP,MMF4,0.9769138791812372,0.017194588847999,0.0003114001557197,49,0.7,49,21,658,2.0,2.0,2.0,2.0,Peaking
3162,81,86,11,MLP,WBL4,0.7335425289795432,0.0129193145311457,0.0001826261799163,49,0.7,49,21,658,1.0,1.0,1.0,1.0,Peaking
3163,81,86,11,MLP,POW4,1.2519426569299177,0.0219942242085158,0.0005046241830083,49,0.7,49,21,658,3.0,3.0,3.0,3.0,Peaking
3164,80,112,17,GaussianNB,LC-PFN,0.4011425655335188,0.0055732782930135,3.844332240987569e-05,49,0.7,49,22,663,4.0,4.0,4.0,4.0,Peaking
3165,80,112,17,GaussianNB,MMF4,0.0016824422799418,2.3274320617686332e-05,5.416940002148594e-10,49,0.7,49,22,663,1.0,1.0,1.0,1.0,Peaking
3166,80,112,17,GaussianNB,WBL4,0.1297622164169665,0.0017973874428502,3.2306016197156883e-06,49,0.7,49,22,663,3.0,3.0,3.0,3.0,Peaking
3167,80,112,17,GaussianNB,POW4,0.1297622049327659,0.0017973872835713,3.230601047144076e-06,49,0.7,49,22,663,2.0,2.0,2.0,2.0,Peaking
3168,85,226,12,LDA,LC-PFN,3.734686598181725,0.0415648594498634,0.0019424285273998,69,0.7,69,30,664,2.0,1.0,1.0,1.3333333333333333,Peaking
3169,85,226,12,LDA,MMF4,3.4996240880192477,0.0418595152512718,0.0025970747594765,69,0.7,69,30,664,1.0,2.0,2.0,1.6666666666666667,Peaking
3170,85,226,12,LDA,WBL4,6.2503043464767964,0.0823591199377098,0.0112756459386521,69,0.7,69,30,664,3.0,3.0,3.0,3.0,Peaking
3171,85,226,12,LDA,POW4,13.2307663875696,0.1330210145265725,0.0177716846748383,69,0.7,69,30,664,4.0,4.0,4.0,4.0,Peaking
3172,92,74,13,QDA,LC-PFN,0.3607213962823152,0.0060425004921853,4.224325311952271e-05,41,0.7,41,18,665,1.0,1.0,1.0,1.0,Peaking
3173,92,74,13,QDA,MMF4,0.6742845537839098,0.0112749128738001,0.0001303621340559,41,0.7,41,18,665,2.0,2.0,2.0,2.0,Peaking
3174,92,74,13,QDA,WBL4,0.8601008421448496,0.014354966078805,0.000209395864928,41,0.7,41,18,665,3.0,3.0,3.0,3.0,Peaking
3175,92,74,13,QDA,POW4,1.5934554899286228,0.0272624537153004,0.0007511490477823,41,0.7,41,18,665,4.0,4.0,4.0,4.0,Peaking
3176,98,131,3,SVC_sigmoid,LC-PFN,1.7018603160977364,0.0324090681970119,0.001052601612173,49,0.7,49,22,677,4.0,4.0,4.0,4.0,Peaking
3177,98,131,3,SVC_sigmoid,MMF4,0.0001228595013502,2.299695676419048e-06,1.146296678966184e-10,49,0.7,49,22,677,2.0,2.0,1.0,1.6666666666666667,Peaking
3178,98,131,3,SVC_sigmoid,WBL4,0.0017866506507395,3.344406081644143e-05,1.3030881063400163e-09,49,0.7,49,22,677,3.0,3.0,3.0,3.0,Peaking
3179,98,131,3,SVC_sigmoid,POW4,0.0001220998008286,2.2854751517420446e-06,1.147893535012678e-10,49,0.7,49,22,677,1.0,1.0,2.0,1.3333333333333333,Peaking
3180,95,178,3,SVC_sigmoid,LC-PFN,5.751728266477585,0.042858425527811,0.0022667031735181,46,0.7,46,21,678,4.0,4.0,4.0,4.0,Peaking
3181,95,178,3,SVC_sigmoid,MMF4,1.4485245137971203,0.0114931082776751,0.000216457118908,46,0.7,46,21,678,2.0,2.0,2.0,2.0,Peaking
3182,95,178,3,SVC_sigmoid,WBL4,1.4155734687389838,0.0112254250899243,0.0002097221459753,46,0.7,46,21,678,1.0,1.0,1.0,1.0,Peaking
3183,95,178,3,SVC_sigmoid,POW4,2.0211006661468742,0.0161733806004313,0.0003489176887879,46,0.7,46,21,678,3.0,3.0,3.0,3.0,Peaking
3184,111,256,17,GaussianNB,LC-PFN,3.857719525694847,0.0367713160812854,0.0013779475120827,68,0.7,68,30,690,4.0,4.0,4.0,4.0,Peaking
3185,111,256,17,GaussianNB,MMF4,1.1956853754195191,0.0117037762610054,0.0001525127209786,68,0.7,68,30,690,3.0,3.0,3.0,3.0,Peaking
3186,111,256,17,GaussianNB,WBL4,0.6040009169820062,0.0060200157151345,3.819000225805975e-05,68,0.7,68,30,690,1.0,1.0,1.0,1.0,Peaking
3187,111,256,17,GaussianNB,POW4,1.0395748411205707,0.0104083767322206,0.0001102786897645,68,0.7,68,30,690,2.0,2.0,2.0,2.0,Peaking
3188,110,192,9,RidgeClassifier,LC-PFN,9.680581092834473,0.1347853988409042,0.021181508898735,35,0.7,35,16,693,4.0,4.0,4.0,4.0,Peaking
3189,110,192,9,RidgeClassifier,MMF4,8.229136273365404,0.1164804150805138,0.0170581822293982,35,0.7,35,16,693,2.0,2.0,2.0,2.0,Peaking
3190,110,192,9,RidgeClassifier,WBL4,8.324962453956426,0.117707137879804,0.0173497233942734,35,0.7,35,16,693,3.0,3.0,3.0,3.0,Peaking
3191,110,192,9,RidgeClassifier,POW4,6.113868051582756,0.0887641794230109,0.0105302173881295,35,0.7,35,16,693,1.0,1.0,1.0,1.0,Peaking
3192,115,92,17,GaussianNB,LC-PFN,1.81875042617321,0.0302204210311174,0.0010588977020233,56,0.7,56,25,694,4.0,4.0,3.0,3.6666666666666665,Peaking
3193,115,92,17,GaussianNB,MMF4,1.4988852926314435,0.0249424583950796,0.0007329049259582,56,0.7,56,25,694,1.0,1.0,1.0,1.0,Peaking
3194,115,92,17,GaussianNB,WBL4,1.6964306309109174,0.0288482530205429,0.0010817831246309,56,0.7,56,25,694,3.0,3.0,4.0,3.3333333333333335,Peaking
3195,115,92,17,GaussianNB,POW4,1.543112303957277,0.0253898116348729,0.0009174481157798,56,0.7,56,25,694,2.0,2.0,2.0,2.0,Peaking
3196,119,73,3,SVC_sigmoid,LC-PFN,1.423671841621399,0.0184090845286846,0.0004096570773981,49,0.7,49,21,696,1.0,1.0,1.0,1.0,Peaking
3197,119,73,3,SVC_sigmoid,MMF4,3.0779798813746373,0.0375780666543056,0.0019178624539682,49,0.7,49,21,696,2.0,2.0,2.0,2.0,Peaking
3198,119,73,3,SVC_sigmoid,WBL4,5.411764392065596,0.0733938023826126,0.0056544152877534,49,0.7,49,21,696,4.0,4.0,4.0,4.0,Peaking
3199,119,73,3,SVC_sigmoid,POW4,5.411764376420002,0.0733938021576558,0.005654415254733,49,0.7,49,21,696,3.0,3.0,3.0,3.0,Peaking
3200,125,56,11,MLP,LC-PFN,0.9870286099612712,0.017257472500205,0.0003642863011918,41,0.7,41,18,705,2.0,2.0,2.0,2.0,Peaking
3201,125,56,11,MLP,MMF4,1.485076864130907,0.025809131958329,0.0008091298148446,41,0.7,41,18,705,3.0,3.0,3.0,3.0,Peaking
3202,125,56,11,MLP,WBL4,2.148178695833906,0.0370440442021838,0.001657986188151,41,0.7,41,18,705,4.0,4.0,4.0,4.0,Peaking
3203,125,56,11,MLP,POW4,0.4134044351946631,0.0073251077439989,6.2205247878463e-05,41,0.7,41,18,705,1.0,1.0,1.0,1.0,Peaking
3204,134,181,11,MLP,LC-PFN,2.681192196905613,0.0313009694218635,0.0010733328526839,33,0.7,33,15,711,4.0,4.0,4.0,4.0,Peaking
3205,134,181,11,MLP,MMF4,2.022932948090578,0.0238440447192817,0.0007839265269387,33,0.7,33,15,711,2.0,2.0,2.0,2.0,Peaking
3206,134,181,11,MLP,WBL4,2.0791438250753056,0.0244933532084703,0.0008147200040815,33,0.7,33,15,711,3.0,3.0,3.0,3.0,Peaking
3207,134,181,11,MLP,POW4,1.3746277147974584,0.0162783542131817,0.0004728693272536,33,0.7,33,15,711,1.0,1.0,1.0,1.0,Peaking
3208,135,236,17,GaussianNB,LC-PFN,0.8852485567331314,0.012843987904489,0.000201255272259,38,0.7,38,17,712,3.0,3.0,3.0,3.0,Peaking
3209,135,236,17,GaussianNB,MMF4,0.4565391457893523,0.006586001201518,4.790447413675374e-05,38,0.7,38,17,712,2.0,2.0,2.0,2.0,Peaking
3210,135,236,17,GaussianNB,WBL4,0.1941498278754332,0.002792106376808,1.0477588565258755e-05,38,0.7,38,17,712,1.0,1.0,1.0,1.0,Peaking
3211,135,236,17,GaussianNB,POW4,3.3166361193112657,0.0493172458973754,0.0025126411032714,38,0.7,38,17,712,4.0,4.0,4.0,4.0,Peaking
3212,145,122,17,GaussianNB,LC-PFN,0.1103978720493614,0.0021506324410438,4.7860648919595405e-06,56,0.7,56,24,723,1.0,1.0,1.0,1.0,Peaking
3213,145,122,17,GaussianNB,MMF4,0.1122182723152696,0.002181449583735,4.951588119337527e-06,56,0.7,56,24,723,2.0,2.0,2.0,2.0,Peaking
3214,145,122,17,GaussianNB,WBL4,0.2192602027922573,0.0042576165907384,1.8352676262812544e-05,56,0.7,56,24,723,3.0,3.0,3.0,3.0,Peaking
3215,145,122,17,GaussianNB,POW4,0.2464885582249519,0.004810972486132,2.7184238360173307e-05,56,0.7,56,24,723,4.0,4.0,4.0,4.0,Peaking
3216,153,22,9,RidgeClassifier,LC-PFN,0.576096260920167,0.0102951303124427,0.0001320951851084,44,0.7,44,19,729,3.0,3.0,3.0,3.0,Peaking
3217,153,22,9,RidgeClassifier,MMF4,0.2269043810500761,0.004034658176058,1.825919062511856e-05,44,0.7,44,19,729,2.0,2.0,2.0,2.0,Peaking
3218,153,22,9,RidgeClassifier,WBL4,0.0725926574908069,0.0012869452272789,2.0939711816164453e-06,44,0.7,44,19,729,1.0,1.0,1.0,1.0,Peaking
3219,153,22,9,RidgeClassifier,POW4,0.6483287035923807,0.0115828141494743,0.0001465976258097,44,0.7,44,19,729,4.0,4.0,4.0,4.0,Peaking
3220,154,219,11,MLP,LC-PFN,0.4242848604917526,0.0060118967667222,6.006252078805119e-05,41,0.7,41,18,730,1.0,1.0,1.0,1.0,Peaking
3221,154,219,11,MLP,MMF4,0.7155218182547072,0.0100956938108244,0.0001128548463514,41,0.7,41,18,730,2.0,2.0,2.0,2.0,Peaking
3222,154,219,11,MLP,WBL4,1.0099360074284995,0.0141027318401506,0.000265923262268,41,0.7,41,18,730,3.0,3.0,3.0,3.0,Peaking
3223,154,219,11,MLP,POW4,3.61879653788348,0.0532569335886499,0.0033297886865869,41,0.7,41,18,730,4.0,4.0,4.0,4.0,Peaking
3224,155,224,12,LDA,LC-PFN,0.8467951789498329,0.0166641119867563,0.0002777055487968,45,0.7,45,20,732,4.0,4.0,4.0,4.0,Peaking
3225,155,224,12,LDA,MMF4,0.111636473101571,0.0022130387973137,4.916128056009369e-06,45,0.7,45,20,732,1.0,1.0,1.0,1.0,Peaking
3226,155,224,12,LDA,WBL4,0.1153453549193417,0.0022864772346743,5.246565487633879e-06,45,0.7,45,20,732,2.0,2.0,2.0,2.0,Peaking
3227,155,224,12,LDA,POW4,0.2241552923399253,0.0044589311164204,2.061148496435616e-05,45,0.7,45,20,732,3.0,3.0,3.0,3.0,Peaking
3228,156,62,13,QDA,LC-PFN,16.714416444301605,0.0515838824212551,0.0027024527080357,30,0.7,30,13,733,4.0,4.0,4.0,4.0,Peaking
3229,156,62,13,QDA,MMF4,1.5348574364216436,0.0055163397582383,4.135592757616527e-05,30,0.7,30,13,733,1.0,1.0,1.0,1.0,Peaking
3230,156,62,13,QDA,WBL4,1.5823812464767015,0.0056886882621777,4.564365774818255e-05,30,0.7,30,13,733,2.0,2.0,2.0,2.0,Peaking
3231,156,62,13,QDA,POW4,1.871371197752271,0.0067509242335868,6.750454747659499e-05,30,0.7,30,13,733,3.0,3.0,3.0,3.0,Peaking
3232,158,120,9,RidgeClassifier,LC-PFN,1.1414350010454657,0.0225306898355484,0.000507712480612,37,0.7,37,17,735,4.0,4.0,4.0,4.0,Peaking
3233,158,120,9,RidgeClassifier,MMF4,0.1271917503184722,0.0025360983214254,6.506631685830664e-06,37,0.7,37,17,735,1.0,1.0,1.0,1.0,Peaking
3234,158,120,9,RidgeClassifier,WBL4,0.1682634364673334,0.0033536441106097,1.133678142197802e-05,37,0.7,37,17,735,2.0,2.0,2.0,2.0,Peaking
3235,158,120,9,RidgeClassifier,POW4,0.6381603533174479,0.0126596065183073,0.0001603555168473,37,0.7,37,17,735,3.0,3.0,3.0,3.0,Peaking
3236,165,190,3,SVC_sigmoid,LC-PFN,4.485006630420685,0.0366913378238678,0.0016152823809534,45,0.7,45,20,740,3.0,2.0,2.0,2.3333333333333335,Peaking
3237,165,190,3,SVC_sigmoid,MMF4,4.169407624438862,0.0368386019413636,0.0016697812956324,45,0.7,45,20,740,2.0,3.0,3.0,2.6666666666666665,Peaking
3238,165,190,3,SVC_sigmoid,WBL4,3.7000725152564464,0.0324881019368607,0.0013669128169938,45,0.7,45,20,740,1.0,1.0,1.0,1.0,Peaking
3239,165,190,3,SVC_sigmoid,POW4,4.847214184998594,0.0432049796649041,0.002139923507366,45,0.7,45,20,740,4.0,4.0,4.0,4.0,Peaking
3240,172,147,11,MLP,LC-PFN,17.42326021194458,0.0536754317581653,0.0029060442466288,25,0.7,25,3,744,4.0,4.0,4.0,4.0,Peaking
3241,172,147,11,MLP,MMF4,4.341562708334078,0.0150873337704038,0.0002910364310001,25,0.7,25,3,744,3.0,1.0,3.0,2.3333333333333335,Peaking
3242,172,147,11,MLP,WBL4,4.314382546894198,0.0162133333349615,0.0002904277333856,25,0.7,25,3,744,2.0,3.0,2.0,2.3333333333333335,Peaking
3243,172,147,11,MLP,POW4,4.3143824843424,0.016213333088138,0.0002904277252983,25,0.7,25,3,744,1.0,2.0,1.0,1.3333333333333333,Peaking
3244,171,99,13,QDA,LC-PFN,1.9192064180970192,0.0285800825804471,0.0010236996458843,32,0.7,32,14,745,2.0,2.0,2.0,2.0,Peaking
3245,171,99,13,QDA,MMF4,4.301272462730209,0.0623181153711066,0.0045629789698286,32,0.7,32,14,745,3.0,3.0,3.0,3.0,Peaking
3246,171,99,13,QDA,WBL4,4.706633171354109,0.0678851848270837,0.0053202054217477,32,0.7,32,14,745,4.0,4.0,4.0,4.0,Peaking
3247,171,99,13,QDA,POW4,1.4829129351356327,0.0218929314618335,0.0005171675134376,32,0.7,32,14,745,1.0,1.0,1.0,1.0,Peaking
3248,170,228,13,QDA,LC-PFN,18.288877606391907,0.1968890875577926,0.0741894245147705,31,0.7,31,14,746,4.0,4.0,3.0,3.6666666666666665,Peaking
3249,170,228,13,QDA,MMF4,14.676938292915034,0.1694673033211244,0.0710312546711923,31,0.7,31,14,746,2.0,2.0,2.0,2.0,Peaking
3250,170,228,13,QDA,WBL4,15.589265493771393,0.1774062787043897,0.0754335955158469,31,0.7,31,14,746,3.0,3.0,4.0,3.3333333333333335,Peaking
3251,170,228,13,QDA,POW4,13.224321478897986,0.1563599107905119,0.0633589975288689,31,0.7,31,14,746,1.0,1.0,1.0,1.0,Peaking
3252,174,159,13,QDA,LC-PFN,0.5995649378746748,0.0098477005958557,0.0001213044379255,35,0.7,35,16,747,1.0,1.0,1.0,1.0,Peaking
3253,174,159,13,QDA,MMF4,2.606068358127472,0.0445837946161145,0.0027337906354198,35,0.7,35,16,747,3.0,3.0,3.0,3.0,Peaking
3254,174,159,13,QDA,WBL4,3.467098341507055,0.0599184138233102,0.0047562992240641,35,0.7,35,16,747,4.0,4.0,4.0,4.0,Peaking
3255,174,159,13,QDA,POW4,1.2605930128149845,0.020118549321297,0.000572500137285,35,0.7,35,16,747,2.0,2.0,2.0,2.0,Peaking
3256,188,203,9,RidgeClassifier,LC-PFN,1.6311293467879295,0.0233354344964027,0.0007745528127998,42,0.7,42,19,759,1.0,1.0,1.0,1.0,Peaking
3257,188,203,9,RidgeClassifier,MMF4,2.051665199988331,0.0291766120638197,0.001181909105358,42,0.7,42,19,759,3.0,3.0,3.0,3.0,Peaking
3258,188,203,9,RidgeClassifier,WBL4,2.165284279397042,0.0307471696098846,0.0013173859251452,42,0.7,42,19,759,4.0,4.0,4.0,4.0,Peaking
3259,188,203,9,RidgeClassifier,POW4,2.013986554179037,0.0286548502645667,0.0011392253534341,42,0.7,42,19,759,2.0,2.0,2.0,2.0,Peaking
3260,192,145,13,QDA,LC-PFN,3.154236450791359,0.0575016699731349,0.0041303667239844,32,0.7,32,15,765,3.0,3.0,3.0,3.0,Peaking
3261,192,145,13,QDA,MMF4,2.3903906973070392,0.043122186536221,0.0026651094605766,32,0.7,32,15,765,2.0,2.0,2.0,2.0,Peaking
3262,192,145,13,QDA,WBL4,2.3222734492376547,0.0418508583505061,0.002557080833563,32,0.7,32,15,765,1.0,1.0,1.0,1.0,Peaking
3263,192,145,13,QDA,POW4,4.019453911589021,0.0740732403217128,0.006439218703859,32,0.7,32,15,765,4.0,4.0,4.0,4.0,Peaking
3264,199,209,12,LDA,LC-PFN,3.405410796403885,0.0467195697128772,0.002480472670868,27,0.7,27,12,772,2.0,2.0,1.0,1.6666666666666667,Peaking
3265,199,209,12,LDA,MMF4,6.254172233610826,0.0981238392103475,0.0133899339778885,27,0.7,27,12,772,4.0,4.0,4.0,4.0,Peaking
3266,199,209,12,LDA,WBL4,3.337871196715688,0.0459298119576799,0.0028141392461997,27,0.7,27,12,772,1.0,1.0,3.0,1.6666666666666667,Peaking
3267,199,209,12,LDA,POW4,3.7192091356428167,0.0506683197960811,0.0026910787719817,27,0.7,27,12,772,3.0,3.0,2.0,2.6666666666666665,Peaking
3268,33,5,3,SVC_sigmoid,LC-PFN,31.71170949935913,0.1234451159834861,0.0157366637140512,37,0.7,37,17,773,3.0,3.0,3.0,3.0,Peaking
3269,33,5,3,SVC_sigmoid,MMF4,36.22650707988317,0.398032890593979,0.2525036966954635,37,0.7,37,17,773,4.0,4.0,4.0,4.0,Peaking
3270,33,5,3,SVC_sigmoid,WBL4,13.209719595340063,0.0602919843378789,0.0040585138022275,37,0.7,37,17,773,2.0,2.0,2.0,2.0,Peaking
3271,33,5,3,SVC_sigmoid,POW4,10.207198014267968,0.0475955395079358,0.002670358956629,37,0.7,37,17,773,1.0,1.0,1.0,1.0,Peaking
3272,118,215,3,SVC_sigmoid,LC-PFN,0.6177276372909546,0.0093569457530975,0.0001230878697242,36,0.7,36,16,776,2.0,2.0,2.0,2.0,Peaking
3273,118,215,3,SVC_sigmoid,MMF4,14.487911763726444,0.1872919977619764,0.0412936575057132,36,0.7,36,16,776,4.0,4.0,4.0,4.0,Peaking
3274,118,215,3,SVC_sigmoid,WBL4,0.4893386518975577,0.0074202869653183,7.987320125254462e-05,36,0.7,36,16,776,1.0,1.0,1.0,1.0,Peaking
3275,118,215,3,SVC_sigmoid,POW4,1.1816480018949398,0.0177158028012135,0.0004020645504337,36,0.7,36,16,776,3.0,3.0,3.0,3.0,Peaking
3276,13,248,11,MLP,LC-PFN,0.3698152722790837,0.0062144696712493,3.930948150809854e-05,53,0.9,53,6,778,4.0,4.0,4.0,4.0,Peaking
3277,13,248,11,MLP,MMF4,0.0693605718484756,0.0011692072765515,1.5120891486923217e-06,53,0.9,53,6,778,2.0,2.0,2.0,2.0,Peaking
3278,13,248,11,MLP,WBL4,0.2232412404464001,0.00375887530413,1.5500105455321017e-05,53,0.9,53,6,778,3.0,3.0,3.0,3.0,Peaking
3279,13,248,11,MLP,POW4,0.0413694380188991,0.0006969116705106,7.509721269729237e-07,53,0.9,53,6,778,1.0,1.0,1.0,1.0,Peaking
3280,4,162,17,GaussianNB,LC-PFN,1.0604496113955977,0.0209150910377502,0.0004376885772217,45,0.9,45,6,780,4.0,4.0,4.0,4.0,Peaking
3281,4,162,17,GaussianNB,MMF4,0.0412767916112417,0.0008225017105562,9.134761058379708e-07,45,0.9,45,6,780,1.0,1.0,1.0,1.0,Peaking
3282,4,162,17,GaussianNB,WBL4,0.0654730362344849,0.0013042642787722,1.9334374287967736e-06,45,0.9,45,6,780,2.0,2.0,2.0,2.0,Peaking
3283,4,162,17,GaussianNB,POW4,0.0764693590603321,0.0015252661286135,2.8823857582934287e-06,45,0.9,45,6,780,3.0,3.0,3.0,3.0,Peaking
3284,5,226,9,RidgeClassifier,LC-PFN,0.7036722265183926,0.0077804564498364,7.461626955773681e-05,89,0.9,89,10,787,1.0,1.0,1.0,1.0,Peaking
3285,5,226,9,RidgeClassifier,MMF4,3.79945737454805,0.0406387898681471,0.0016857664177714,89,0.9,89,10,787,3.0,3.0,3.0,3.0,Peaking
3286,5,226,9,RidgeClassifier,WBL4,4.660857957923039,0.0494347291520644,0.0024826128015379,89,0.9,89,10,787,4.0,4.0,4.0,4.0,Peaking
3287,5,226,9,RidgeClassifier,POW4,1.4815071871828396,0.0160105082730371,0.0003410041769233,89,0.9,89,10,787,2.0,2.0,2.0,2.0,Peaking
3288,17,42,3,SVC_sigmoid,LC-PFN,1.479493826627731,0.028283255174756,0.0008106129243969,62,0.9,62,7,792,3.0,3.0,3.0,3.0,Peaking
3289,17,42,3,SVC_sigmoid,MMF4,0.7373450032855918,0.0140077228455247,0.0002030352214195,62,0.9,62,7,792,1.0,1.0,1.0,1.0,Peaking
3290,17,42,3,SVC_sigmoid,WBL4,0.9222122799703928,0.0172236010028893,0.0003101412967412,62,0.9,62,7,792,2.0,2.0,2.0,2.0,Peaking
3291,17,42,3,SVC_sigmoid,POW4,10.81841535246632,0.1838547986269549,0.0338474722431135,62,0.9,62,7,792,4.0,4.0,4.0,4.0,Peaking
3292,27,136,17,GaussianNB,LC-PFN,0.3518798388540745,0.0068884566426277,4.773068212671205e-05,69,0.9,69,8,798,4.0,4.0,4.0,4.0,Peaking
3293,27,136,17,GaussianNB,MMF4,0.0693477531808295,0.0013630951304504,2.1696132541245485e-06,69,0.9,69,8,798,2.0,2.0,2.0,2.0,Peaking
3294,27,136,17,GaussianNB,WBL4,0.0542663725613444,0.0010664609131012,1.4494935621478636e-06,69,0.9,69,8,798,1.0,1.0,1.0,1.0,Peaking
3295,27,136,17,GaussianNB,POW4,0.1658183185019575,0.0032626873852002,1.0917834341903872e-05,69,0.9,69,8,798,3.0,3.0,3.0,3.0,Peaking
3296,24,191,3,SVC_sigmoid,LC-PFN,5.547769740223885,0.0321767926216125,0.0021828070748597,25,0.9,25,3,799,1.0,1.0,3.0,1.6666666666666667,Peaking
3297,24,191,3,SVC_sigmoid,MMF4,6.232353483586075,0.0366900182337033,0.0013552847163207,25,0.9,25,3,799,2.0,2.0,1.0,1.6666666666666667,Peaking
3298,24,191,3,SVC_sigmoid,WBL4,12.19402381367746,0.0786388988524611,0.0076042613816982,25,0.9,25,3,799,4.0,4.0,4.0,4.0,Peaking
3299,24,191,3,SVC_sigmoid,POW4,7.081643108235605,0.0420559221229296,0.0020857425615763,25,0.9,25,3,799,3.0,3.0,2.0,2.6666666666666665,Peaking
3300,30,20,11,MLP,LC-PFN,0.7448308169841766,0.0101238964125514,0.0002377525961492,38,0.9,38,5,802,1.0,1.0,4.0,2.0,Peaking
3301,30,20,11,MLP,MMF4,0.7997305163410481,0.0108719307522302,0.0001851783578599,38,0.9,38,5,802,3.0,3.0,1.0,2.3333333333333335,Peaking
3302,30,20,11,MLP,WBL4,0.8293102103291742,0.011275128851017,0.000185196215645,38,0.9,38,5,802,4.0,4.0,2.0,3.3333333333333335,Peaking
3303,30,20,11,MLP,POW4,0.7945087335919745,0.0108006405703628,0.0001859955013807,38,0.9,38,5,802,2.0,2.0,3.0,2.3333333333333335,Peaking
3304,38,179,9,RidgeClassifier,LC-PFN,0.1874273410066962,0.0036473423242568,1.3597576980828308e-05,68,0.9,68,8,807,3.0,3.0,2.0,2.6666666666666665,Peaking
3305,38,179,9,RidgeClassifier,MMF4,0.0429799217151196,0.0008345396431361,8.806378690684148e-07,68,0.9,68,8,807,1.0,1.0,1.0,1.0,Peaking
3306,38,179,9,RidgeClassifier,WBL4,0.3068721209403954,0.0059424557006866,3.544515581860533e-05,68,0.9,68,8,807,4.0,4.0,4.0,4.0,Peaking
3307,38,179,9,RidgeClassifier,POW4,0.1647817774413723,0.0032073081389488,1.4958442178408595e-05,68,0.9,68,8,807,2.0,2.0,3.0,2.3333333333333335,Peaking
3308,37,130,11,MLP,LC-PFN,2.1480198949575424,0.035802774131298,0.0020337577443569,62,0.9,62,7,811,4.0,4.0,4.0,4.0,Peaking
3309,37,130,11,MLP,MMF4,1.4272866541607103,0.023490922125403,0.0014150264138793,62,0.9,62,7,811,3.0,3.0,3.0,3.0,Peaking
3310,37,130,11,MLP,WBL4,1.0814814956411556,0.0176272233590689,0.0009010978106073,62,0.9,62,7,811,1.0,1.0,1.0,1.0,Peaking
3311,37,130,11,MLP,POW4,1.128866138047231,0.0184209887293167,0.0009634293475216,62,0.9,62,7,811,2.0,2.0,2.0,2.0,Peaking
3312,36,72,13,QDA,LC-PFN,1.5267214737832546,0.0174421370029449,0.0003174590237904,68,0.9,68,8,812,1.0,1.0,1.0,1.0,Peaking
3313,36,72,13,QDA,MMF4,1.6449123671467982,0.0194014797089297,0.0003778486716841,68,0.9,68,8,812,2.0,2.0,2.0,2.0,Peaking
3314,36,72,13,QDA,WBL4,5.579298267586997,0.0685310402775195,0.0047004112383105,68,0.9,68,8,812,4.0,4.0,4.0,4.0,Peaking
3315,36,72,13,QDA,POW4,5.403018581179107,0.0662420286320926,0.0043923819038185,68,0.9,68,8,812,3.0,3.0,3.0,3.0,Peaking
3316,51,2,9,RidgeClassifier,LC-PFN,0.1753944088704884,0.0030195266008377,1.2915494153276086e-05,36,0.9,36,4,820,1.0,1.0,1.0,1.0,Peaking
3317,51,2,9,RidgeClassifier,MMF4,0.3057906756326439,0.0052711380053623,3.193919055645971e-05,36,0.9,36,4,820,3.0,3.0,3.0,3.0,Peaking
3318,51,2,9,RidgeClassifier,WBL4,0.2608271392042752,0.0044936825242752,2.4378815201417485e-05,36,0.9,36,4,820,2.0,2.0,2.0,2.0,Peaking
3319,51,2,9,RidgeClassifier,POW4,0.6618394849370369,0.0114524000630761,0.0001350077979351,36,0.9,36,4,820,4.0,4.0,4.0,4.0,Peaking
3320,48,71,12,LDA,LC-PFN,1.458162907510996,0.0279339551925659,0.0007810207898728,55,0.9,55,7,823,4.0,4.0,4.0,4.0,Peaking
3321,48,71,12,LDA,MMF4,0.2669694702477395,0.0050529247761557,2.621546729619417e-05,55,0.9,55,7,823,2.0,2.0,2.0,2.0,Peaking
3322,48,71,12,LDA,WBL4,0.1978417195201849,0.0037418366891129,1.47084522042087e-05,55,0.9,55,7,823,1.0,1.0,1.0,1.0,Peaking
3323,48,71,12,LDA,POW4,0.3167152096111075,0.0059975411746241,3.66612844539865e-05,55,0.9,55,7,823,3.0,3.0,3.0,3.0,Peaking
3324,59,141,11,MLP,LC-PFN,1.268978230655193,0.0184208825230598,0.0006831619539298,65,0.9,65,8,831,2.0,2.0,1.0,1.6666666666666667,Peaking
3325,59,141,11,MLP,MMF4,1.32176376836584,0.0192032767639989,0.0007450398126688,65,0.9,65,8,831,3.0,3.0,3.0,3.0,Peaking
3326,59,141,11,MLP,WBL4,1.256327672276837,0.0182351996048809,0.0006956043715639,65,0.9,65,8,831,1.0,1.0,2.0,1.3333333333333333,Peaking
3327,59,141,11,MLP,POW4,2.415355362754175,0.0358014462191185,0.0019415469411803,65,0.9,65,8,831,4.0,4.0,4.0,4.0,Peaking
3328,67,11,9,RidgeClassifier,LC-PFN,1.542268693447113,0.0157460682094097,0.0002620063023641,45,0.9,45,5,838,4.0,4.0,4.0,4.0,Peaking
3329,67,11,9,RidgeClassifier,MMF4,0.7485255646985082,0.007819990109997,7.160369833424485e-05,45,0.9,45,5,838,2.0,2.0,2.0,2.0,Peaking
3330,67,11,9,RidgeClassifier,WBL4,0.5776791046934611,0.0060230683594311,4.359385606788725e-05,45,0.9,45,5,838,1.0,1.0,1.0,1.0,Peaking
3331,67,11,9,RidgeClassifier,POW4,0.8786398577406386,0.0091925083894174,9.687293475045704e-05,45,0.9,45,5,838,3.0,3.0,3.0,3.0,Peaking
3332,68,209,11,MLP,LC-PFN,4.008664190769196,0.0396451503038406,0.0016677136300131,35,0.9,35,4,845,4.0,4.0,4.0,4.0,Peaking
3333,68,209,11,MLP,MMF4,1.003046653586656,0.0102536408153728,0.0001177927689971,35,0.9,35,4,845,3.0,3.0,3.0,3.0,Peaking
3334,68,209,11,MLP,WBL4,0.8036829096706702,0.0082286674130732,7.351016146287773e-05,35,0.9,35,4,845,1.0,1.0,1.0,1.0,Peaking
3335,68,209,11,MLP,POW4,0.9895808060597258,0.01011776108977,0.0001137215434127,35,0.9,35,4,845,2.0,2.0,2.0,2.0,Peaking
3336,76,91,9,RidgeClassifier,LC-PFN,0.4069192335009575,0.0068259835243225,4.93596562591847e-05,72,0.9,72,9,847,4.0,4.0,4.0,4.0,Peaking
3337,76,91,9,RidgeClassifier,MMF4,0.0652063287214448,0.0010979618599648,1.280617103446119e-06,72,0.9,72,9,847,2.0,2.0,2.0,2.0,Peaking
3338,76,91,9,RidgeClassifier,WBL4,0.1656166679105631,0.0027858198194307,7.85379558174956e-06,72,0.9,72,9,847,3.0,3.0,3.0,3.0,Peaking
3339,76,91,9,RidgeClassifier,POW4,0.0158857669776846,0.0002676532490914,1.1007495400603622e-07,72,0.9,72,9,847,1.0,1.0,1.0,1.0,Peaking
3340,81,86,11,MLP,LC-PFN,0.365872448310256,0.006640919484198,4.7635210648877546e-05,63,0.9,63,7,852,4.0,4.0,4.0,4.0,Peaking
3341,81,86,11,MLP,MMF4,0.1243514666647531,0.0022563218768746,6.184449324892127e-06,63,0.9,63,7,852,1.0,1.0,1.0,1.0,Peaking
3342,81,86,11,MLP,WBL4,0.3342636610296329,0.0060828645537336,4.33942525507898e-05,63,0.9,63,7,852,3.0,3.0,3.0,3.0,Peaking
3343,81,86,11,MLP,POW4,0.261504956668733,0.0047173466637248,2.38367065433472e-05,63,0.9,63,7,852,2.0,2.0,2.0,2.0,Peaking
3344,85,226,12,LDA,LC-PFN,0.5230666138231754,0.006341147236526,4.749104846268892e-05,89,0.9,89,10,856,1.0,1.0,1.0,1.0,Peaking
3345,85,226,12,LDA,MMF4,5.850960998825511,0.0759166961389448,0.006109615166886,89,0.9,89,10,856,4.0,4.0,4.0,4.0,Peaking
3346,85,226,12,LDA,WBL4,1.2701490697505222,0.0156177801472285,0.0002457239055632,89,0.9,89,10,856,3.0,3.0,3.0,3.0,Peaking
3347,85,226,12,LDA,POW4,0.8182288849513688,0.0097595789579396,0.0001431651247185,89,0.9,89,10,856,2.0,2.0,2.0,2.0,Peaking
3348,80,112,17,GaussianNB,LC-PFN,0.1869881758466363,0.0025807172060012,9.85222231975058e-06,63,0.9,63,8,858,4.0,4.0,4.0,4.0,Peaking
3349,80,112,17,GaussianNB,MMF4,0.0012177586558402,1.684597089855744e-05,2.83786735515044e-10,63,0.9,63,8,858,1.0,1.0,1.0,1.0,Peaking
3350,80,112,17,GaussianNB,WBL4,0.1009566955797356,0.0013979876352668,1.9543694283608487e-06,63,0.9,63,8,858,3.0,3.0,3.0,3.0,Peaking
3351,80,112,17,GaussianNB,POW4,0.1009552496428708,0.0013979675925681,1.9543133898708204e-06,63,0.9,63,8,858,2.0,2.0,2.0,2.0,Peaking
3352,92,74,13,QDA,LC-PFN,0.3530191956087947,0.0059282877482473,3.760087565751746e-05,53,0.9,53,6,864,1.0,1.0,1.0,1.0,Peaking
3353,92,74,13,QDA,MMF4,0.5028769015442877,0.0084351649645897,7.161518196308007e-05,53,0.9,53,6,864,2.0,2.0,2.0,2.0,Peaking
3354,92,74,13,QDA,WBL4,0.6430999184607592,0.010772134083903,0.0001165042922227,53,0.9,53,6,864,3.0,3.0,3.0,3.0,Peaking
3355,92,74,13,QDA,POW4,0.9968349680904064,0.0169735250952794,0.0002885387112422,53,0.9,53,6,864,4.0,4.0,4.0,4.0,Peaking
3356,95,178,3,SVC_sigmoid,LC-PFN,9.081769734621048,0.0640031918883323,0.004190428648144,60,0.9,60,7,865,4.0,4.0,4.0,4.0,Peaking
3357,95,178,3,SVC_sigmoid,MMF4,2.509230927747723,0.0197285948523622,0.000425879100483,60,0.9,60,7,865,2.0,2.0,2.0,2.0,Peaking
3358,95,178,3,SVC_sigmoid,WBL4,2.4999922571982003,0.0196539140230133,0.000422937773572,60,0.9,60,7,865,1.0,1.0,1.0,1.0,Peaking
3359,95,178,3,SVC_sigmoid,POW4,2.8786185013901004,0.0227261909498452,0.0005533734113527,60,0.9,60,7,865,3.0,3.0,3.0,3.0,Peaking
3360,98,131,3,SVC_sigmoid,LC-PFN,1.6101207584142685,0.0306325405836105,0.0009389988263137,63,0.9,63,8,867,4.0,4.0,4.0,4.0,Peaking
3361,98,131,3,SVC_sigmoid,MMF4,0.0003359422953854,6.28819845405193e-06,3.15497591134913e-10,63,0.9,63,8,867,2.0,2.0,1.0,1.6666666666666667,Peaking
3362,98,131,3,SVC_sigmoid,WBL4,0.0009702976942296,1.8162514700090227e-05,6.217091720051576e-10,63,0.9,63,8,867,3.0,3.0,3.0,3.0,Peaking
3363,98,131,3,SVC_sigmoid,POW4,0.0003356345345243,6.282437603796764e-06,3.156633454009086e-10,63,0.9,63,8,867,1.0,1.0,2.0,1.3333333333333333,Peaking
3364,110,192,9,RidgeClassifier,LC-PFN,1.1307592503726482,0.0182642545551061,0.0004144751874264,45,0.9,45,6,880,1.0,1.0,1.0,1.0,Peaking
3365,110,192,9,RidgeClassifier,MMF4,6.132888773449715,0.093985222312287,0.0089396438588758,45,0.9,45,6,880,4.0,4.0,4.0,4.0,Peaking
3366,110,192,9,RidgeClassifier,WBL4,5.74041906137052,0.0883013840946444,0.0078953856683937,45,0.9,45,6,880,2.0,2.0,2.0,2.0,Peaking
3367,110,192,9,RidgeClassifier,POW4,5.966080194488721,0.0915724985313641,0.0084812523441652,45,0.9,45,6,880,3.0,3.0,3.0,3.0,Peaking
3368,115,92,17,GaussianNB,LC-PFN,0.8607269264757633,0.0147637920454144,0.000240155524807,72,0.9,72,9,884,1.0,1.0,1.0,1.0,Peaking
3369,115,92,17,GaussianNB,MMF4,2.8914339071261823,0.0507449587853515,0.0026655219117915,72,0.9,72,9,884,4.0,4.0,4.0,4.0,Peaking
3370,115,92,17,GaussianNB,WBL4,1.7529646587211556,0.0303638880617685,0.0009488737657733,72,0.9,72,9,884,3.0,3.0,3.0,3.0,Peaking
3371,115,92,17,GaussianNB,POW4,0.9398170165168432,0.0161715210696516,0.0003068391295965,72,0.9,72,9,884,2.0,2.0,2.0,2.0,Peaking
3372,119,73,3,SVC_sigmoid,LC-PFN,1.783786155283451,0.022131809964776,0.0005417342181317,63,0.9,63,7,889,2.0,2.0,2.0,2.0,Peaking
3373,119,73,3,SVC_sigmoid,MMF4,0.577465309316138,0.0072934879007678,7.483154712930447e-05,63,0.9,63,7,889,1.0,1.0,1.0,1.0,Peaking
3374,119,73,3,SVC_sigmoid,WBL4,5.357534147942722,0.0713425388226768,0.0051337968277287,63,0.9,63,7,889,4.0,4.0,4.0,4.0,Peaking
3375,119,73,3,SVC_sigmoid,POW4,5.357534147909813,0.0713425388222135,0.0051337968276624,63,0.9,63,7,889,3.0,3.0,3.0,3.0,Peaking
3376,118,215,3,SVC_sigmoid,LC-PFN,1.4049789868295193,0.0215171966701746,0.0005046185688115,46,0.9,46,6,890,2.0,2.0,2.0,2.0,Peaking
3377,118,215,3,SVC_sigmoid,MMF4,2.679375176818057,0.0416418344130944,0.0019113384749369,46,0.9,46,6,890,4.0,4.0,4.0,4.0,Peaking
3378,118,215,3,SVC_sigmoid,WBL4,0.9598438816550808,0.014626910900951,0.000234764840752,46,0.9,46,6,890,1.0,1.0,1.0,1.0,Peaking
3379,118,215,3,SVC_sigmoid,POW4,1.682506847421011,0.0258682279258875,0.0007741917631393,46,0.9,46,6,890,3.0,3.0,3.0,3.0,Peaking
3380,111,256,17,GaussianNB,LC-PFN,3.699764236807823,0.0354177728295326,0.001255668932572,88,0.9,88,10,891,4.0,4.0,4.0,4.0,Peaking
3381,111,256,17,GaussianNB,MMF4,0.6456838388329089,0.0064516027759393,4.1818506378508005e-05,88,0.9,88,10,891,3.0,3.0,3.0,3.0,Peaking
3382,111,256,17,GaussianNB,WBL4,0.3678317228918226,0.0036649999520926,1.3627552648799187e-05,88,0.9,88,10,891,1.0,1.0,1.0,1.0,Peaking
3383,111,256,17,GaussianNB,POW4,0.6454862339624122,0.006449615441032,4.1792816141143934e-05,88,0.9,88,10,891,2.0,2.0,2.0,2.0,Peaking
3384,125,56,11,MLP,LC-PFN,0.1676894724369049,0.0030105013865977,1.2895880900032353e-05,53,0.9,53,6,897,1.0,1.0,1.0,1.0,Peaking
3385,125,56,11,MLP,MMF4,0.8455955973720798,0.0150727247930421,0.0002412392224467,53,0.9,53,6,897,3.0,3.0,3.0,3.0,Peaking
3386,125,56,11,MLP,WBL4,1.0652259986166563,0.0189443346181807,0.0003825798318081,53,0.9,53,6,897,4.0,4.0,4.0,4.0,Peaking
3387,125,56,11,MLP,POW4,0.3224821653031505,0.0058053196563733,3.5522967259366206e-05,53,0.9,53,6,897,2.0,2.0,2.0,2.0,Peaking
3388,134,181,11,MLP,LC-PFN,6.27802386879921,0.0726683363318443,0.0053706797771155,43,0.9,43,5,906,4.0,4.0,4.0,4.0,Peaking
3389,134,181,11,MLP,MMF4,2.5138320376303875,0.0302281665700639,0.0010298937412397,43,0.9,43,5,906,2.0,2.0,2.0,2.0,Peaking
3390,134,181,11,MLP,WBL4,2.663870722368796,0.031979996860881,0.0011391063620028,43,0.9,43,5,906,3.0,3.0,3.0,3.0,Peaking
3391,134,181,11,MLP,POW4,1.9509909172837123,0.0236100697116955,0.000667231838203,43,0.9,43,5,906,1.0,1.0,1.0,1.0,Peaking
3392,135,236,17,GaussianNB,LC-PFN,0.1918956520967185,0.0027476649265736,1.048113790602656e-05,49,0.9,49,6,908,2.0,2.0,2.0,2.0,Peaking
3393,135,236,17,GaussianNB,MMF4,0.2569324889522132,0.0036978532248111,1.4281978423578606e-05,49,0.9,49,6,908,3.0,3.0,3.0,3.0,Peaking
3394,135,236,17,GaussianNB,WBL4,0.1160185632880536,0.0016671769955649,3.413308468387024e-06,49,0.9,49,6,908,1.0,1.0,1.0,1.0,Peaking
3395,135,236,17,GaussianNB,POW4,2.164208685697868,0.0317600549587081,0.0010104685846664,49,0.9,49,6,908,4.0,4.0,4.0,4.0,Peaking
3396,145,122,17,GaussianNB,LC-PFN,0.0907699461095035,0.0017682239413261,3.243058472435223e-06,72,0.9,72,8,914,2.0,2.0,2.0,2.0,Peaking
3397,145,122,17,GaussianNB,MMF4,0.0415203295987902,0.0008078073993505,7.229971034100818e-07,72,0.9,72,8,914,1.0,1.0,1.0,1.0,Peaking
3398,145,122,17,GaussianNB,WBL4,0.105615605133645,0.0020534568308628,4.284701931525757e-06,72,0.9,72,8,914,3.0,3.0,3.0,3.0,Peaking
3399,145,122,17,GaussianNB,POW4,0.1217534393391802,0.002372570785701,5.903588651864209e-06,72,0.9,72,8,914,4.0,4.0,4.0,4.0,Peaking
3400,153,22,9,RidgeClassifier,LC-PFN,0.2920550992712378,0.005200786050409,3.2235759135801345e-05,56,0.9,56,7,924,3.0,3.0,3.0,3.0,Peaking
3401,153,22,9,RidgeClassifier,MMF4,0.1182423954122926,0.0021009238248359,4.671356014197392e-06,56,0.9,56,7,924,2.0,2.0,2.0,2.0,Peaking
3402,153,22,9,RidgeClassifier,WBL4,0.0293715039698813,0.000521164294223,3.195033687966676e-07,56,0.9,56,7,924,1.0,1.0,1.0,1.0,Peaking
3403,153,22,9,RidgeClassifier,POW4,0.4391214653706247,0.0078278617687521,6.234115585352361e-05,56,0.9,56,7,924,4.0,4.0,4.0,4.0,Peaking
3404,154,219,11,MLP,LC-PFN,0.3324344521388411,0.0047520897351205,3.363989890203811e-05,53,0.9,53,6,925,2.0,2.0,2.0,2.0,Peaking
3405,154,219,11,MLP,MMF4,0.1495290740443745,0.0021300605330191,6.597474675867074e-06,53,0.9,53,6,925,1.0,1.0,1.0,1.0,Peaking
3406,154,219,11,MLP,WBL4,0.7387518964828903,0.0104505816720688,0.0001166734316423,53,0.9,53,6,925,3.0,3.0,3.0,3.0,Peaking
3407,154,219,11,MLP,POW4,2.436981964261581,0.035603398219144,0.001306243384102,53,0.9,53,6,925,4.0,4.0,4.0,4.0,Peaking
3408,155,224,12,LDA,LC-PFN,0.8513459004461765,0.0167539212852716,0.0002806983247864,58,0.9,58,7,926,4.0,4.0,4.0,4.0,Peaking
3409,155,224,12,LDA,MMF4,0.077937049154089,0.0015456036090228,2.391990279489744e-06,58,0.9,58,7,926,1.0,1.0,1.0,1.0,Peaking
3410,155,224,12,LDA,WBL4,0.0794404042388262,0.0015753936038808,2.484964770414052e-06,58,0.9,58,7,926,2.0,2.0,2.0,2.0,Peaking
3411,155,224,12,LDA,POW4,0.1100433689551538,0.0021864281259006,4.800163461284192e-06,58,0.9,58,7,926,3.0,3.0,3.0,3.0,Peaking
3412,158,120,9,RidgeClassifier,LC-PFN,1.15273455157876,0.0227565076202154,0.0005178588326089,48,0.9,48,6,928,4.0,4.0,4.0,4.0,Peaking
3413,158,120,9,RidgeClassifier,MMF4,0.0826811479875278,0.001649686666423,2.7214881697171907e-06,48,0.9,48,6,928,2.0,2.0,2.0,2.0,Peaking
3414,158,120,9,RidgeClassifier,WBL4,0.1169161935974258,0.0023319600403434,5.43803762975857e-06,48,0.9,48,6,928,3.0,3.0,3.0,3.0,Peaking
3415,158,120,9,RidgeClassifier,POW4,0.0287008459285112,0.0005732894164838,3.304074464585931e-07,48,0.9,48,6,928,1.0,1.0,1.0,1.0,Peaking
3416,156,62,13,QDA,LC-PFN,17.466790974140167,0.0534275583922863,0.0028946492820978,38,0.9,38,5,929,4.0,4.0,4.0,4.0,Peaking
3417,156,62,13,QDA,MMF4,1.368754011991255,0.0048981903942312,4.216293841613582e-05,38,0.9,38,5,929,1.0,1.0,1.0,1.0,Peaking
3418,156,62,13,QDA,WBL4,1.4169976814627971,0.005072443644637,4.416477251269712e-05,38,0.9,38,5,929,2.0,2.0,2.0,2.0,Peaking
3419,156,62,13,QDA,POW4,1.5767251511370854,0.0056536391885228,5.065150547163269e-05,38,0.9,38,5,929,3.0,3.0,3.0,3.0,Peaking
3420,172,147,11,MLP,LC-PFN,17.42326021194458,0.0536754317581653,0.0029060442466288,25,0.9,25,3,938,4.0,4.0,4.0,4.0,Peaking
3421,172,147,11,MLP,MMF4,4.341562708334078,0.0150873337704038,0.0002910364310001,25,0.9,25,3,938,3.0,1.0,3.0,2.3333333333333335,Peaking
3422,172,147,11,MLP,WBL4,4.314382546894198,0.0162133333349615,0.0002904277333856,25,0.9,25,3,938,2.0,3.0,2.0,2.3333333333333335,Peaking
3423,172,147,11,MLP,POW4,4.3143824843424,0.016213333088138,0.0002904277252983,25,0.9,25,3,938,1.0,2.0,1.0,1.3333333333333333,Peaking
3424,171,99,13,QDA,LC-PFN,0.1788971363566815,0.0027801990509033,9.109511665883474e-06,41,0.9,41,5,939,1.0,1.0,1.0,1.0,Peaking
3425,171,99,13,QDA,MMF4,1.720633199862277,0.0263047025677707,0.0007003033620951,41,0.9,41,5,939,3.0,3.0,3.0,3.0,Peaking
3426,171,99,13,QDA,WBL4,1.9748375004233925,0.0301159040061513,0.0009197519817588,41,0.9,41,5,939,4.0,4.0,4.0,4.0,Peaking
3427,171,99,13,QDA,POW4,0.6385056746876826,0.0098286163762143,0.0001397996501366,41,0.9,41,5,939,2.0,2.0,2.0,2.0,Peaking
3428,170,228,13,QDA,LC-PFN,60.67320108413696,0.6267117261886597,0.4177272319793701,40,0.9,40,5,940,4.0,4.0,4.0,4.0,Peaking
3429,170,228,13,QDA,MMF4,33.0111537617929,0.420232293264209,0.2030848447982175,40,0.9,40,5,940,2.0,2.0,2.0,2.0,Peaking
3430,170,228,13,QDA,WBL4,33.35175330192238,0.4233501066564019,0.2058576800396291,40,0.9,40,5,940,3.0,3.0,3.0,3.0,Peaking
3431,170,228,13,QDA,POW4,31.35147379765414,0.4048120674406401,0.1896876505221397,40,0.9,40,5,940,1.0,1.0,1.0,1.0,Peaking
3432,174,159,13,QDA,LC-PFN,0.3727753879502415,0.0061907269991934,4.216760862618685e-05,45,0.9,45,6,943,2.0,2.0,1.0,1.6666666666666667,Peaking
3433,174,159,13,QDA,MMF4,1.145268069741603,0.01920156038527,0.0003863557189106,45,0.9,45,6,943,4.0,4.0,4.0,4.0,Peaking
3434,174,159,13,QDA,WBL4,0.3553511253863811,0.0058966304134664,4.428512504982423e-05,45,0.9,45,6,943,1.0,1.0,2.0,1.3333333333333333,Peaking
3435,174,159,13,QDA,POW4,0.5357492768705469,0.0089525203252591,0.00011693242943,45,0.9,45,6,943,3.0,3.0,3.0,3.0,Peaking
3436,188,203,9,RidgeClassifier,LC-PFN,0.2010819502174854,0.0029923233669251,1.1126506251457611e-05,54,0.9,54,7,954,1.0,1.0,1.0,1.0,Peaking
3437,188,203,9,RidgeClassifier,MMF4,1.3128328110671743,0.0192712341278798,0.0003764513589334,54,0.9,54,7,954,3.0,3.0,3.0,3.0,Peaking
3438,188,203,9,RidgeClassifier,WBL4,1.2435617708970812,0.0182660630778229,0.0003382725727485,54,0.9,54,7,954,2.0,2.0,2.0,2.0,Peaking
3439,188,203,9,RidgeClassifier,POW4,1.6361748620044452,0.0239429945554577,0.0005805153392311,54,0.9,54,7,954,4.0,4.0,4.0,4.0,Peaking
3440,192,145,13,QDA,LC-PFN,0.7377129048109055,0.0128909470513463,0.0002443019184283,42,0.9,42,5,958,1.0,1.0,1.0,1.0,Peaking
3441,192,145,13,QDA,MMF4,1.6019394027541565,0.0283314424883251,0.0010945822288713,42,0.9,42,5,958,2.0,2.0,2.0,2.0,Peaking
3442,192,145,13,QDA,WBL4,2.619610307518592,0.0469234564749454,0.002494585167556,42,0.9,42,5,958,3.0,3.0,3.0,3.0,Peaking
3443,192,145,13,QDA,POW4,3.2229936683926472,0.0581313842437048,0.0036664667384584,42,0.9,42,5,958,4.0,4.0,4.0,4.0,Peaking
3444,199,209,12,LDA,LC-PFN,0.6122332066297531,0.0089754909276962,0.0001134963677031,35,0.9,35,4,965,1.0,1.0,1.0,1.0,Peaking
3445,199,209,12,LDA,MMF4,1.4536940391768578,0.0210903234115105,0.0005807759490131,35,0.9,35,4,965,2.0,2.0,2.0,2.0,Peaking
3446,199,209,12,LDA,WBL4,1.809937467612612,0.0261417716985783,0.0008422355224232,35,0.9,35,4,965,4.0,4.0,4.0,4.0,Peaking
3447,199,209,12,LDA,POW4,1.636430152880671,0.0236503202525656,0.0005909143250795,35,0.9,35,4,965,3.0,3.0,3.0,3.0,Peaking
3448,43,66,12,LDA,LC-PFN,1.8981099128723145,0.0236510038375854,0.0005795311881229,41,0.9,41,5,966,2.0,2.0,2.0,2.0,Peaking
3449,43,66,12,LDA,MMF4,2.810100155764049,0.0346893007262354,0.001225481641489,41,0.9,41,5,966,4.0,4.0,4.0,4.0,Peaking
3450,43,66,12,LDA,WBL4,2.448089263810397,0.0303391485299741,0.0009740026989559,41,0.9,41,5,966,3.0,3.0,3.0,3.0,Peaking
3451,43,66,12,LDA,POW4,0.3981678785009364,0.0050279344699746,3.140418971834272e-05,41,0.9,41,5,966,1.0,1.0,1.0,1.0,Peaking
3452,33,5,3,SVC_sigmoid,LC-PFN,9.947451204061508,0.0456956140697002,0.0027642527129501,48,0.9,48,6,967,2.0,2.0,2.0,2.0,Peaking
3453,33,5,3,SVC_sigmoid,MMF4,20.944684890754548,0.1316434677288146,0.0208855237186133,48,0.9,48,6,967,4.0,4.0,4.0,4.0,Peaking
3454,33,5,3,SVC_sigmoid,WBL4,5.167976849034139,0.025477392561533,0.0012566805474359,48,0.9,48,6,967,1.0,1.0,1.0,1.0,Peaking
3455,33,5,3,SVC_sigmoid,POW4,10.329481226068618,0.0557196163457206,0.0044615840868697,48,0.9,48,6,967,3.0,3.0,3.0,3.0,Peaking
3456,165,190,3,SVC_sigmoid,LC-PFN,3.709749504923821,0.0310627948492765,0.0011136452667415,58,0.9,58,7,968,4.0,4.0,4.0,4.0,Peaking
3457,165,190,3,SVC_sigmoid,MMF4,1.5832107516090417,0.0137900144273948,0.0002616274688174,58,0.9,58,7,968,1.0,1.0,1.0,1.0,Peaking
3458,165,190,3,SVC_sigmoid,WBL4,1.6338075911058685,0.0142404498205438,0.0002771551558118,58,0.9,58,7,968,3.0,3.0,3.0,3.0,Peaking
3459,165,190,3,SVC_sigmoid,POW4,1.6134212648636186,0.0140588992859853,0.0002703181134735,58,0.9,58,7,968,2.0,2.0,2.0,2.0,Peaking
3460,8,206,19,NearestCentroid,LC-PFN,1.1523576453328133,0.0212804805487394,0.0004915678291581,25,0.1,25,49,2,4.0,4.0,4.0,4.0,Dipping
3461,8,206,19,NearestCentroid,MMF4,0.7042245240126637,0.0127470626640126,0.0001757003097797,25,0.1,25,49,2,1.0,1.0,1.0,1.0,Dipping
3462,8,206,19,NearestCentroid,WBL4,0.9454908491525704,0.0170701565200976,0.0003118132985522,25,0.1,25,49,2,3.0,3.0,3.0,3.0,Dipping
3463,8,206,19,NearestCentroid,POW4,0.7226373825489791,0.0132937742356594,0.0002017442491205,25,0.1,25,49,2,2.0,2.0,2.0,2.0,Dipping
3464,9,248,19,NearestCentroid,LC-PFN,0.2597756450995803,0.0041713486425578,3.1235340429702774e-05,25,0.1,25,34,10,1.0,1.0,1.0,1.0,Dipping
3465,9,248,19,NearestCentroid,MMF4,1.1114481756052326,0.0175623677364718,0.0003649433176347,25,0.1,25,34,10,3.0,3.0,3.0,3.0,Dipping
3466,9,248,19,NearestCentroid,WBL4,1.3757971207857205,0.0216732858983914,0.0005406920576437,25,0.1,25,34,10,4.0,4.0,4.0,4.0,Dipping
3467,9,248,19,NearestCentroid,POW4,0.3978665857754067,0.0063613194590426,4.3641710620199225e-05,25,0.1,25,34,10,2.0,2.0,2.0,2.0,Dipping
3468,3,183,19,NearestCentroid,LC-PFN,8.907739818096161,0.0281346663832664,0.0009577943128533,25,0.1,25,81,12,3.0,3.0,3.0,3.0,Dipping
3469,3,183,19,NearestCentroid,MMF4,27.576500584761632,0.0717896640890537,0.007010132957936,25,0.1,25,81,12,4.0,4.0,4.0,4.0,Dipping
3470,3,183,19,NearestCentroid,WBL4,5.999723295136937,0.0197887367885971,0.0004479836588994,25,0.1,25,81,12,2.0,2.0,2.0,2.0,Dipping
3471,3,183,19,NearestCentroid,POW4,5.999723292922377,0.0197887367813005,0.0004479836588294,25,0.1,25,81,12,1.0,1.0,1.0,1.0,Dipping
3472,4,162,17,GaussianNB,LC-PFN,1.018266286700964,0.0200704652816057,0.0004037608159705,25,0.1,25,26,15,4.0,4.0,4.0,4.0,Dipping
3473,4,162,17,GaussianNB,MMF4,0.2956990969936263,0.0058707598095697,3.547003721002543e-05,25,0.1,25,26,15,2.0,2.0,2.0,2.0,Dipping
3474,4,162,17,GaussianNB,WBL4,0.3818142538909007,0.007573810985197,5.853618326680008e-05,25,0.1,25,26,15,3.0,3.0,3.0,3.0,Dipping
3475,4,162,17,GaussianNB,POW4,0.0939322366359067,0.0018657357412068,6.667904906308489e-06,25,0.1,25,26,15,1.0,1.0,1.0,1.0,Dipping
3476,27,136,17,GaussianNB,LC-PFN,0.3611404448747635,0.0070720990188419,5.523602521861904e-05,25,0.1,25,52,25,1.0,1.0,1.0,1.0,Dipping
3477,27,136,17,GaussianNB,MMF4,0.5954132878513422,0.0117904470201247,0.0001761460982275,25,0.1,25,52,25,3.0,3.0,3.0,3.0,Dipping
3478,27,136,17,GaussianNB,WBL4,0.7011660633915262,0.0138925680044723,0.0002209853347146,25,0.1,25,52,25,4.0,4.0,4.0,4.0,Dipping
3479,27,136,17,GaussianNB,POW4,0.4582125729703115,0.0090616193674344,0.0001205234515752,25,0.1,25,52,25,2.0,2.0,2.0,2.0,Dipping
3480,24,191,3,SVC_sigmoid,LC-PFN,5.547769740223885,0.0321767926216125,0.0021828070748597,25,0.1,25,3,28,1.0,1.0,3.0,1.6666666666666667,Dipping
3481,24,191,3,SVC_sigmoid,MMF4,6.232353483586075,0.0366900182337033,0.0013552847163207,25,0.1,25,3,28,2.0,2.0,1.0,1.6666666666666667,Dipping
3482,24,191,3,SVC_sigmoid,WBL4,12.19402381367746,0.0786388988524611,0.0076042613816982,25,0.1,25,3,28,4.0,4.0,4.0,4.0,Dipping
3483,24,191,3,SVC_sigmoid,POW4,7.081643108235605,0.0420559221229296,0.0020857425615763,25,0.1,25,3,28,3.0,3.0,2.0,2.6666666666666665,Dipping
3484,33,5,3,SVC_sigmoid,LC-PFN,23.756229877471924,0.0876493379473686,0.010482563637197,25,0.1,25,29,31,1.0,1.0,1.0,1.0,Dipping
3485,33,5,3,SVC_sigmoid,MMF4,28.20535703982488,0.0994052941456865,0.0128757592695787,25,0.1,25,29,31,4.0,4.0,4.0,4.0,Dipping
3486,33,5,3,SVC_sigmoid,WBL4,27.7788925949979,0.0983261302113467,0.0126623746475788,25,0.1,25,29,31,2.0,2.0,2.0,2.0,Dipping
3487,33,5,3,SVC_sigmoid,POW4,27.77889266421372,0.0983261303868212,0.012662374681625,25,0.1,25,29,31,3.0,3.0,3.0,3.0,Dipping
3488,40,111,19,NearestCentroid,LC-PFN,0.9291650727391244,0.0117601156234741,0.0001469669077778,25,0.1,25,21,37,2.0,2.0,2.0,2.0,Dipping
3489,40,111,19,NearestCentroid,MMF4,0.9668449693937848,0.012358185587254,0.0002510251723316,25,0.1,25,21,37,3.0,3.0,3.0,3.0,Dipping
3490,40,111,19,NearestCentroid,WBL4,1.4415703638455315,0.01829247649715,0.00048537545115,25,0.1,25,21,37,4.0,4.0,4.0,4.0,Dipping
3491,40,111,19,NearestCentroid,POW4,0.4937542674471414,0.0063540367452534,7.268607148168986e-05,25,0.1,25,21,37,1.0,1.0,1.0,1.0,Dipping
3492,43,66,12,LDA,LC-PFN,7.081951946020126,0.0795904994010925,0.006593192461878,25,0.1,25,21,44,4.0,4.0,4.0,4.0,Dipping
3493,43,66,12,LDA,MMF4,6.54196408645977,0.0741021380512141,0.006240771319061,25,0.1,25,21,44,3.0,3.0,3.0,3.0,Dipping
3494,43,66,12,LDA,WBL4,5.978577803685506,0.0681320634532262,0.0053916224811631,25,0.1,25,21,44,1.0,1.0,1.0,1.0,Dipping
3495,43,66,12,LDA,POW4,5.97857785775405,0.0681320640290866,0.0053916225566302,25,0.1,25,21,44,2.0,2.0,2.0,2.0,Dipping
3496,48,71,12,LDA,LC-PFN,1.116220746189356,0.0212949719280004,0.000461731251562,25,0.1,25,37,45,2.0,2.0,2.0,2.0,Dipping
3497,48,71,12,LDA,MMF4,1.1900915010730182,0.0221993476572749,0.000513784713638,25,0.1,25,37,45,4.0,4.0,4.0,4.0,Dipping
3498,48,71,12,LDA,WBL4,1.1419486684139606,0.0213120898039967,0.0004771302788823,25,0.1,25,37,45,3.0,3.0,3.0,3.0,Dipping
3499,48,71,12,LDA,POW4,0.3751312751323981,0.0070524135954325,6.00517050860223e-05,25,0.1,25,37,45,1.0,1.0,1.0,1.0,Dipping
3500,71,88,19,NearestCentroid,LC-PFN,0.3532224567607045,0.0057533620856702,4.123743565287441e-05,25,0.1,25,45,67,1.0,1.0,1.0,1.0,Dipping
3501,71,88,19,NearestCentroid,MMF4,0.7859608105127899,0.0126777349080674,0.0001699146969181,25,0.1,25,45,67,3.0,3.0,3.0,3.0,Dipping
3502,71,88,19,NearestCentroid,WBL4,1.175133480009893,0.0188920258435748,0.0003995069753722,25,0.1,25,45,67,4.0,4.0,4.0,4.0,Dipping
3503,71,88,19,NearestCentroid,POW4,0.7224687937355057,0.0116576586317398,0.0001422069432434,25,0.1,25,45,67,2.0,2.0,2.0,2.0,Dipping
3504,82,86,19,NearestCentroid,LC-PFN,1.211567036807537,0.0180603265762329,0.0004616722872015,25,0.1,25,45,75,4.0,4.0,4.0,4.0,Dipping
3505,82,86,19,NearestCentroid,MMF4,0.6995529687336208,0.0101610475629422,0.0001139030204366,25,0.1,25,45,75,2.0,2.0,2.0,2.0,Dipping
3506,82,86,19,NearestCentroid,WBL4,0.8656911355360156,0.0125514741834789,0.0001714773500473,25,0.1,25,45,75,3.0,3.0,3.0,3.0,Dipping
3507,82,86,19,NearestCentroid,POW4,0.1750127703181689,0.0025635485095563,7.575502985573484e-06,25,0.1,25,45,75,1.0,1.0,1.0,1.0,Dipping
3508,80,112,17,GaussianNB,LC-PFN,1.1199789121747017,0.0157302916049957,0.0003377410757821,25,0.1,25,46,80,4.0,4.0,4.0,4.0,Dipping
3509,80,112,17,GaussianNB,MMF4,0.0048382127650603,6.693226282747257e-05,4.479927836777262e-09,25,0.1,25,46,80,1.0,1.0,1.0,1.0,Dipping
3510,80,112,17,GaussianNB,WBL4,0.2540177902741464,0.0035228832824614,1.2410706621849122e-05,25,0.1,25,46,80,3.0,3.0,3.0,3.0,Dipping
3511,80,112,17,GaussianNB,POW4,0.2540174476118753,0.0035228785180967,1.2410673053267682e-05,25,0.1,25,46,80,2.0,2.0,2.0,2.0,Dipping
3512,86,154,19,NearestCentroid,LC-PFN,2.68919300287962,0.0279680248349905,0.0010702369036152,25,0.1,25,61,82,4.0,4.0,4.0,4.0,Dipping
3513,86,154,19,NearestCentroid,MMF4,0.5973747981084594,0.0060510811790988,6.013703168674719e-05,25,0.1,25,61,82,1.0,1.0,1.0,1.0,Dipping
3514,86,154,19,NearestCentroid,WBL4,0.6222016663776008,0.0063035298200981,6.520693399487908e-05,25,0.1,25,61,82,3.0,3.0,3.0,3.0,Dipping
3515,86,154,19,NearestCentroid,POW4,0.6222016662992392,0.0063035298192998,6.520693397387231e-05,25,0.1,25,61,82,2.0,2.0,2.0,2.0,Dipping
3516,92,74,13,QDA,LC-PFN,0.2687763655558228,0.004505650140345,2.9501105018425733e-05,25,0.1,25,34,85,1.0,1.0,1.0,1.0,Dipping
3517,92,74,13,QDA,MMF4,0.9240223417366524,0.0153434537354967,0.0002676312269348,25,0.1,25,34,85,2.0,2.0,2.0,2.0,Dipping
3518,92,74,13,QDA,WBL4,1.1389254602820054,0.0188670209164334,0.0003908071697102,25,0.1,25,34,85,3.0,3.0,3.0,3.0,Dipping
3519,92,74,13,QDA,POW4,4.588024021663032,0.0808237927314657,0.006925229245335,25,0.1,25,34,85,4.0,4.0,4.0,4.0,Dipping
3520,95,178,3,SVC_sigmoid,LC-PFN,4.42180372774601,0.035712581127882,0.0017218017019331,25,0.1,25,42,91,4.0,4.0,4.0,4.0,Dipping
3521,95,178,3,SVC_sigmoid,MMF4,1.3136243257117783,0.0105544680083733,0.0001879972877557,25,0.1,25,42,91,2.0,2.0,2.0,2.0,Dipping
3522,95,178,3,SVC_sigmoid,WBL4,1.0863761380550836,0.0086922900663031,0.0001463876996372,25,0.1,25,42,91,1.0,1.0,1.0,1.0,Dipping
3523,95,178,3,SVC_sigmoid,POW4,2.60378177183998,0.0212982956663781,0.0005586437897202,25,0.1,25,42,91,3.0,3.0,3.0,3.0,Dipping
3524,98,131,3,SVC_sigmoid,LC-PFN,1.6798343509435654,0.0319848321378231,0.0010296826949343,25,0.1,25,46,94,4.0,4.0,4.0,4.0,Dipping
3525,98,131,3,SVC_sigmoid,MMF4,5.986945036599038e-05,1.1206425444131935e-06,5.475786886301483e-11,25,0.1,25,46,94,3.0,3.0,1.0,2.3333333333333335,Dipping
3526,98,131,3,SVC_sigmoid,WBL4,5.836939526482017e-05,1.0925636241035497e-06,5.489507657993535e-11,25,0.1,25,46,94,1.0,1.0,2.0,1.3333333333333333,Dipping
3527,98,131,3,SVC_sigmoid,POW4,5.866383296176087e-05,1.098075083527661e-06,5.491594795946724e-11,25,0.1,25,46,94,2.0,2.0,3.0,2.3333333333333335,Dipping
3528,101,118,19,NearestCentroid,LC-PFN,0.7937305606901646,0.01067272759974,0.0001538605574751,25,0.1,25,29,95,4.0,4.0,4.0,4.0,Dipping
3529,101,118,19,NearestCentroid,MMF4,0.7894254610208864,0.0106018119576791,0.0001300279653534,25,0.1,25,29,95,3.0,3.0,3.0,3.0,Dipping
3530,101,118,19,NearestCentroid,WBL4,0.6286543758667988,0.0084233816037579,7.821243364191772e-05,25,0.1,25,29,95,2.0,2.0,2.0,2.0,Dipping
3531,101,118,19,NearestCentroid,POW4,0.4037900134391433,0.0053947981276755,3.04592112314122e-05,25,0.1,25,29,95,1.0,1.0,1.0,1.0,Dipping
3532,111,256,17,GaussianNB,LC-PFN,6.393362581729889,0.0685033202171325,0.0056331539526581,25,0.1,25,73,106,4.0,4.0,4.0,4.0,Dipping
3533,111,256,17,GaussianNB,MMF4,2.591507594828507,0.0264604081289155,0.0008006877805822,25,0.1,25,73,106,2.0,2.0,2.0,2.0,Dipping
3534,111,256,17,GaussianNB,WBL4,2.4210243666547364,0.024669955290371,0.0007036058265763,25,0.1,25,73,106,1.0,1.0,1.0,1.0,Dipping
3535,111,256,17,GaussianNB,POW4,4.008275950315122,0.0416003836279048,0.0019082759415052,25,0.1,25,73,106,3.0,3.0,3.0,3.0,Dipping
3536,115,92,17,GaussianNB,LC-PFN,6.703190505504608,0.0994598865509033,0.0138307278975844,25,0.1,25,56,110,1.0,1.0,1.0,1.0,Dipping
3537,115,92,17,GaussianNB,MMF4,8.146172057562904,0.1187737411419307,0.0198624949422073,25,0.1,25,56,110,3.0,3.0,3.0,3.0,Dipping
3538,115,92,17,GaussianNB,WBL4,8.282269333073618,0.120547907118587,0.0202963475876004,25,0.1,25,56,110,4.0,4.0,4.0,4.0,Dipping
3539,115,92,17,GaussianNB,POW4,7.60340608087174,0.1116473719601354,0.0180752966605439,25,0.1,25,56,110,2.0,2.0,2.0,2.0,Dipping
3540,116,181,19,NearestCentroid,LC-PFN,2.0159346982836723,0.0194802060723304,0.0005466080619953,25,0.1,25,23,111,4.0,4.0,4.0,4.0,Dipping
3541,116,181,19,NearestCentroid,MMF4,0.8330580220998461,0.0082320229917889,9.008597979858164e-05,25,0.1,25,23,111,3.0,3.0,3.0,3.0,Dipping
3542,116,181,19,NearestCentroid,WBL4,0.4834445400246296,0.0047955325316707,3.267614989613647e-05,25,0.1,25,23,111,2.0,2.0,2.0,2.0,Dipping
3543,116,181,19,NearestCentroid,POW4,0.4834445371861151,0.0047955325034711,3.2676149756155105e-05,25,0.1,25,23,111,1.0,1.0,1.0,1.0,Dipping
3544,119,73,3,SVC_sigmoid,LC-PFN,5.679620802402496,0.0806446298956871,0.0090938080102205,25,0.1,25,45,115,4.0,4.0,4.0,4.0,Dipping
3545,119,73,3,SVC_sigmoid,MMF4,4.30515585533461,0.0598634624240864,0.0051517843109754,25,0.1,25,45,115,2.0,2.0,2.0,2.0,Dipping
3546,119,73,3,SVC_sigmoid,WBL4,4.177692495241336,0.0579777677111829,0.0048932601807995,25,0.1,25,45,115,1.0,1.0,1.0,1.0,Dipping
3547,119,73,3,SVC_sigmoid,POW4,5.296441782823434,0.0747456493871304,0.0076875078800341,25,0.1,25,45,115,3.0,3.0,3.0,3.0,Dipping
3548,132,165,19,NearestCentroid,LC-PFN,4.5668721199035645,0.0584543049335479,0.0045291171409189,25,0.1,25,108,120,1.0,1.0,1.0,1.0,Dipping
3549,132,165,19,NearestCentroid,MMF4,5.943780043390197,0.0748913054848553,0.008028868012778,25,0.1,25,108,120,4.0,4.0,4.0,4.0,Dipping
3550,132,165,19,NearestCentroid,WBL4,5.459812128593577,0.0692315358014736,0.0069776457960224,25,0.1,25,108,120,2.0,2.0,2.0,2.0,Dipping
3551,132,165,19,NearestCentroid,POW4,5.459812151959534,0.0692315360766511,0.0069776458498538,25,0.1,25,108,120,3.0,3.0,3.0,3.0,Dipping
3552,118,215,3,SVC_sigmoid,LC-PFN,2.0649906247854237,0.0302435513585805,0.001228175824508,25,0.1,25,27,126,2.0,2.0,2.0,2.0,Dipping
3553,118,215,3,SVC_sigmoid,MMF4,2.610353699302034,0.0379817689497296,0.0019699298176338,25,0.1,25,27,126,4.0,4.0,4.0,4.0,Dipping
3554,118,215,3,SVC_sigmoid,WBL4,1.4193595369277148,0.0209224739671036,0.0006341282260494,25,0.1,25,27,126,1.0,1.0,1.0,1.0,Dipping
3555,118,215,3,SVC_sigmoid,POW4,2.5422366369704794,0.0370217971759131,0.0018630568860287,25,0.1,25,27,126,3.0,3.0,3.0,3.0,Dipping
3556,136,92,19,NearestCentroid,LC-PFN,2.053068019449711,0.0204179249703884,0.0005164103931747,25,0.1,25,56,129,4.0,4.0,4.0,4.0,Dipping
3557,136,92,19,NearestCentroid,MMF4,0.1276665352486165,0.0012671096122012,2.1861265490940543e-06,25,0.1,25,56,129,1.0,1.0,1.0,1.0,Dipping
3558,136,92,19,NearestCentroid,WBL4,0.8290672253283856,0.0082823934471353,7.398976464576009e-05,25,0.1,25,56,129,3.0,3.0,3.0,3.0,Dipping
3559,136,92,19,NearestCentroid,POW4,0.829067154907869,0.0082823927372805,7.398975192315408e-05,25,0.1,25,56,129,2.0,2.0,2.0,2.0,Dipping
3560,135,236,17,GaussianNB,LC-PFN,2.0452268421649933,0.0303341727703809,0.0014195196563377,25,0.1,25,30,132,3.0,3.0,3.0,3.0,Dipping
3561,135,236,17,GaussianNB,MMF4,1.0955234285308324,0.0159166099747996,0.0002747447541385,25,0.1,25,30,132,2.0,2.0,2.0,2.0,Dipping
3562,135,236,17,GaussianNB,WBL4,0.4633239191987059,0.0066774013635993,5.1342067440945946e-05,25,0.1,25,30,132,1.0,1.0,1.0,1.0,Dipping
3563,135,236,17,GaussianNB,POW4,5.969513509512272,0.0918622331556007,0.009444312484533,25,0.1,25,30,132,4.0,4.0,4.0,4.0,Dipping
3564,139,208,19,NearestCentroid,LC-PFN,9.70289260149002,0.0662889257073402,0.0046694120392203,25,0.1,25,75,133,4.0,4.0,4.0,4.0,Dipping
3565,139,208,19,NearestCentroid,MMF4,6.713814707144072,0.0488714269787877,0.0036054300296746,25,0.1,25,75,133,3.0,3.0,3.0,3.0,Dipping
3566,139,208,19,NearestCentroid,WBL4,5.636551509587728,0.041596650612318,0.0025339893998054,25,0.1,25,75,133,1.0,1.0,1.0,1.0,Dipping
3567,139,208,19,NearestCentroid,POW4,5.636551527653891,0.0415966507370941,0.0025339894195041,25,0.1,25,75,133,2.0,2.0,2.0,2.0,Dipping
3568,145,122,17,GaussianNB,LC-PFN,0.2003433182835579,0.003876760834828,3.204917811672203e-05,25,0.1,25,55,137,1.0,1.0,1.0,1.0,Dipping
3569,145,122,17,GaussianNB,MMF4,9.86450312867502,0.1629072156486114,0.0459807204091286,25,0.1,25,55,137,4.0,4.0,4.0,4.0,Dipping
3570,145,122,17,GaussianNB,WBL4,0.7321995902452719,0.014098699007111,0.0002213379725225,25,0.1,25,55,137,3.0,3.0,3.0,3.0,Dipping
3571,145,122,17,GaussianNB,POW4,0.7321995893623939,0.0140986989902482,0.000221337972015,25,0.1,25,55,137,2.0,2.0,2.0,2.0,Dipping
3572,155,224,12,LDA,LC-PFN,0.8181178942322731,0.0160902570933103,0.0002599572762846,25,0.1,25,40,141,4.0,4.0,4.0,4.0,Dipping
3573,155,224,12,LDA,MMF4,0.1019150090015054,0.0020221562093691,4.803645666772391e-06,25,0.1,25,40,141,1.0,1.0,1.0,1.0,Dipping
3574,155,224,12,LDA,WBL4,0.7627701845958739,0.0150100219807323,0.000226738383568,25,0.1,25,40,141,3.0,3.0,3.0,3.0,Dipping
3575,155,224,12,LDA,POW4,0.7627701768060509,0.0150100218286093,0.0002267383789321,25,0.1,25,40,141,2.0,2.0,2.0,2.0,Dipping
3576,141,259,19,NearestCentroid,LC-PFN,1.595253124833107,0.0182999223470687,0.0004042353539261,25,0.1,25,46,143,4.0,4.0,4.0,4.0,Dipping
3577,141,259,19,NearestCentroid,MMF4,0.9220575263569354,0.0103513190692124,0.0001230124170103,25,0.1,25,46,143,3.0,3.0,3.0,3.0,Dipping
3578,141,259,19,NearestCentroid,WBL4,0.9205818038854484,0.0103349254850703,0.0001226738539345,25,0.1,25,46,143,2.0,2.0,2.0,2.0,Dipping
3579,141,259,19,NearestCentroid,POW4,0.7012574233227541,0.007893105083195,7.750681976569523e-05,25,0.1,25,46,143,1.0,1.0,1.0,1.0,Dipping
3580,156,62,13,QDA,LC-PFN,15.865842998027802,0.0494609028100967,0.0025062416680157,25,0.1,25,18,149,4.0,4.0,4.0,4.0,Dipping
3581,156,62,13,QDA,MMF4,1.6697917442567198,0.0060027724164706,5.362510985250612e-05,25,0.1,25,18,149,1.0,1.0,1.0,1.0,Dipping
3582,156,62,13,QDA,WBL4,1.7195887432492638,0.0061878103672414,6.364562522820831e-05,25,0.1,25,18,149,2.0,2.0,2.0,2.0,Dipping
3583,156,62,13,QDA,POW4,2.449575866535504,0.0089118686651612,0.0001183902087303,25,0.1,25,18,149,3.0,3.0,3.0,3.0,Dipping
3584,161,54,19,NearestCentroid,LC-PFN,2.465330809354782,0.0350046157836914,0.001977001549676,25,0.1,25,34,151,2.0,2.0,2.0,2.0,Dipping
3585,161,54,19,NearestCentroid,MMF4,1.4695956389267415,0.0196202954018464,0.0004767504774328,25,0.1,25,34,151,1.0,1.0,1.0,1.0,Dipping
3586,161,54,19,NearestCentroid,WBL4,3.8938485063303774,0.0505305403549873,0.0030101299149611,25,0.1,25,34,151,3.0,3.0,3.0,3.0,Dipping
3587,161,54,19,NearestCentroid,POW4,4.947365002511108,0.0725004243468852,0.0075032508781202,25,0.1,25,34,151,4.0,4.0,4.0,4.0,Dipping
3588,165,190,3,SVC_sigmoid,LC-PFN,4.781503230333328,0.0412795916199684,0.0024994285777211,25,0.1,25,40,158,2.0,2.0,2.0,2.0,Dipping
3589,165,190,3,SVC_sigmoid,MMF4,6.1167638306893934,0.0569755402521432,0.0042529357629304,25,0.1,25,40,158,3.0,3.0,3.0,3.0,Dipping
3590,165,190,3,SVC_sigmoid,WBL4,2.441648511924713,0.0216086521650839,0.0006741645095804,25,0.1,25,40,158,1.0,1.0,1.0,1.0,Dipping
3591,165,190,3,SVC_sigmoid,POW4,8.30536677084028,0.0810170212360592,0.0096008072248201,25,0.1,25,40,158,4.0,4.0,4.0,4.0,Dipping
3592,170,228,13,QDA,LC-PFN,11.941921710968018,0.1271693110466003,0.0390435792505741,25,0.1,25,20,162,4.0,4.0,1.0,3.0,Dipping
3593,170,228,13,QDA,MMF4,9.330208659643702,0.1096146438107786,0.0430763031199222,25,0.1,25,20,162,2.0,2.0,3.0,2.3333333333333335,Dipping
3594,170,228,13,QDA,WBL4,9.769056501081725,0.1139227026427182,0.0469267740766362,25,0.1,25,20,162,3.0,3.0,4.0,3.3333333333333335,Dipping
3595,170,228,13,QDA,POW4,9.130121389270888,0.107288924409086,0.0398740697811152,25,0.1,25,20,162,1.0,1.0,2.0,1.3333333333333333,Dipping
3596,174,159,13,QDA,LC-PFN,4.2653638869524,0.0647200718522071,0.0046657770872116,25,0.1,25,26,164,4.0,4.0,4.0,4.0,Dipping
3597,174,159,13,QDA,MMF4,2.021930994233339,0.0313912118848802,0.001097016524393,25,0.1,25,26,164,1.0,1.0,1.0,1.0,Dipping
3598,174,159,13,QDA,WBL4,2.486649373315985,0.0387255161428654,0.0018539164135316,25,0.1,25,26,164,3.0,3.0,3.0,3.0,Dipping
3599,174,159,13,QDA,POW4,2.172385529915588,0.0331407638388482,0.0013464112603974,25,0.1,25,26,164,2.0,2.0,2.0,2.0,Dipping
3600,175,155,19,NearestCentroid,LC-PFN,2.908112853765488,0.0420461669564247,0.0024161874316632,25,0.1,25,55,165,3.0,3.0,3.0,3.0,Dipping
3601,175,155,19,NearestCentroid,MMF4,0.2053440629191596,0.0028582977220666,1.3955581794541364e-05,25,0.1,25,55,165,1.0,1.0,1.0,1.0,Dipping
3602,175,155,19,NearestCentroid,WBL4,0.2988794106081294,0.004153605725899,2.7214354504173914e-05,25,0.1,25,55,165,2.0,2.0,2.0,2.0,Dipping
3603,175,155,19,NearestCentroid,POW4,5.377081220373033,0.0797223710057261,0.0074426427166304,25,0.1,25,55,165,4.0,4.0,4.0,4.0,Dipping
3604,171,99,13,QDA,LC-PFN,3.628838062286377,0.0514467097818851,0.0029403904918581,25,0.1,25,21,166,2.0,2.0,2.0,2.0,Dipping
3605,171,99,13,QDA,MMF4,5.315289941246007,0.0833567588928508,0.0079716030243475,25,0.1,25,21,166,3.0,3.0,3.0,3.0,Dipping
3606,171,99,13,QDA,WBL4,6.699299938333926,0.0922052430039957,0.0103040599878024,25,0.1,25,21,166,4.0,4.0,4.0,4.0,Dipping
3607,171,99,13,QDA,POW4,3.351904842378474,0.0470287412130782,0.0022537003812478,25,0.1,25,21,166,1.0,1.0,1.0,1.0,Dipping
3608,197,132,19,NearestCentroid,LC-PFN,0.9093131870031356,0.0160662773996591,0.0003241045342292,25,0.1,25,48,181,4.0,4.0,4.0,4.0,Dipping
3609,197,132,19,NearestCentroid,MMF4,0.0940087956708734,0.0016402206636906,3.234926577886505e-06,25,0.1,25,48,181,2.0,2.0,2.0,2.0,Dipping
3610,197,132,19,NearestCentroid,WBL4,0.1328996902363369,0.0023177306024178,6.123181258369708e-06,25,0.1,25,48,181,3.0,3.0,3.0,3.0,Dipping
3611,197,132,19,NearestCentroid,POW4,0.0314746776044148,0.0005492827040174,5.248870823586742e-07,25,0.1,25,48,181,1.0,1.0,1.0,1.0,Dipping
3612,192,145,13,QDA,LC-PFN,2.564452402293682,0.0470001697540283,0.0031004885677248,25,0.1,25,22,185,3.0,3.0,3.0,3.0,Dipping
3613,192,145,13,QDA,MMF4,1.7417689931189873,0.0314904521818732,0.0018889603197196,25,0.1,25,22,185,2.0,2.0,2.0,2.0,Dipping
3614,192,145,13,QDA,WBL4,1.6491861073788532,0.0297612833954658,0.0017830457248824,25,0.1,25,22,185,1.0,1.0,1.0,1.0,Dipping
3615,192,145,13,QDA,POW4,4.121735792904316,0.0771375421292313,0.0073270325758346,25,0.1,25,22,185,4.0,4.0,4.0,4.0,Dipping
3616,199,209,12,LDA,LC-PFN,3.937733173370361,0.0532593801617622,0.0033964456524699,25,0.1,25,14,188,1.0,1.0,1.0,1.0,Dipping
3617,199,209,12,LDA,MMF4,8.357472563132351,0.1077538882557902,0.0128347883333972,25,0.1,25,14,188,3.0,3.0,3.0,3.0,Dipping
3618,199,209,12,LDA,WBL4,8.396076504339426,0.1082092379641629,0.0129331271866327,25,0.1,25,14,188,4.0,4.0,4.0,4.0,Dipping
3619,199,209,12,LDA,POW4,7.565627075407745,0.0983376547976988,0.0108315368385288,25,0.1,25,14,188,2.0,2.0,2.0,2.0,Dipping
3620,36,72,13,QDA,LC-PFN,6.561639904975891,0.0876726731657981,0.0117030059918761,25,0.1,25,51,189,2.0,2.0,2.0,2.0,Dipping
3621,36,72,13,QDA,MMF4,5.524112857141802,0.0709737871816469,0.0057567005583911,25,0.1,25,51,189,1.0,1.0,1.0,1.0,Dipping
3622,36,72,13,QDA,WBL4,20.48783943354739,0.3313737517977914,0.1204283119787864,25,0.1,25,51,189,4.0,4.0,4.0,4.0,Dipping
3623,36,72,13,QDA,POW4,9.087394483128064,0.1265061482278049,0.0245356564031289,25,0.1,25,51,189,3.0,3.0,3.0,3.0,Dipping
3624,17,42,3,SVC_sigmoid,LC-PFN,29.93000447750092,0.3291922807693481,0.1172976940870285,25,0.1,25,44,190,3.0,3.0,3.0,3.0,Dipping
3625,17,42,3,SVC_sigmoid,MMF4,33.77641010717189,0.3752606840214421,0.1624989546151624,25,0.1,25,44,190,4.0,4.0,4.0,4.0,Dipping
3626,17,42,3,SVC_sigmoid,WBL4,7.440638602341385,0.1172523366124452,0.0200839908716462,25,0.1,25,44,190,1.0,1.0,1.0,1.0,Dipping
3627,17,42,3,SVC_sigmoid,POW4,25.40515344499709,0.3005307398226335,0.1035966900836906,25,0.1,25,44,190,2.0,2.0,2.0,2.0,Dipping
3628,85,226,12,LDA,LC-PFN,11.544983088970184,0.0675656422972679,0.0082130543887615,25,0.1,25,74,191,1.0,1.0,1.0,1.0,Dipping
3629,85,226,12,LDA,MMF4,23.679371403057356,0.1712715444157635,0.045882970743713,25,0.1,25,74,191,3.0,3.0,3.0,3.0,Dipping
3630,85,226,12,LDA,WBL4,26.80349280020383,0.1884912648314286,0.0554703570858422,25,0.1,25,74,191,4.0,4.0,4.0,4.0,Dipping
3631,85,226,12,LDA,POW4,16.792386765210328,0.1324868341930377,0.0231629591660025,25,0.1,25,74,191,2.0,2.0,2.0,2.0,Dipping
3632,8,206,19,NearestCentroid,LC-PFN,1.1523576453328133,0.0212804805487394,0.0004915678291581,25,0.3,25,49,195,4.0,4.0,4.0,4.0,Dipping
3633,8,206,19,NearestCentroid,MMF4,0.7042245240126637,0.0127470626640126,0.0001757003097797,25,0.3,25,49,195,1.0,1.0,1.0,1.0,Dipping
3634,8,206,19,NearestCentroid,WBL4,0.9454908491525704,0.0170701565200976,0.0003118132985522,25,0.3,25,49,195,3.0,3.0,3.0,3.0,Dipping
3635,8,206,19,NearestCentroid,POW4,0.7226373825489791,0.0132937742356594,0.0002017442491205,25,0.3,25,49,195,2.0,2.0,2.0,2.0,Dipping
3636,4,162,17,GaussianNB,LC-PFN,1.018266286700964,0.0200704652816057,0.0004037608159705,25,0.3,25,26,201,4.0,4.0,4.0,4.0,Dipping
3637,4,162,17,GaussianNB,MMF4,0.2956990969936263,0.0058707598095697,3.547003721002543e-05,25,0.3,25,26,201,2.0,2.0,2.0,2.0,Dipping
3638,4,162,17,GaussianNB,WBL4,0.3818142538909007,0.007573810985197,5.853618326680008e-05,25,0.3,25,26,201,3.0,3.0,3.0,3.0,Dipping
3639,4,162,17,GaussianNB,POW4,0.0939322366359067,0.0018657357412068,6.667904906308489e-06,25,0.3,25,26,201,1.0,1.0,1.0,1.0,Dipping
3640,9,248,19,NearestCentroid,LC-PFN,0.2597756450995803,0.0041713486425578,3.1235340429702774e-05,25,0.3,25,34,203,1.0,1.0,1.0,1.0,Dipping
3641,9,248,19,NearestCentroid,MMF4,1.1114481756052326,0.0175623677364718,0.0003649433176347,25,0.3,25,34,203,3.0,3.0,3.0,3.0,Dipping
3642,9,248,19,NearestCentroid,WBL4,1.3757971207857205,0.0216732858983914,0.0005406920576437,25,0.3,25,34,203,4.0,4.0,4.0,4.0,Dipping
3643,9,248,19,NearestCentroid,POW4,0.3978665857754067,0.0063613194590426,4.3641710620199225e-05,25,0.3,25,34,203,2.0,2.0,2.0,2.0,Dipping
3644,3,183,19,NearestCentroid,LC-PFN,11.31366491317749,0.0352322161197662,0.0014684908092021,31,0.3,31,75,208,3.0,3.0,3.0,3.0,Dipping
3645,3,183,19,NearestCentroid,MMF4,20.44101107519133,0.0580787414911142,0.0043288005754073,31,0.3,31,75,208,4.0,4.0,4.0,4.0,Dipping
3646,3,183,19,NearestCentroid,WBL4,6.035720750546459,0.0200662021486791,0.0004708011467399,31,0.3,31,75,208,1.0,1.0,1.0,1.0,Dipping
3647,3,183,19,NearestCentroid,POW4,6.03572075501776,0.0200662021632553,0.0004708011479609,31,0.3,31,75,208,2.0,2.0,2.0,2.0,Dipping
3648,27,136,17,GaussianNB,LC-PFN,0.3611404448747635,0.0070720990188419,5.523602521861904e-05,25,0.3,25,52,215,1.0,1.0,1.0,1.0,Dipping
3649,27,136,17,GaussianNB,MMF4,0.5954132878513422,0.0117904470201247,0.0001761460982275,25,0.3,25,52,215,3.0,3.0,3.0,3.0,Dipping
3650,27,136,17,GaussianNB,WBL4,0.7011660633915262,0.0138925680044723,0.0002209853347146,25,0.3,25,52,215,4.0,4.0,4.0,4.0,Dipping
3651,27,136,17,GaussianNB,POW4,0.4582125729703115,0.0090616193674344,0.0001205234515752,25,0.3,25,52,215,2.0,2.0,2.0,2.0,Dipping
3652,24,191,3,SVC_sigmoid,LC-PFN,5.547769740223885,0.0321767926216125,0.0021828070748597,25,0.3,25,3,223,1.0,1.0,3.0,1.6666666666666667,Dipping
3653,24,191,3,SVC_sigmoid,MMF4,6.232353483586075,0.0366900182337033,0.0013552847163207,25,0.3,25,3,223,2.0,2.0,1.0,1.6666666666666667,Dipping
3654,24,191,3,SVC_sigmoid,WBL4,12.19402381367746,0.0786388988524611,0.0076042613816982,25,0.3,25,3,223,4.0,4.0,4.0,4.0,Dipping
3655,24,191,3,SVC_sigmoid,POW4,7.081643108235605,0.0420559221229296,0.0020857425615763,25,0.3,25,3,223,3.0,3.0,2.0,2.6666666666666665,Dipping
3656,33,5,3,SVC_sigmoid,LC-PFN,23.756229877471924,0.0876493379473686,0.010482563637197,25,0.3,25,29,227,1.0,1.0,1.0,1.0,Dipping
3657,33,5,3,SVC_sigmoid,MMF4,28.20535703982488,0.0994052941456865,0.0128757592695787,25,0.3,25,29,227,4.0,4.0,4.0,4.0,Dipping
3658,33,5,3,SVC_sigmoid,WBL4,27.7788925949979,0.0983261302113467,0.0126623746475788,25,0.3,25,29,227,2.0,2.0,2.0,2.0,Dipping
3659,33,5,3,SVC_sigmoid,POW4,27.77889266421372,0.0983261303868212,0.012662374681625,25,0.3,25,29,227,3.0,3.0,3.0,3.0,Dipping
3660,40,111,19,NearestCentroid,LC-PFN,0.9291650727391244,0.0117601156234741,0.0001469669077778,25,0.3,25,21,232,2.0,2.0,2.0,2.0,Dipping
3661,40,111,19,NearestCentroid,MMF4,0.9668449693937848,0.012358185587254,0.0002510251723316,25,0.3,25,21,232,3.0,3.0,3.0,3.0,Dipping
3662,40,111,19,NearestCentroid,WBL4,1.4415703638455315,0.01829247649715,0.00048537545115,25,0.3,25,21,232,4.0,4.0,4.0,4.0,Dipping
3663,40,111,19,NearestCentroid,POW4,0.4937542674471414,0.0063540367452534,7.268607148168986e-05,25,0.3,25,21,232,1.0,1.0,1.0,1.0,Dipping
3664,48,71,12,LDA,LC-PFN,1.116220746189356,0.0212949719280004,0.000461731251562,25,0.3,25,37,239,2.0,2.0,2.0,2.0,Dipping
3665,48,71,12,LDA,MMF4,1.1900915010730182,0.0221993476572749,0.000513784713638,25,0.3,25,37,239,4.0,4.0,4.0,4.0,Dipping
3666,48,71,12,LDA,WBL4,1.1419486684139606,0.0213120898039967,0.0004771302788823,25,0.3,25,37,239,3.0,3.0,3.0,3.0,Dipping
3667,48,71,12,LDA,POW4,0.3751312751323981,0.0070524135954325,6.00517050860223e-05,25,0.3,25,37,239,1.0,1.0,1.0,1.0,Dipping
3668,43,66,12,LDA,LC-PFN,7.081951946020126,0.0795904994010925,0.006593192461878,25,0.3,25,21,240,4.0,4.0,4.0,4.0,Dipping
3669,43,66,12,LDA,MMF4,6.54196408645977,0.0741021380512141,0.006240771319061,25,0.3,25,21,240,3.0,3.0,3.0,3.0,Dipping
3670,43,66,12,LDA,WBL4,5.978577803685506,0.0681320634532262,0.0053916224811631,25,0.3,25,21,240,1.0,1.0,1.0,1.0,Dipping
3671,43,66,12,LDA,POW4,5.97857785775405,0.0681320640290866,0.0053916225566302,25,0.3,25,21,240,2.0,2.0,2.0,2.0,Dipping
3672,71,88,19,NearestCentroid,LC-PFN,0.3532224567607045,0.0057533620856702,4.123743565287441e-05,25,0.3,25,45,258,1.0,1.0,1.0,1.0,Dipping
3673,71,88,19,NearestCentroid,MMF4,0.7859608105127899,0.0126777349080674,0.0001699146969181,25,0.3,25,45,258,3.0,3.0,3.0,3.0,Dipping
3674,71,88,19,NearestCentroid,WBL4,1.175133480009893,0.0188920258435748,0.0003995069753722,25,0.3,25,45,258,4.0,4.0,4.0,4.0,Dipping
3675,71,88,19,NearestCentroid,POW4,0.7224687937355057,0.0116576586317398,0.0001422069432434,25,0.3,25,45,258,2.0,2.0,2.0,2.0,Dipping
3676,82,86,19,NearestCentroid,LC-PFN,1.211567036807537,0.0180603265762329,0.0004616722872015,25,0.3,25,45,269,4.0,4.0,4.0,4.0,Dipping
3677,82,86,19,NearestCentroid,MMF4,0.6995529687336208,0.0101610475629422,0.0001139030204366,25,0.3,25,45,269,2.0,2.0,2.0,2.0,Dipping
3678,82,86,19,NearestCentroid,WBL4,0.8656911355360156,0.0125514741834789,0.0001714773500473,25,0.3,25,45,269,3.0,3.0,3.0,3.0,Dipping
3679,82,86,19,NearestCentroid,POW4,0.1750127703181689,0.0025635485095563,7.575502985573484e-06,25,0.3,25,45,269,1.0,1.0,1.0,1.0,Dipping
3680,80,112,17,GaussianNB,LC-PFN,1.1199789121747017,0.0157302916049957,0.0003377410757821,25,0.3,25,46,272,4.0,4.0,4.0,4.0,Dipping
3681,80,112,17,GaussianNB,MMF4,0.0048382127650603,6.693226282747257e-05,4.479927836777262e-09,25,0.3,25,46,272,1.0,1.0,1.0,1.0,Dipping
3682,80,112,17,GaussianNB,WBL4,0.2540177902741464,0.0035228832824614,1.2410706621849122e-05,25,0.3,25,46,272,3.0,3.0,3.0,3.0,Dipping
3683,80,112,17,GaussianNB,POW4,0.2540174476118753,0.0035228785180967,1.2410673053267682e-05,25,0.3,25,46,272,2.0,2.0,2.0,2.0,Dipping
3684,92,74,13,QDA,LC-PFN,0.2687763655558228,0.004505650140345,2.9501105018425733e-05,25,0.3,25,34,279,1.0,1.0,1.0,1.0,Dipping
3685,92,74,13,QDA,MMF4,0.9240223417366524,0.0153434537354967,0.0002676312269348,25,0.3,25,34,279,2.0,2.0,2.0,2.0,Dipping
3686,92,74,13,QDA,WBL4,1.1389254602820054,0.0188670209164334,0.0003908071697102,25,0.3,25,34,279,3.0,3.0,3.0,3.0,Dipping
3687,92,74,13,QDA,POW4,4.588024021663032,0.0808237927314657,0.006925229245335,25,0.3,25,34,279,4.0,4.0,4.0,4.0,Dipping
3688,95,178,3,SVC_sigmoid,LC-PFN,4.42180372774601,0.035712581127882,0.0017218017019331,25,0.3,25,42,282,4.0,4.0,4.0,4.0,Dipping
3689,95,178,3,SVC_sigmoid,MMF4,1.3136243257117783,0.0105544680083733,0.0001879972877557,25,0.3,25,42,282,2.0,2.0,2.0,2.0,Dipping
3690,95,178,3,SVC_sigmoid,WBL4,1.0863761380550836,0.0086922900663031,0.0001463876996372,25,0.3,25,42,282,1.0,1.0,1.0,1.0,Dipping
3691,95,178,3,SVC_sigmoid,POW4,2.60378177183998,0.0212982956663781,0.0005586437897202,25,0.3,25,42,282,3.0,3.0,3.0,3.0,Dipping
3692,86,154,19,NearestCentroid,LC-PFN,2.68919300287962,0.0279680248349905,0.0010702369036152,25,0.3,25,61,283,4.0,4.0,4.0,4.0,Dipping
3693,86,154,19,NearestCentroid,MMF4,0.5973747981084594,0.0060510811790988,6.013703168674719e-05,25,0.3,25,61,283,1.0,1.0,1.0,1.0,Dipping
3694,86,154,19,NearestCentroid,WBL4,0.6222016663776008,0.0063035298200981,6.520693399487908e-05,25,0.3,25,61,283,3.0,3.0,3.0,3.0,Dipping
3695,86,154,19,NearestCentroid,POW4,0.6222016662992392,0.0063035298192998,6.520693397387231e-05,25,0.3,25,61,283,2.0,2.0,2.0,2.0,Dipping
3696,98,131,3,SVC_sigmoid,LC-PFN,1.6798343509435654,0.0319848321378231,0.0010296826949343,25,0.3,25,46,287,4.0,4.0,4.0,4.0,Dipping
3697,98,131,3,SVC_sigmoid,MMF4,5.986945036599038e-05,1.1206425444131935e-06,5.475786886301483e-11,25,0.3,25,46,287,3.0,3.0,1.0,2.3333333333333335,Dipping
3698,98,131,3,SVC_sigmoid,WBL4,5.836939526482017e-05,1.0925636241035497e-06,5.489507657993535e-11,25,0.3,25,46,287,1.0,1.0,2.0,1.3333333333333333,Dipping
3699,98,131,3,SVC_sigmoid,POW4,5.866383296176087e-05,1.098075083527661e-06,5.491594795946724e-11,25,0.3,25,46,287,2.0,2.0,3.0,2.3333333333333335,Dipping
3700,101,118,19,NearestCentroid,LC-PFN,0.7937305606901646,0.01067272759974,0.0001538605574751,25,0.3,25,29,294,4.0,4.0,4.0,4.0,Dipping
3701,101,118,19,NearestCentroid,MMF4,0.7894254610208864,0.0106018119576791,0.0001300279653534,25,0.3,25,29,294,3.0,3.0,3.0,3.0,Dipping
3702,101,118,19,NearestCentroid,WBL4,0.6286543758667988,0.0084233816037579,7.821243364191772e-05,25,0.3,25,29,294,2.0,2.0,2.0,2.0,Dipping
3703,101,118,19,NearestCentroid,POW4,0.4037900134391433,0.0053947981276755,3.04592112314122e-05,25,0.3,25,29,294,1.0,1.0,1.0,1.0,Dipping
3704,111,256,17,GaussianNB,LC-PFN,5.330433323979378,0.0562978126108646,0.003799904603511,29,0.3,29,69,300,4.0,4.0,4.0,4.0,Dipping
3705,111,256,17,GaussianNB,MMF4,2.6944947779075386,0.0274977109375858,0.0008245107259499,29,0.3,29,69,300,2.0,2.0,2.0,2.0,Dipping
3706,111,256,17,GaussianNB,WBL4,2.586631025377192,0.0263649513492388,0.0007625544412201,29,0.3,29,69,300,1.0,1.0,1.0,1.0,Dipping
3707,111,256,17,GaussianNB,POW4,3.648704296288705,0.0376327032468684,0.0015137174865693,29,0.3,29,69,300,3.0,3.0,3.0,3.0,Dipping
3708,115,92,17,GaussianNB,LC-PFN,6.703190505504608,0.0994598865509033,0.0138307278975844,25,0.3,25,56,302,1.0,1.0,1.0,1.0,Dipping
3709,115,92,17,GaussianNB,MMF4,8.146172057562904,0.1187737411419307,0.0198624949422073,25,0.3,25,56,302,3.0,3.0,3.0,3.0,Dipping
3710,115,92,17,GaussianNB,WBL4,8.282269333073618,0.120547907118587,0.0202963475876004,25,0.3,25,56,302,4.0,4.0,4.0,4.0,Dipping
3711,115,92,17,GaussianNB,POW4,7.60340608087174,0.1116473719601354,0.0180752966605439,25,0.3,25,56,302,2.0,2.0,2.0,2.0,Dipping
3712,119,73,3,SVC_sigmoid,LC-PFN,5.679620802402496,0.0806446298956871,0.0090938080102205,25,0.3,25,45,305,4.0,4.0,4.0,4.0,Dipping
3713,119,73,3,SVC_sigmoid,MMF4,4.30515585533461,0.0598634624240864,0.0051517843109754,25,0.3,25,45,305,2.0,2.0,2.0,2.0,Dipping
3714,119,73,3,SVC_sigmoid,WBL4,4.177692495241336,0.0579777677111829,0.0048932601807995,25,0.3,25,45,305,1.0,1.0,1.0,1.0,Dipping
3715,119,73,3,SVC_sigmoid,POW4,5.296441782823434,0.0747456493871304,0.0076875078800341,25,0.3,25,45,305,3.0,3.0,3.0,3.0,Dipping
3716,116,181,19,NearestCentroid,LC-PFN,2.0159346982836723,0.0194802060723304,0.0005466080619953,25,0.3,25,23,306,4.0,4.0,4.0,4.0,Dipping
3717,116,181,19,NearestCentroid,MMF4,0.8330580220998461,0.0082320229917889,9.008597979858164e-05,25,0.3,25,23,306,3.0,3.0,3.0,3.0,Dipping
3718,116,181,19,NearestCentroid,WBL4,0.4834445400246296,0.0047955325316707,3.267614989613647e-05,25,0.3,25,23,306,2.0,2.0,2.0,2.0,Dipping
3719,116,181,19,NearestCentroid,POW4,0.4834445371861151,0.0047955325034711,3.2676149756155105e-05,25,0.3,25,23,306,1.0,1.0,1.0,1.0,Dipping
3720,132,165,19,NearestCentroid,LC-PFN,4.601454734802246,0.0594146139919757,0.0043925838544964,39,0.3,39,94,319,2.0,2.0,2.0,2.0,Dipping
3721,132,165,19,NearestCentroid,MMF4,6.478311364608218,0.0819468514887147,0.0087797253459218,39,0.3,39,94,319,4.0,4.0,4.0,4.0,Dipping
3722,132,165,19,NearestCentroid,WBL4,6.095343813185195,0.0774454452041921,0.0077643794835462,39,0.3,39,94,319,3.0,3.0,3.0,3.0,Dipping
3723,132,165,19,NearestCentroid,POW4,2.635409728756798,0.0341825908103246,0.001428403013757,39,0.3,39,94,319,1.0,1.0,1.0,1.0,Dipping
3724,118,215,3,SVC_sigmoid,LC-PFN,2.0649906247854237,0.0302435513585805,0.001228175824508,25,0.3,25,27,321,2.0,2.0,2.0,2.0,Dipping
3725,118,215,3,SVC_sigmoid,MMF4,2.610353699302034,0.0379817689497296,0.0019699298176338,25,0.3,25,27,321,4.0,4.0,4.0,4.0,Dipping
3726,118,215,3,SVC_sigmoid,WBL4,1.4193595369277148,0.0209224739671036,0.0006341282260494,25,0.3,25,27,321,1.0,1.0,1.0,1.0,Dipping
3727,118,215,3,SVC_sigmoid,POW4,2.5422366369704794,0.0370217971759131,0.0018630568860287,25,0.3,25,27,321,3.0,3.0,3.0,3.0,Dipping
3728,135,236,17,GaussianNB,LC-PFN,2.0452268421649933,0.0303341727703809,0.0014195196563377,25,0.3,25,30,322,3.0,3.0,3.0,3.0,Dipping
3729,135,236,17,GaussianNB,MMF4,1.0955234285308324,0.0159166099747996,0.0002747447541385,25,0.3,25,30,322,2.0,2.0,2.0,2.0,Dipping
3730,135,236,17,GaussianNB,WBL4,0.4633239191987059,0.0066774013635993,5.1342067440945946e-05,25,0.3,25,30,322,1.0,1.0,1.0,1.0,Dipping
3731,135,236,17,GaussianNB,POW4,5.969513509512272,0.0918622331556007,0.009444312484533,25,0.3,25,30,322,4.0,4.0,4.0,4.0,Dipping
3732,136,92,19,NearestCentroid,LC-PFN,2.053068019449711,0.0204179249703884,0.0005164103931747,25,0.3,25,56,325,4.0,4.0,4.0,4.0,Dipping
3733,136,92,19,NearestCentroid,MMF4,0.1276665352486165,0.0012671096122012,2.1861265490940543e-06,25,0.3,25,56,325,1.0,1.0,1.0,1.0,Dipping
3734,136,92,19,NearestCentroid,WBL4,0.8290672253283856,0.0082823934471353,7.398976464576009e-05,25,0.3,25,56,325,3.0,3.0,3.0,3.0,Dipping
3735,136,92,19,NearestCentroid,POW4,0.829067154907869,0.0082823927372805,7.398975192315408e-05,25,0.3,25,56,325,2.0,2.0,2.0,2.0,Dipping
3736,139,208,19,NearestCentroid,LC-PFN,15.0468647480011,0.0990704968571662,0.0100845964625477,30,0.3,30,70,326,4.0,4.0,4.0,4.0,Dipping
3737,139,208,19,NearestCentroid,MMF4,11.247319339633233,0.078100853896481,0.0075361273949982,30,0.3,30,70,326,3.0,3.0,3.0,3.0,Dipping
3738,139,208,19,NearestCentroid,WBL4,6.078107715077344,0.0449030171390547,0.0029674266752071,30,0.3,30,70,326,1.0,1.0,1.0,1.0,Dipping
3739,139,208,19,NearestCentroid,POW4,6.078107717916359,0.0449030171584412,0.0029674266781822,30,0.3,30,70,326,2.0,2.0,2.0,2.0,Dipping
3740,145,122,17,GaussianNB,LC-PFN,0.2003433182835579,0.003876760834828,3.204917811672203e-05,25,0.3,25,55,330,1.0,1.0,1.0,1.0,Dipping
3741,145,122,17,GaussianNB,MMF4,9.86450312867502,0.1629072156486114,0.0459807204091286,25,0.3,25,55,330,4.0,4.0,4.0,4.0,Dipping
3742,145,122,17,GaussianNB,WBL4,0.7321995902452719,0.014098699007111,0.0002213379725225,25,0.3,25,55,330,3.0,3.0,3.0,3.0,Dipping
3743,145,122,17,GaussianNB,POW4,0.7321995893623939,0.0140986989902482,0.000221337972015,25,0.3,25,55,330,2.0,2.0,2.0,2.0,Dipping
3744,141,259,19,NearestCentroid,LC-PFN,1.595253124833107,0.0182999223470687,0.0004042353539261,25,0.3,25,46,334,4.0,4.0,4.0,4.0,Dipping
3745,141,259,19,NearestCentroid,MMF4,0.9220575263569354,0.0103513190692124,0.0001230124170103,25,0.3,25,46,334,3.0,3.0,3.0,3.0,Dipping
3746,141,259,19,NearestCentroid,WBL4,0.9205818038854484,0.0103349254850703,0.0001226738539345,25,0.3,25,46,334,2.0,2.0,2.0,2.0,Dipping
3747,141,259,19,NearestCentroid,POW4,0.7012574233227541,0.007893105083195,7.750681976569523e-05,25,0.3,25,46,334,1.0,1.0,1.0,1.0,Dipping
3748,155,224,12,LDA,LC-PFN,0.8181178942322731,0.0160902570933103,0.0002599572762846,25,0.3,25,40,337,4.0,4.0,4.0,4.0,Dipping
3749,155,224,12,LDA,MMF4,0.1019150090015054,0.0020221562093691,4.803645666772391e-06,25,0.3,25,40,337,1.0,1.0,1.0,1.0,Dipping
3750,155,224,12,LDA,WBL4,0.7627701845958739,0.0150100219807323,0.000226738383568,25,0.3,25,40,337,3.0,3.0,3.0,3.0,Dipping
3751,155,224,12,LDA,POW4,0.7627701768060509,0.0150100218286093,0.0002267383789321,25,0.3,25,40,337,2.0,2.0,2.0,2.0,Dipping
3752,36,72,13,QDA,LC-PFN,6.561639904975891,0.0876726731657981,0.0117030059918761,25,0.3,25,51,344,2.0,2.0,2.0,2.0,Dipping
3753,36,72,13,QDA,MMF4,5.524112857141802,0.0709737871816469,0.0057567005583911,25,0.3,25,51,344,1.0,1.0,1.0,1.0,Dipping
3754,36,72,13,QDA,WBL4,20.48783943354739,0.3313737517977914,0.1204283119787864,25,0.3,25,51,344,4.0,4.0,4.0,4.0,Dipping
3755,36,72,13,QDA,POW4,9.087394483128064,0.1265061482278049,0.0245356564031289,25,0.3,25,51,344,3.0,3.0,3.0,3.0,Dipping
3756,161,54,19,NearestCentroid,LC-PFN,2.465330809354782,0.0350046157836914,0.001977001549676,25,0.3,25,34,345,2.0,2.0,2.0,2.0,Dipping
3757,161,54,19,NearestCentroid,MMF4,1.4695956389267415,0.0196202954018464,0.0004767504774328,25,0.3,25,34,345,1.0,1.0,1.0,1.0,Dipping
3758,161,54,19,NearestCentroid,WBL4,3.8938485063303774,0.0505305403549873,0.0030101299149611,25,0.3,25,34,345,3.0,3.0,3.0,3.0,Dipping
3759,161,54,19,NearestCentroid,POW4,4.947365002511108,0.0725004243468852,0.0075032508781202,25,0.3,25,34,345,4.0,4.0,4.0,4.0,Dipping
3760,165,190,3,SVC_sigmoid,LC-PFN,4.781503230333328,0.0412795916199684,0.0024994285777211,25,0.3,25,40,347,2.0,2.0,2.0,2.0,Dipping
3761,165,190,3,SVC_sigmoid,MMF4,6.1167638306893934,0.0569755402521432,0.0042529357629304,25,0.3,25,40,347,3.0,3.0,3.0,3.0,Dipping
3762,165,190,3,SVC_sigmoid,WBL4,2.441648511924713,0.0216086521650839,0.0006741645095804,25,0.3,25,40,347,1.0,1.0,1.0,1.0,Dipping
3763,165,190,3,SVC_sigmoid,POW4,8.30536677084028,0.0810170212360592,0.0096008072248201,25,0.3,25,40,347,4.0,4.0,4.0,4.0,Dipping
3764,156,62,13,QDA,LC-PFN,15.865842998027802,0.0494609028100967,0.0025062416680157,25,0.3,25,18,349,4.0,4.0,4.0,4.0,Dipping
3765,156,62,13,QDA,MMF4,1.6697917442567198,0.0060027724164706,5.362510985250612e-05,25,0.3,25,18,349,1.0,1.0,1.0,1.0,Dipping
3766,156,62,13,QDA,WBL4,1.7195887432492638,0.0061878103672414,6.364562522820831e-05,25,0.3,25,18,349,2.0,2.0,2.0,2.0,Dipping
3767,156,62,13,QDA,POW4,2.449575866535504,0.0089118686651612,0.0001183902087303,25,0.3,25,18,349,3.0,3.0,3.0,3.0,Dipping
3768,170,228,13,QDA,LC-PFN,11.941921710968018,0.1271693110466003,0.0390435792505741,25,0.3,25,20,354,4.0,4.0,1.0,3.0,Dipping
3769,170,228,13,QDA,MMF4,9.330208659643702,0.1096146438107786,0.0430763031199222,25,0.3,25,20,354,2.0,2.0,3.0,2.3333333333333335,Dipping
3770,170,228,13,QDA,WBL4,9.769056501081725,0.1139227026427182,0.0469267740766362,25,0.3,25,20,354,3.0,3.0,4.0,3.3333333333333335,Dipping
3771,170,228,13,QDA,POW4,9.130121389270888,0.107288924409086,0.0398740697811152,25,0.3,25,20,354,1.0,1.0,2.0,1.3333333333333333,Dipping
3772,174,159,13,QDA,LC-PFN,4.2653638869524,0.0647200718522071,0.0046657770872116,25,0.3,25,26,355,4.0,4.0,4.0,4.0,Dipping
3773,174,159,13,QDA,MMF4,2.021930994233339,0.0313912118848802,0.001097016524393,25,0.3,25,26,355,1.0,1.0,1.0,1.0,Dipping
3774,174,159,13,QDA,WBL4,2.486649373315985,0.0387255161428654,0.0018539164135316,25,0.3,25,26,355,3.0,3.0,3.0,3.0,Dipping
3775,174,159,13,QDA,POW4,2.172385529915588,0.0331407638388482,0.0013464112603974,25,0.3,25,26,355,2.0,2.0,2.0,2.0,Dipping
3776,171,99,13,QDA,LC-PFN,3.628838062286377,0.0514467097818851,0.0029403904918581,25,0.3,25,21,357,2.0,2.0,2.0,2.0,Dipping
3777,171,99,13,QDA,MMF4,5.315289941246007,0.0833567588928508,0.0079716030243475,25,0.3,25,21,357,3.0,3.0,3.0,3.0,Dipping
3778,171,99,13,QDA,WBL4,6.699299938333926,0.0922052430039957,0.0103040599878024,25,0.3,25,21,357,4.0,4.0,4.0,4.0,Dipping
3779,171,99,13,QDA,POW4,3.351904842378474,0.0470287412130782,0.0022537003812478,25,0.3,25,21,357,1.0,1.0,1.0,1.0,Dipping
3780,175,155,19,NearestCentroid,LC-PFN,2.908112853765488,0.0420461669564247,0.0024161874316632,25,0.3,25,55,358,3.0,3.0,3.0,3.0,Dipping
3781,175,155,19,NearestCentroid,MMF4,0.2053440629191596,0.0028582977220666,1.3955581794541364e-05,25,0.3,25,55,358,1.0,1.0,1.0,1.0,Dipping
3782,175,155,19,NearestCentroid,WBL4,0.2988794106081294,0.004153605725899,2.7214354504173914e-05,25,0.3,25,55,358,2.0,2.0,2.0,2.0,Dipping
3783,175,155,19,NearestCentroid,POW4,5.377081220373033,0.0797223710057261,0.0074426427166304,25,0.3,25,55,358,4.0,4.0,4.0,4.0,Dipping
3784,192,145,13,QDA,LC-PFN,2.564452402293682,0.0470001697540283,0.0031004885677248,25,0.3,25,22,377,3.0,3.0,3.0,3.0,Dipping
3785,192,145,13,QDA,MMF4,1.7417689931189873,0.0314904521818732,0.0018889603197196,25,0.3,25,22,377,2.0,2.0,2.0,2.0,Dipping
3786,192,145,13,QDA,WBL4,1.6491861073788532,0.0297612833954658,0.0017830457248824,25,0.3,25,22,377,1.0,1.0,1.0,1.0,Dipping
3787,192,145,13,QDA,POW4,4.121735792904316,0.0771375421292313,0.0073270325758346,25,0.3,25,22,377,4.0,4.0,4.0,4.0,Dipping
3788,199,209,12,LDA,LC-PFN,3.937733173370361,0.0532593801617622,0.0033964456524699,25,0.3,25,14,379,1.0,1.0,1.0,1.0,Dipping
3789,199,209,12,LDA,MMF4,8.357472563132351,0.1077538882557902,0.0128347883333972,25,0.3,25,14,379,3.0,3.0,3.0,3.0,Dipping
3790,199,209,12,LDA,WBL4,8.396076504339426,0.1082092379641629,0.0129331271866327,25,0.3,25,14,379,4.0,4.0,4.0,4.0,Dipping
3791,199,209,12,LDA,POW4,7.565627075407745,0.0983376547976988,0.0108315368385288,25,0.3,25,14,379,2.0,2.0,2.0,2.0,Dipping
3792,17,42,3,SVC_sigmoid,LC-PFN,29.93000447750092,0.3291922807693481,0.1172976940870285,25,0.3,25,44,382,3.0,3.0,3.0,3.0,Dipping
3793,17,42,3,SVC_sigmoid,MMF4,33.77641010717189,0.3752606840214421,0.1624989546151624,25,0.3,25,44,382,4.0,4.0,4.0,4.0,Dipping
3794,17,42,3,SVC_sigmoid,WBL4,7.440638602341385,0.1172523366124452,0.0200839908716462,25,0.3,25,44,382,1.0,1.0,1.0,1.0,Dipping
3795,17,42,3,SVC_sigmoid,POW4,25.40515344499709,0.3005307398226335,0.1035966900836906,25,0.3,25,44,382,2.0,2.0,2.0,2.0,Dipping
3796,197,132,19,NearestCentroid,LC-PFN,0.9093131870031356,0.0160662773996591,0.0003241045342292,25,0.3,25,48,384,4.0,4.0,4.0,4.0,Dipping
3797,197,132,19,NearestCentroid,MMF4,0.0940087956708734,0.0016402206636906,3.234926577886505e-06,25,0.3,25,48,384,2.0,2.0,2.0,2.0,Dipping
3798,197,132,19,NearestCentroid,WBL4,0.1328996902363369,0.0023177306024178,6.123181258369708e-06,25,0.3,25,48,384,3.0,3.0,3.0,3.0,Dipping
3799,197,132,19,NearestCentroid,POW4,0.0314746776044148,0.0005492827040174,5.248870823586742e-07,25,0.3,25,48,384,1.0,1.0,1.0,1.0,Dipping
3800,85,226,12,LDA,LC-PFN,9.69223976135254,0.0562889613211154,0.0057025938294827,29,0.3,29,70,386,1.0,1.0,1.0,1.0,Dipping
3801,85,226,12,LDA,MMF4,24.618713785275794,0.1785736331453985,0.0467727552072693,29,0.3,29,70,386,3.0,3.0,3.0,3.0,Dipping
3802,85,226,12,LDA,WBL4,26.234278681460196,0.188044605171252,0.0530042438233513,29,0.3,29,70,386,4.0,4.0,4.0,4.0,Dipping
3803,85,226,12,LDA,POW4,17.674183843554083,0.1395467161394282,0.024445240507888,29,0.3,29,70,386,2.0,2.0,2.0,2.0,Dipping
3804,8,206,19,NearestCentroid,LC-PFN,1.014193333685398,0.0187260173261165,0.0003723314148373,37,0.5,37,37,389,4.0,4.0,4.0,4.0,Dipping
3805,8,206,19,NearestCentroid,MMF4,0.2046089209474773,0.0037295185384688,1.5044092442979126e-05,37,0.5,37,37,389,1.0,1.0,1.0,1.0,Dipping
3806,8,206,19,NearestCentroid,WBL4,0.3285113917039157,0.0059800075936757,3.827709698524529e-05,37,0.5,37,37,389,3.0,3.0,3.0,3.0,Dipping
3807,8,206,19,NearestCentroid,POW4,0.3148009310237468,0.0057693294576831,3.5829684186022154e-05,37,0.5,37,37,389,2.0,2.0,2.0,2.0,Dipping
3808,3,183,19,NearestCentroid,LC-PFN,16.9742152094841,0.0525357276201248,0.0028992209117859,53,0.5,53,53,392,4.0,4.0,4.0,4.0,Dipping
3809,3,183,19,NearestCentroid,MMF4,11.939389469462885,0.038760360768539,0.0016698833067037,53,0.5,53,53,392,3.0,3.0,3.0,3.0,Dipping
3810,3,183,19,NearestCentroid,WBL4,7.825160947063775,0.0265255450186605,0.0008589811658285,53,0.5,53,53,392,1.0,1.0,1.0,1.0,Dipping
3811,3,183,19,NearestCentroid,POW4,7.825161037001472,0.0265255452967955,0.0008589811815944,53,0.5,53,53,392,2.0,2.0,2.0,2.0,Dipping
3812,9,248,19,NearestCentroid,LC-PFN,0.2821337198838591,0.0045052370987832,2.3144026272348128e-05,29,0.5,29,30,396,2.0,2.0,2.0,2.0,Dipping
3813,9,248,19,NearestCentroid,MMF4,1.0479135842693388,0.0165969583956174,0.0003086396192144,29,0.5,29,30,396,3.0,3.0,3.0,3.0,Dipping
3814,9,248,19,NearestCentroid,WBL4,1.2260773625858428,0.0193806689168898,0.0004144404388853,29,0.5,29,30,396,4.0,4.0,4.0,4.0,Dipping
3815,9,248,19,NearestCentroid,POW4,0.1080159959997873,0.001723493366242,4.2383894266659e-06,29,0.5,29,30,396,1.0,1.0,1.0,1.0,Dipping
3816,4,162,17,GaussianNB,LC-PFN,1.018266286700964,0.0200704652816057,0.0004037608159705,25,0.5,25,26,398,4.0,4.0,4.0,4.0,Dipping
3817,4,162,17,GaussianNB,MMF4,0.2956990969936263,0.0058707598095697,3.547003721002543e-05,25,0.5,25,26,398,2.0,2.0,2.0,2.0,Dipping
3818,4,162,17,GaussianNB,WBL4,0.3818142538909007,0.007573810985197,5.853618326680008e-05,25,0.5,25,26,398,3.0,3.0,3.0,3.0,Dipping
3819,4,162,17,GaussianNB,POW4,0.0939322366359067,0.0018657357412068,6.667904906308489e-06,25,0.5,25,26,398,1.0,1.0,1.0,1.0,Dipping
3820,17,42,3,SVC_sigmoid,LC-PFN,8.796422183513641,0.1359567940235138,0.0217931922525167,34,0.5,34,35,404,2.0,2.0,2.0,2.0,Dipping
3821,17,42,3,SVC_sigmoid,MMF4,7.537093022864302,0.1215595226084566,0.0213901068980477,34,0.5,34,35,404,1.0,1.0,1.0,1.0,Dipping
3822,17,42,3,SVC_sigmoid,WBL4,16.930683180918464,0.2440622506479818,0.0775551682048684,34,0.5,34,35,404,3.0,3.0,4.0,3.3333333333333335,Dipping
3823,17,42,3,SVC_sigmoid,POW4,19.88206351525513,0.2699961261296263,0.0775126968233184,34,0.5,34,35,404,4.0,4.0,3.0,3.6666666666666665,Dipping
3824,24,191,3,SVC_sigmoid,LC-PFN,5.547769740223885,0.0321767926216125,0.0021828070748597,25,0.5,25,3,411,1.0,1.0,3.0,1.6666666666666667,Dipping
3825,24,191,3,SVC_sigmoid,MMF4,6.232353483586075,0.0366900182337033,0.0013552847163207,25,0.5,25,3,411,2.0,2.0,1.0,1.6666666666666667,Dipping
3826,24,191,3,SVC_sigmoid,WBL4,12.19402381367746,0.0786388988524611,0.0076042613816982,25,0.5,25,3,411,4.0,4.0,4.0,4.0,Dipping
3827,24,191,3,SVC_sigmoid,POW4,7.081643108235605,0.0420559221229296,0.0020857425615763,25,0.5,25,3,411,3.0,3.0,2.0,2.6666666666666665,Dipping
3828,36,72,13,QDA,LC-PFN,9.403793513774872,0.1278016865253448,0.0206639319658279,38,0.5,38,38,415,3.0,3.0,3.0,3.0,Dipping
3829,36,72,13,QDA,MMF4,6.067342691386337,0.0786359612855661,0.0080793909103204,38,0.5,38,38,415,2.0,2.0,2.0,2.0,Dipping
3830,36,72,13,QDA,WBL4,5.755390477169739,0.0742609710796053,0.0071258462015663,38,0.5,38,38,415,1.0,1.0,1.0,1.0,Dipping
3831,36,72,13,QDA,POW4,13.228984976408912,0.1901649329075466,0.0453803218093318,38,0.5,38,38,415,4.0,4.0,4.0,4.0,Dipping
3832,27,136,17,GaussianNB,LC-PFN,0.3833500202745199,0.0075101819820702,5.927268284722231e-05,38,0.5,38,39,416,3.0,3.0,3.0,3.0,Dipping
3833,27,136,17,GaussianNB,MMF4,0.1591652577267122,0.003133216324929,1.3664099150340578e-05,38,0.5,38,39,416,2.0,2.0,2.0,2.0,Dipping
3834,27,136,17,GaussianNB,WBL4,0.0699197976820312,0.0013748377835837,2.8803877863049725e-06,38,0.5,38,39,416,1.0,1.0,1.0,1.0,Dipping
3835,27,136,17,GaussianNB,POW4,0.5941557064170851,0.0117576474798609,0.0001638309838615,38,0.5,38,39,416,4.0,4.0,4.0,4.0,Dipping
3836,33,5,3,SVC_sigmoid,LC-PFN,25.46219229698181,0.0940446481108665,0.0113176116719841,27,0.5,27,27,421,1.0,1.0,1.0,1.0,Dipping
3837,33,5,3,SVC_sigmoid,MMF4,29.88093851007748,0.1057560226189424,0.0137142762683698,27,0.5,27,27,421,4.0,4.0,4.0,4.0,Dipping
3838,33,5,3,SVC_sigmoid,WBL4,29.506510197141527,0.1047983537785251,0.0135126349027772,27,0.5,27,27,421,2.0,2.0,2.0,2.0,Dipping
3839,33,5,3,SVC_sigmoid,POW4,29.506510282428582,0.1047983539973513,0.0135126349487066,27,0.5,27,27,421,3.0,3.0,3.0,3.0,Dipping
3840,43,66,12,LDA,LC-PFN,7.081951946020126,0.0795904994010925,0.006593192461878,25,0.5,25,21,434,4.0,4.0,4.0,4.0,Dipping
3841,43,66,12,LDA,MMF4,6.54196408645977,0.0741021380512141,0.006240771319061,25,0.5,25,21,434,3.0,3.0,3.0,3.0,Dipping
3842,43,66,12,LDA,WBL4,5.978577803685506,0.0681320634532262,0.0053916224811631,25,0.5,25,21,434,1.0,1.0,1.0,1.0,Dipping
3843,43,66,12,LDA,POW4,5.97857785775405,0.0681320640290866,0.0053916225566302,25,0.5,25,21,434,2.0,2.0,2.0,2.0,Dipping
3844,40,111,19,NearestCentroid,LC-PFN,0.9291650727391244,0.0117601156234741,0.0001469669077778,25,0.5,25,21,435,2.0,2.0,2.0,2.0,Dipping
3845,40,111,19,NearestCentroid,MMF4,0.9668449693937848,0.012358185587254,0.0002510251723316,25,0.5,25,21,435,3.0,3.0,3.0,3.0,Dipping
3846,40,111,19,NearestCentroid,WBL4,1.4415703638455315,0.01829247649715,0.00048537545115,25,0.5,25,21,435,4.0,4.0,4.0,4.0,Dipping
3847,40,111,19,NearestCentroid,POW4,0.4937542674471414,0.0063540367452534,7.268607148168986e-05,25,0.5,25,21,435,1.0,1.0,1.0,1.0,Dipping
3848,48,71,12,LDA,LC-PFN,1.3941530138254166,0.0267253722995519,0.0007203199202194,31,0.5,31,31,439,4.0,4.0,4.0,4.0,Dipping
3849,48,71,12,LDA,MMF4,0.2534161798372821,0.0047963092986655,2.8705437970688403e-05,31,0.5,31,31,439,3.0,3.0,3.0,3.0,Dipping
3850,48,71,12,LDA,WBL4,0.2375644727076364,0.0044805786284281,2.656037355176752e-05,31,0.5,31,31,439,1.0,1.0,1.0,1.0,Dipping
3851,48,71,12,LDA,POW4,0.2481304656755188,0.0046951277315259,2.67988724653006e-05,31,0.5,31,31,439,2.0,2.0,2.0,2.0,Dipping
3852,71,88,19,NearestCentroid,LC-PFN,0.3078276291489601,0.0050289784558117,3.394417217350565e-05,35,0.5,35,35,459,3.0,3.0,3.0,3.0,Dipping
3853,71,88,19,NearestCentroid,MMF4,0.2527026836883161,0.0041467948258148,2.2205721719978297e-05,35,0.5,35,35,459,2.0,2.0,2.0,2.0,Dipping
3854,71,88,19,NearestCentroid,WBL4,0.1528074146791063,0.0024921623653184,7.73434858136429e-06,35,0.5,35,35,459,1.0,1.0,1.0,1.0,Dipping
3855,71,88,19,NearestCentroid,POW4,0.3172025321913743,0.005211879656698,3.5845526903172663e-05,35,0.5,35,35,459,4.0,4.0,4.0,4.0,Dipping
3856,82,86,19,NearestCentroid,LC-PFN,0.9766754694283007,0.0145060382783412,0.0002802372910082,35,0.5,35,35,465,4.0,4.0,4.0,4.0,Dipping
3857,82,86,19,NearestCentroid,MMF4,0.2960232416593041,0.004324883329532,2.0115709994925123e-05,35,0.5,35,35,465,2.0,2.0,2.0,2.0,Dipping
3858,82,86,19,NearestCentroid,WBL4,0.3538725010107549,0.0051669419329536,2.8811721291435236e-05,35,0.5,35,35,465,3.0,3.0,3.0,3.0,Dipping
3859,82,86,19,NearestCentroid,POW4,0.0535143594710189,0.0007840402806075,9.489581356248364e-07,35,0.5,35,35,465,1.0,1.0,1.0,1.0,Dipping
3860,80,112,17,GaussianNB,LC-PFN,0.8335407823324203,0.0116621302440762,0.0001875692396424,35,0.5,35,36,467,4.0,4.0,4.0,4.0,Dipping
3861,80,112,17,GaussianNB,MMF4,0.0027178790134708,3.759858113147607e-05,1.4136533031002692e-09,35,0.5,35,36,467,1.0,1.0,1.0,1.0,Dipping
3862,80,112,17,GaussianNB,WBL4,0.1815728964824587,0.0025163429570789,6.331981877641098e-06,35,0.5,35,36,467,3.0,3.0,3.0,3.0,Dipping
3863,80,112,17,GaussianNB,POW4,0.1815728157009871,0.0025163418355258,6.331976233217718e-06,35,0.5,35,36,467,2.0,2.0,2.0,2.0,Dipping
3864,85,226,12,LDA,LC-PFN,55.717670917510986,0.3555677533149719,0.1402478069067001,49,0.5,49,50,469,4.0,4.0,4.0,4.0,Dipping
3865,85,226,12,LDA,MMF4,37.88863065999012,0.2783103481825179,0.0916203299106333,49,0.5,49,50,469,3.0,3.0,3.0,3.0,Dipping
3866,85,226,12,LDA,WBL4,37.88294644980518,0.278281943346777,0.0916039126387935,49,0.5,49,50,469,2.0,2.0,2.0,2.0,Dipping
3867,85,226,12,LDA,POW4,35.26494716501267,0.2647587802021359,0.0835339440802977,49,0.5,49,50,469,1.0,1.0,1.0,1.0,Dipping
3868,92,74,13,QDA,LC-PFN,0.3339152317494154,0.0055633722804486,3.959142850362696e-05,29,0.5,29,30,478,1.0,1.0,1.0,1.0,Dipping
3869,92,74,13,QDA,MMF4,0.8471659579710177,0.014096044560711,0.0002197283325427,29,0.5,29,30,478,2.0,2.0,2.0,2.0,Dipping
3870,92,74,13,QDA,WBL4,1.05850733086317,0.0175724817428133,0.0003309957016211,29,0.5,29,30,478,3.0,3.0,3.0,3.0,Dipping
3871,92,74,13,QDA,POW4,3.356876250785501,0.0583620934930074,0.0035384065961176,29,0.5,29,30,478,4.0,4.0,4.0,4.0,Dipping
3872,98,131,3,SVC_sigmoid,LC-PFN,1.7061583697795868,0.0324927903711795,0.0010588240111246,35,0.5,35,36,483,4.0,4.0,4.0,4.0,Dipping
3873,98,131,3,SVC_sigmoid,MMF4,7.749745755668978e-05,1.450605887505353e-06,6.970789542729664e-11,35,0.5,35,36,483,3.0,3.0,1.0,2.3333333333333335,Dipping
3874,98,131,3,SVC_sigmoid,WBL4,7.457732078444338e-05,1.3959450381924772e-06,7.014390512794034e-11,35,0.5,35,36,483,1.0,1.0,2.0,1.3333333333333333,Dipping
3875,98,131,3,SVC_sigmoid,POW4,7.534195889122162e-05,1.4102579878019465e-06,7.020083681856332e-11,35,0.5,35,36,483,2.0,2.0,3.0,2.3333333333333335,Dipping
3876,95,178,3,SVC_sigmoid,LC-PFN,4.063372313976288,0.0312158185988664,0.0013146513374522,33,0.5,33,34,484,4.0,4.0,4.0,4.0,Dipping
3877,95,178,3,SVC_sigmoid,MMF4,1.3800068276272786,0.0110495496972952,0.0001951000615798,33,0.5,33,34,484,2.0,2.0,2.0,2.0,Dipping
3878,95,178,3,SVC_sigmoid,WBL4,1.2371799426543624,0.0098819671289597,0.0001698644087395,33,0.5,33,34,484,1.0,1.0,1.0,1.0,Dipping
3879,95,178,3,SVC_sigmoid,POW4,2.284908291178792,0.0185275680747468,0.0004265178691297,33,0.5,33,34,484,3.0,3.0,3.0,3.0,Dipping
3880,86,154,19,NearestCentroid,LC-PFN,1.935635507106781,0.0194302182644605,0.0005586106562986,43,0.5,43,43,485,4.0,4.0,4.0,4.0,Dipping
3881,86,154,19,NearestCentroid,MMF4,0.6800127424588449,0.0068830209363538,7.596832621337191e-05,43,0.5,43,43,485,1.0,1.0,1.0,1.0,Dipping
3882,86,154,19,NearestCentroid,WBL4,0.6915914447449054,0.0070006922881479,7.904552559449544e-05,43,0.5,43,43,485,3.0,3.0,3.0,3.0,Dipping
3883,86,154,19,NearestCentroid,POW4,0.6915913576985743,0.0070006914025285,7.904549853575359e-05,43,0.5,43,43,485,2.0,2.0,2.0,2.0,Dipping
3884,101,118,19,NearestCentroid,LC-PFN,0.6155551411211491,0.0082508660852909,9.094847337109968e-05,27,0.5,27,27,497,4.0,4.0,4.0,4.0,Dipping
3885,101,118,19,NearestCentroid,MMF4,0.428793784728426,0.0057305690343095,3.456249026041198e-05,27,0.5,27,27,497,3.0,3.0,3.0,3.0,Dipping
3886,101,118,19,NearestCentroid,WBL4,0.4262920057576794,0.0056969568067894,3.4142314104485334e-05,27,0.5,27,27,497,2.0,2.0,2.0,2.0,Dipping
3887,101,118,19,NearestCentroid,POW4,0.2957899602753939,0.0039468238057005,1.6448744240063985e-05,27,0.5,27,27,497,1.0,1.0,1.0,1.0,Dipping
3888,115,92,17,GaussianNB,LC-PFN,7.01642706990242,0.1067942753434181,0.0138024035841226,40,0.5,40,41,501,1.0,1.0,1.0,1.0,Dipping
3889,115,92,17,GaussianNB,MMF4,7.82822424332206,0.1181102535147554,0.01695730319654,40,0.5,40,41,501,3.0,3.0,3.0,3.0,Dipping
3890,115,92,17,GaussianNB,WBL4,8.167344723979769,0.1227711641996486,0.0183051211566161,40,0.5,40,41,501,4.0,4.0,4.0,4.0,Dipping
3891,115,92,17,GaussianNB,POW4,7.786877726357458,0.1175395005019137,0.0167945486713434,40,0.5,40,41,501,2.0,2.0,2.0,2.0,Dipping
3892,116,181,19,NearestCentroid,LC-PFN,2.0159346982836723,0.0194802060723304,0.0005466080619953,25,0.5,25,23,502,4.0,4.0,4.0,4.0,Dipping
3893,116,181,19,NearestCentroid,MMF4,0.8330580220998461,0.0082320229917889,9.008597979858164e-05,25,0.5,25,23,502,3.0,3.0,3.0,3.0,Dipping
3894,116,181,19,NearestCentroid,WBL4,0.4834445400246296,0.0047955325316707,3.267614989613647e-05,25,0.5,25,23,502,2.0,2.0,2.0,2.0,Dipping
3895,116,181,19,NearestCentroid,POW4,0.4834445371861151,0.0047955325034711,3.2676149756155105e-05,25,0.5,25,23,502,1.0,1.0,1.0,1.0,Dipping
3896,111,256,17,GaussianNB,LC-PFN,1.9595196470618248,0.0188150983303785,0.0004808563680853,49,0.5,49,49,503,3.0,1.0,4.0,2.6666666666666665,Dipping
3897,111,256,17,GaussianNB,MMF4,1.879324450009698,0.0189208007452805,0.0003628823412337,49,0.5,49,49,503,2.0,3.0,2.0,2.3333333333333335,Dipping
3898,111,256,17,GaussianNB,WBL4,1.8785443229134344,0.0189127940614095,0.0003625794196857,49,0.5,49,49,503,1.0,2.0,1.0,1.3333333333333333,Dipping
3899,111,256,17,GaussianNB,POW4,2.06760808029562,0.0208569430716469,0.0004397152604385,49,0.5,49,49,503,4.0,4.0,3.0,3.6666666666666665,Dipping
3900,119,73,3,SVC_sigmoid,LC-PFN,5.375367030501366,0.0746687948703765,0.0070015541277825,35,0.5,35,35,507,4.0,4.0,4.0,4.0,Dipping
3901,119,73,3,SVC_sigmoid,MMF4,5.0098721757006,0.0692257231837444,0.005759053583705,35,0.5,35,35,507,1.0,1.0,1.0,1.0,Dipping
3902,119,73,3,SVC_sigmoid,WBL4,5.010357894645921,0.0692328610442675,0.0057599870751405,35,0.5,35,35,507,2.0,2.0,2.0,2.0,Dipping
3903,119,73,3,SVC_sigmoid,POW4,5.156323792813579,0.0713823563066781,0.00608126083048,35,0.5,35,35,507,3.0,3.0,3.0,3.0,Dipping
3904,132,165,19,NearestCentroid,LC-PFN,1.888158731162548,0.0254704281687736,0.0006716181524097,66,0.5,66,67,512,1.0,1.0,1.0,1.0,Dipping
3905,132,165,19,NearestCentroid,MMF4,8.315150545380806,0.1059434738245153,0.0115176974618731,66,0.5,66,67,512,4.0,4.0,4.0,4.0,Dipping
3906,132,165,19,NearestCentroid,WBL4,8.204641250523927,0.1046439237123754,0.0112218454475464,66,0.5,66,67,512,3.0,3.0,3.0,3.0,Dipping
3907,132,165,19,NearestCentroid,POW4,6.387908561487768,0.0827927417238671,0.0069145991997725,66,0.5,66,67,512,2.0,2.0,2.0,2.0,Dipping
3908,139,208,19,NearestCentroid,LC-PFN,14.432162046432495,0.1001820862293243,0.0101175447925925,50,0.5,50,50,520,4.0,4.0,4.0,4.0,Dipping
3909,139,208,19,NearestCentroid,MMF4,9.353654992466936,0.0686203285178845,0.0053116459114429,50,0.5,50,50,520,3.0,3.0,3.0,3.0,Dipping
3910,139,208,19,NearestCentroid,WBL4,8.331111045942244,0.0617739199974401,0.0044184929007683,50,0.5,50,50,520,1.0,1.0,1.0,1.0,Dipping
3911,139,208,19,NearestCentroid,POW4,8.331111046611833,0.0617739200019692,0.0044184929013632,50,0.5,50,50,520,2.0,2.0,2.0,2.0,Dipping
3912,135,236,17,GaussianNB,LC-PFN,1.2999624013900757,0.0190562345087528,0.000590453215409,27,0.5,27,28,522,3.0,3.0,3.0,3.0,Dipping
3913,135,236,17,GaussianNB,MMF4,0.6993070493672103,0.0101244277336699,0.0001186572825129,27,0.5,27,28,522,2.0,2.0,2.0,2.0,Dipping
3914,135,236,17,GaussianNB,WBL4,0.164416830399017,0.0023634783383665,7.620039753744374e-06,27,0.5,27,28,522,1.0,1.0,1.0,1.0,Dipping
3915,135,236,17,GaussianNB,POW4,5.247500751261562,0.0800479886600544,0.0070982077622132,27,0.5,27,28,522,4.0,4.0,4.0,4.0,Dipping
3916,141,259,19,NearestCentroid,LC-PFN,0.9634030051529408,0.010862180031836,0.0001527613640064,35,0.5,35,36,524,4.0,4.0,4.0,4.0,Dipping
3917,141,259,19,NearestCentroid,MMF4,0.3997070887008103,0.0045241792975469,3.055001407610539e-05,35,0.5,35,36,524,1.0,1.0,1.0,1.0,Dipping
3918,141,259,19,NearestCentroid,WBL4,0.4568190764416374,0.0051663674761271,3.872971330999934e-05,35,0.5,35,36,524,3.0,3.0,3.0,3.0,Dipping
3919,141,259,19,NearestCentroid,POW4,0.4018772208244996,0.0045485997571334,3.084749240595639e-05,35,0.5,35,36,524,2.0,2.0,2.0,2.0,Dipping
3920,145,122,17,GaussianNB,LC-PFN,0.186750350985676,0.0036329224240034,1.6811798559501767e-05,40,0.5,40,40,526,1.0,1.0,1.0,1.0,Dipping
3921,145,122,17,GaussianNB,MMF4,0.4118669785191967,0.0080387009521339,6.744653256814595e-05,40,0.5,40,40,526,2.0,2.0,2.0,2.0,Dipping
3922,145,122,17,GaussianNB,WBL4,0.7189777778501429,0.0138716666666716,0.000196860813889,40,0.5,40,40,526,4.0,4.0,4.0,4.0,Dipping
3923,145,122,17,GaussianNB,POW4,0.4494349363474518,0.0087990348578369,0.0001109804544485,40,0.5,40,40,526,3.0,3.0,3.0,3.0,Dipping
3924,136,92,19,NearestCentroid,LC-PFN,1.4759786427021029,0.0143292034044861,0.0003463300527073,40,0.5,40,41,529,4.0,4.0,4.0,4.0,Dipping
3925,136,92,19,NearestCentroid,MMF4,0.2807867775364058,0.0027838467053362,8.303877913340752e-06,40,0.5,40,41,529,1.0,1.0,1.0,1.0,Dipping
3926,136,92,19,NearestCentroid,WBL4,0.7518778511819905,0.0074916773886391,5.748826281770693e-05,40,0.5,40,41,529,3.0,3.0,3.0,3.0,Dipping
3927,136,92,19,NearestCentroid,POW4,0.7518778506595681,0.0074916773833933,5.748826273851576e-05,40,0.5,40,41,529,2.0,2.0,2.0,2.0,Dipping
3928,155,224,12,LDA,LC-PFN,0.8295463398098946,0.0163202155381441,0.0002667600347194,32,0.5,32,33,534,4.0,4.0,4.0,4.0,Dipping
3929,155,224,12,LDA,MMF4,0.0411829839703339,0.0008170589169492,9.101652587730747e-07,32,0.5,32,33,534,1.0,1.0,1.0,1.0,Dipping
3930,155,224,12,LDA,WBL4,0.6420247739282011,0.0126545685614995,0.0001606002283755,32,0.5,32,33,534,2.0,2.0,2.0,2.0,Dipping
3931,155,224,12,LDA,POW4,0.6420249099116603,0.0126545712246313,0.0001606002926389,32,0.5,32,33,534,3.0,3.0,3.0,3.0,Dipping
3932,118,215,3,SVC_sigmoid,LC-PFN,2.0769139751791954,0.0304518118500709,0.0012266734847798,26,0.5,26,26,543,2.0,2.0,2.0,2.0,Dipping
3933,118,215,3,SVC_sigmoid,MMF4,2.572785468225386,0.0375010506988907,0.001865317405295,26,0.5,26,26,543,4.0,4.0,4.0,4.0,Dipping
3934,118,215,3,SVC_sigmoid,WBL4,1.212282028976906,0.0180279231594997,0.0005407309382534,26,0.5,26,26,543,1.0,1.0,1.0,1.0,Dipping
3935,118,215,3,SVC_sigmoid,POW4,2.479602661706924,0.036180984087273,0.0017297533657091,26,0.5,26,26,543,3.0,3.0,3.0,3.0,Dipping
3936,156,62,13,QDA,LC-PFN,15.865842998027802,0.0494609028100967,0.0025062416680157,25,0.5,25,18,544,4.0,4.0,4.0,4.0,Dipping
3937,156,62,13,QDA,MMF4,1.6697917442567198,0.0060027724164706,5.362510985250612e-05,25,0.5,25,18,544,1.0,1.0,1.0,1.0,Dipping
3938,156,62,13,QDA,WBL4,1.7195887432492638,0.0061878103672414,6.364562522820831e-05,25,0.5,25,18,544,2.0,2.0,2.0,2.0,Dipping
3939,156,62,13,QDA,POW4,2.449575866535504,0.0089118686651612,0.0001183902087303,25,0.5,25,18,544,3.0,3.0,3.0,3.0,Dipping
3940,161,54,19,NearestCentroid,LC-PFN,1.8016878515481949,0.0252856817096471,0.0010014752624556,29,0.5,29,30,545,2.0,2.0,2.0,2.0,Dipping
3941,161,54,19,NearestCentroid,MMF4,1.472983149029459,0.019736792417562,0.0004494791020548,29,0.5,29,30,545,1.0,1.0,1.0,1.0,Dipping
3942,161,54,19,NearestCentroid,WBL4,3.267599495618868,0.042925576891583,0.0020778755617463,29,0.5,29,30,545,3.0,3.0,3.0,3.0,Dipping
3943,161,54,19,NearestCentroid,POW4,5.489244632672404,0.0805536872298765,0.0083661020286475,29,0.5,29,30,545,4.0,4.0,4.0,4.0,Dipping
3944,170,228,13,QDA,LC-PFN,11.941921710968018,0.1271693110466003,0.0390435792505741,25,0.5,25,20,553,4.0,4.0,1.0,3.0,Dipping
3945,170,228,13,QDA,MMF4,9.330208659643702,0.1096146438107786,0.0430763031199222,25,0.5,25,20,553,2.0,2.0,3.0,2.3333333333333335,Dipping
3946,170,228,13,QDA,WBL4,9.769056501081725,0.1139227026427182,0.0469267740766362,25,0.5,25,20,553,3.0,3.0,4.0,3.3333333333333335,Dipping
3947,170,228,13,QDA,POW4,9.130121389270888,0.107288924409086,0.0398740697811152,25,0.5,25,20,553,1.0,1.0,2.0,1.3333333333333333,Dipping
3948,175,155,19,NearestCentroid,LC-PFN,1.5731796622276306,0.022270455956459,0.0006414807285182,40,0.5,40,40,554,4.0,4.0,4.0,4.0,Dipping
3949,175,155,19,NearestCentroid,MMF4,0.3390544971458537,0.004722425463261,2.64453118659952e-05,40,0.5,40,40,554,2.0,2.0,2.0,2.0,Dipping
3950,175,155,19,NearestCentroid,WBL4,0.2512572505962633,0.003495777461872,1.5952026602163725e-05,40,0.5,40,40,554,1.0,1.0,1.0,1.0,Dipping
3951,175,155,19,NearestCentroid,POW4,1.4959283985024103,0.0210968907278189,0.0004676602499432,40,0.5,40,40,554,3.0,3.0,3.0,3.0,Dipping
3952,174,159,13,QDA,LC-PFN,4.2653638869524,0.0647200718522071,0.0046657770872116,25,0.5,25,26,555,4.0,4.0,4.0,4.0,Dipping
3953,174,159,13,QDA,MMF4,2.021930994233339,0.0313912118848802,0.001097016524393,25,0.5,25,26,555,1.0,1.0,1.0,1.0,Dipping
3954,174,159,13,QDA,WBL4,2.486649373315985,0.0387255161428654,0.0018539164135316,25,0.5,25,26,555,3.0,3.0,3.0,3.0,Dipping
3955,174,159,13,QDA,POW4,2.172385529915588,0.0331407638388482,0.0013464112603974,25,0.5,25,26,555,2.0,2.0,2.0,2.0,Dipping
3956,171,99,13,QDA,LC-PFN,3.628838062286377,0.0514467097818851,0.0029403904918581,25,0.5,25,21,557,2.0,2.0,2.0,2.0,Dipping
3957,171,99,13,QDA,MMF4,5.315289941246007,0.0833567588928508,0.0079716030243475,25,0.5,25,21,557,3.0,3.0,3.0,3.0,Dipping
3958,171,99,13,QDA,WBL4,6.699299938333926,0.0922052430039957,0.0103040599878024,25,0.5,25,21,557,4.0,4.0,4.0,4.0,Dipping
3959,171,99,13,QDA,POW4,3.351904842378474,0.0470287412130782,0.0022537003812478,25,0.5,25,21,557,1.0,1.0,1.0,1.0,Dipping
3960,192,145,13,QDA,LC-PFN,2.564452402293682,0.0470001697540283,0.0031004885677248,25,0.5,25,22,571,3.0,3.0,3.0,3.0,Dipping
3961,192,145,13,QDA,MMF4,1.7417689931189873,0.0314904521818732,0.0018889603197196,25,0.5,25,22,571,2.0,2.0,2.0,2.0,Dipping
3962,192,145,13,QDA,WBL4,1.6491861073788532,0.0297612833954658,0.0017830457248824,25,0.5,25,22,571,1.0,1.0,1.0,1.0,Dipping
3963,192,145,13,QDA,POW4,4.121735792904316,0.0771375421292313,0.0073270325758346,25,0.5,25,22,571,4.0,4.0,4.0,4.0,Dipping
3964,197,132,19,NearestCentroid,LC-PFN,0.638823164626956,0.0112490961328148,0.0001566040591569,36,0.5,36,37,574,4.0,4.0,4.0,4.0,Dipping
3965,197,132,19,NearestCentroid,MMF4,0.1017417357652648,0.0017755145729147,3.335079723245704e-06,36,0.5,36,37,574,2.0,2.0,2.0,2.0,Dipping
3966,197,132,19,NearestCentroid,WBL4,0.1265135602829554,0.0022072391910847,5.0678903348117855e-06,36,0.5,36,37,574,3.0,3.0,3.0,3.0,Dipping
3967,197,132,19,NearestCentroid,POW4,0.049295444294825,0.0008607675654891,8.744422085649461e-07,36,0.5,36,37,574,1.0,1.0,1.0,1.0,Dipping
3968,199,209,12,LDA,LC-PFN,3.937733173370361,0.0532593801617622,0.0033964456524699,25,0.5,25,14,580,1.0,1.0,1.0,1.0,Dipping
3969,199,209,12,LDA,MMF4,8.357472563132351,0.1077538882557902,0.0128347883333972,25,0.5,25,14,580,3.0,3.0,3.0,3.0,Dipping
3970,199,209,12,LDA,WBL4,8.396076504339426,0.1082092379641629,0.0129331271866327,25,0.5,25,14,580,4.0,4.0,4.0,4.0,Dipping
3971,199,209,12,LDA,POW4,7.565627075407745,0.0983376547976988,0.0108315368385288,25,0.5,25,14,580,2.0,2.0,2.0,2.0,Dipping
3972,165,190,3,SVC_sigmoid,LC-PFN,7.442891597747803,0.0704532265663147,0.0063250344246625,32,0.5,32,33,581,3.0,3.0,3.0,3.0,Dipping
3973,165,190,3,SVC_sigmoid,MMF4,5.918083034615091,0.0546877862287065,0.0037257934002321,32,0.5,32,33,581,2.0,2.0,2.0,2.0,Dipping
3974,165,190,3,SVC_sigmoid,WBL4,3.899432616314011,0.0350015135925534,0.0016441334809436,32,0.5,32,33,581,1.0,1.0,1.0,1.0,Dipping
3975,165,190,3,SVC_sigmoid,POW4,12.335421043849836,0.1263001277866723,0.0210380798017364,32,0.5,32,33,581,4.0,4.0,4.0,4.0,Dipping
3976,8,206,19,NearestCentroid,LC-PFN,0.8313782513141632,0.0153279043734073,0.0002428392908768,51,0.7,51,23,584,4.0,4.0,4.0,4.0,Dipping
3977,8,206,19,NearestCentroid,MMF4,0.0645015474567101,0.0011782805962321,1.5550492393685622e-06,51,0.7,51,23,584,1.0,1.0,1.0,1.0,Dipping
3978,8,206,19,NearestCentroid,WBL4,0.1224352477650127,0.0022351934636823,5.259726553688337e-06,51,0.7,51,23,584,2.0,2.0,2.0,2.0,Dipping
3979,8,206,19,NearestCentroid,POW4,0.1771639527225046,0.0032440250622993,1.087671148042669e-05,51,0.7,51,23,584,3.0,3.0,3.0,3.0,Dipping
3980,4,162,17,GaussianNB,LC-PFN,1.0427595116198063,0.0205622389912605,0.0004232456267345,35,0.7,35,16,586,4.0,4.0,4.0,4.0,Dipping
3981,4,162,17,GaussianNB,MMF4,0.0673623852793435,0.0013414875830977,2.2162926614211137e-06,35,0.7,35,16,586,1.0,1.0,1.0,1.0,Dipping
3982,4,162,17,GaussianNB,WBL4,0.103634684390393,0.0020629603682528,4.720325929734605e-06,35,0.7,35,16,586,2.0,2.0,2.0,2.0,Dipping
3983,4,162,17,GaussianNB,POW4,0.8832271669442054,0.0174439878247877,0.0003047572316575,35,0.7,35,16,586,3.0,3.0,3.0,3.0,Dipping
3984,9,248,19,NearestCentroid,LC-PFN,0.2855073194950819,0.0045850938186049,2.5136760086752474e-05,41,0.7,41,18,588,2.0,2.0,2.0,2.0,Dipping
3985,9,248,19,NearestCentroid,MMF4,0.4041781719824889,0.0064688821573172,4.421844101448863e-05,41,0.7,41,18,588,3.0,3.0,3.0,3.0,Dipping
3986,9,248,19,NearestCentroid,WBL4,0.4794345332508663,0.0076675763979092,6.145586934541112e-05,41,0.7,41,18,588,4.0,4.0,4.0,4.0,Dipping
3987,9,248,19,NearestCentroid,POW4,0.1135919332774153,0.0018232833626213,5.542010866630471e-06,41,0.7,41,18,588,1.0,1.0,1.0,1.0,Dipping
3988,3,183,19,NearestCentroid,LC-PFN,20.05922794342041,0.0630169063806533,0.0039775222539901,74,0.7,74,32,591,4.0,4.0,4.0,4.0,Dipping
3989,3,183,19,NearestCentroid,MMF4,10.867180635412591,0.0369807610247144,0.0013760418678894,74,0.7,74,32,591,3.0,3.0,3.0,3.0,Dipping
3990,3,183,19,NearestCentroid,WBL4,1.980754211432092,0.0073459135074347,6.241637490034778e-05,74,0.7,74,32,591,1.0,1.0,1.0,1.0,Dipping
3991,3,183,19,NearestCentroid,POW4,5.681703627305069,0.0237296343139991,0.0008887237757497,74,0.7,74,32,591,2.0,2.0,2.0,2.0,Dipping
3992,17,42,3,SVC_sigmoid,LC-PFN,2.79089380055666,0.0496006868779659,0.0025647096335887,48,0.7,48,21,596,1.0,1.0,1.0,1.0,Dipping
3993,17,42,3,SVC_sigmoid,MMF4,3.6268377458576486,0.0639196514856628,0.0042040607376438,48,0.7,48,21,596,2.0,2.0,2.0,2.0,Dipping
3994,17,42,3,SVC_sigmoid,WBL4,7.072403159613162,0.1207852192347297,0.0157432691566672,48,0.7,48,21,596,3.0,3.0,3.0,3.0,Dipping
3995,17,42,3,SVC_sigmoid,POW4,15.07417821909431,0.2375263856627046,0.0565917902572637,48,0.7,48,21,596,4.0,4.0,4.0,4.0,Dipping
3996,24,191,3,SVC_sigmoid,LC-PFN,5.547769740223885,0.0321767926216125,0.0021828070748597,25,0.7,25,3,603,1.0,1.0,3.0,1.6666666666666667,Dipping
3997,24,191,3,SVC_sigmoid,MMF4,6.232353483586075,0.0366900182337033,0.0013552847163207,25,0.7,25,3,603,2.0,2.0,1.0,1.6666666666666667,Dipping
3998,24,191,3,SVC_sigmoid,WBL4,12.19402381367746,0.0786388988524611,0.0076042613816982,25,0.7,25,3,603,4.0,4.0,4.0,4.0,Dipping
3999,24,191,3,SVC_sigmoid,POW4,7.081643108235605,0.0420559221229296,0.0020857425615763,25,0.7,25,3,603,3.0,3.0,2.0,2.6666666666666665,Dipping
4000,27,136,17,GaussianNB,LC-PFN,0.3292921930551529,0.0064471364021301,4.274124876246788e-05,53,0.7,53,24,607,3.0,3.0,3.0,3.0,Dipping
4001,27,136,17,GaussianNB,MMF4,0.1737174768304552,0.0034174399564956,1.2844685269759792e-05,53,0.7,53,24,607,2.0,2.0,2.0,2.0,Dipping
4002,27,136,17,GaussianNB,WBL4,0.1277323349720779,0.0025114923701665,7.430568883427205e-06,53,0.7,53,24,607,1.0,1.0,1.0,1.0,Dipping
4003,27,136,17,GaussianNB,POW4,0.3683772339315602,0.007261875677098,5.463296114371243e-05,53,0.7,53,24,607,4.0,4.0,4.0,4.0,Dipping
4004,36,72,13,QDA,LC-PFN,1.5707464888691902,0.018748415634036,0.0004897632170468,53,0.7,53,23,615,1.0,1.0,1.0,1.0,Dipping
4005,36,72,13,QDA,MMF4,7.331401715706464,0.0933543686818691,0.0088729585861875,53,0.7,53,23,615,3.0,3.0,3.0,3.0,Dipping
4006,36,72,13,QDA,WBL4,6.896666558645026,0.0874000925641064,0.0077939832459594,53,0.7,53,23,615,2.0,2.0,2.0,2.0,Dipping
4007,36,72,13,QDA,POW4,8.255756803380649,0.1062161967629406,0.0115103596437677,53,0.7,53,23,615,4.0,4.0,4.0,4.0,Dipping
4008,40,111,19,NearestCentroid,LC-PFN,1.5845734626054764,0.0201838351786136,0.0004143271944485,32,0.7,32,14,622,4.0,4.0,3.0,3.6666666666666665,Dipping
4009,40,111,19,NearestCentroid,MMF4,1.2990255244333302,0.0166403591762474,0.0003448697117122,32,0.7,32,14,622,2.0,2.0,2.0,2.0,Dipping
4010,40,111,19,NearestCentroid,WBL4,1.5155704220474129,0.019363305348425,0.0004552647000007,32,0.7,32,14,622,3.0,3.0,4.0,3.3333333333333335,Dipping
4011,40,111,19,NearestCentroid,POW4,0.9161361016261844,0.0117946235879432,0.000186054225489,32,0.7,32,14,622,1.0,1.0,1.0,1.0,Dipping
4012,43,66,12,LDA,LC-PFN,1.8573006615042689,0.0225416589528322,0.0005830270820297,32,0.7,32,14,625,1.0,1.0,2.0,1.3333333333333333,Dipping
4013,43,66,12,LDA,MMF4,1.8807810775668516,0.0226869037417156,0.0005478425162561,32,0.7,32,14,625,2.0,2.0,1.0,1.6666666666666667,Dipping
4014,43,66,12,LDA,WBL4,1.9854187633679177,0.0241317602259812,0.0008588533326675,32,0.7,32,14,625,3.0,3.0,4.0,3.3333333333333335,Dipping
4015,43,66,12,LDA,POW4,2.111431552870421,0.0254103844385179,0.0006769331228308,32,0.7,32,14,625,4.0,4.0,3.0,3.6666666666666665,Dipping
4016,48,71,12,LDA,LC-PFN,1.50853144004941,0.0289443582296371,0.0008420585654675,43,0.7,43,19,632,4.0,4.0,4.0,4.0,Dipping
4017,48,71,12,LDA,MMF4,0.5309759756387462,0.0100897094440115,0.0001157716767538,43,0.7,43,19,632,2.0,2.0,2.0,2.0,Dipping
4018,48,71,12,LDA,WBL4,0.3115206277736319,0.0059047093277589,4.060108333156587e-05,43,0.7,43,19,632,1.0,1.0,1.0,1.0,Dipping
4019,48,71,12,LDA,POW4,0.5581061050129399,0.0106085057232111,0.0001277842797045,43,0.7,43,19,632,3.0,3.0,3.0,3.0,Dipping
4020,71,88,19,NearestCentroid,LC-PFN,0.2338426420465111,0.0038132071495056,2.2049633116694167e-05,49,0.7,49,21,648,3.0,2.0,3.0,2.6666666666666665,Dipping
4021,71,88,19,NearestCentroid,MMF4,0.2323262159864039,0.0038185122333165,1.6114903292011494e-05,49,0.7,49,21,648,2.0,3.0,2.0,2.3333333333333335,Dipping
4022,71,88,19,NearestCentroid,WBL4,0.0633827858225217,0.0010392169745804,1.634745102173689e-06,49,0.7,49,21,648,1.0,1.0,1.0,1.0,Dipping
4023,71,88,19,NearestCentroid,POW4,0.2818833860693401,0.0046358986637915,2.3758299838851707e-05,49,0.7,49,21,648,4.0,4.0,4.0,4.0,Dipping
4024,82,86,19,NearestCentroid,LC-PFN,0.5614515393972397,0.0082936147227883,8.992929360829294e-05,49,0.7,49,21,659,4.0,4.0,4.0,4.0,Dipping
4025,82,86,19,NearestCentroid,MMF4,0.0696900772387163,0.0010217145426988,1.40933921454703e-06,49,0.7,49,21,659,2.0,2.0,2.0,2.0,Dipping
4026,82,86,19,NearestCentroid,WBL4,0.1338190016031254,0.0019604315282954,4.396745984378825e-06,49,0.7,49,21,659,3.0,3.0,3.0,3.0,Dipping
4027,82,86,19,NearestCentroid,POW4,0.0563562389144669,0.0008266369143929,1.009526352940438e-06,49,0.7,49,21,659,1.0,1.0,1.0,1.0,Dipping
4028,80,112,17,GaussianNB,LC-PFN,0.4011425655335188,0.0055732782930135,3.844332240987569e-05,49,0.7,49,22,663,4.0,4.0,4.0,4.0,Dipping
4029,80,112,17,GaussianNB,MMF4,0.0016824422799418,2.3274320617686332e-05,5.416940002148594e-10,49,0.7,49,22,663,1.0,1.0,1.0,1.0,Dipping
4030,80,112,17,GaussianNB,WBL4,0.1297622164169665,0.0017973874428502,3.2306016197156883e-06,49,0.7,49,22,663,3.0,3.0,3.0,3.0,Dipping
4031,80,112,17,GaussianNB,POW4,0.1297622049327659,0.0017973872835713,3.230601047144076e-06,49,0.7,49,22,663,2.0,2.0,2.0,2.0,Dipping
4032,85,226,12,LDA,LC-PFN,3.734686598181725,0.0415648594498634,0.0019424285273998,69,0.7,69,30,664,2.0,1.0,1.0,1.3333333333333333,Dipping
4033,85,226,12,LDA,MMF4,3.4996240880192477,0.0418595152512718,0.0025970747594765,69,0.7,69,30,664,1.0,2.0,2.0,1.6666666666666667,Dipping
4034,85,226,12,LDA,WBL4,6.2503043464767964,0.0823591199377098,0.0112756459386521,69,0.7,69,30,664,3.0,3.0,3.0,3.0,Dipping
4035,85,226,12,LDA,POW4,13.2307663875696,0.1330210145265725,0.0177716846748383,69,0.7,69,30,664,4.0,4.0,4.0,4.0,Dipping
4036,92,74,13,QDA,LC-PFN,0.3607213962823152,0.0060425004921853,4.224325311952271e-05,41,0.7,41,18,665,1.0,1.0,1.0,1.0,Dipping
4037,92,74,13,QDA,MMF4,0.6742845537839098,0.0112749128738001,0.0001303621340559,41,0.7,41,18,665,2.0,2.0,2.0,2.0,Dipping
4038,92,74,13,QDA,WBL4,0.8601008421448496,0.014354966078805,0.000209395864928,41,0.7,41,18,665,3.0,3.0,3.0,3.0,Dipping
4039,92,74,13,QDA,POW4,1.5934554899286228,0.0272624537153004,0.0007511490477823,41,0.7,41,18,665,4.0,4.0,4.0,4.0,Dipping
4040,86,154,19,NearestCentroid,LC-PFN,1.827067509293556,0.018126867711544,0.000510660582222,60,0.7,60,26,670,4.0,4.0,4.0,4.0,Dipping
4041,86,154,19,NearestCentroid,MMF4,1.007323667233126,0.0101781004145797,0.0001622400219987,60,0.7,60,26,670,1.0,1.0,1.0,1.0,Dipping
4042,86,154,19,NearestCentroid,WBL4,1.334084235182215,0.0135459999464567,0.0002723550709995,60,0.7,60,26,670,3.0,3.0,3.0,3.0,Dipping
4043,86,154,19,NearestCentroid,POW4,1.2779466019310164,0.0129681417356272,0.0002654451332889,60,0.7,60,26,670,2.0,2.0,2.0,2.0,Dipping
4044,98,131,3,SVC_sigmoid,LC-PFN,1.7018603160977364,0.0324090681970119,0.001052601612173,49,0.7,49,22,677,4.0,4.0,4.0,4.0,Dipping
4045,98,131,3,SVC_sigmoid,MMF4,0.0001228595013502,2.299695676419048e-06,1.146296678966184e-10,49,0.7,49,22,677,2.0,2.0,1.0,1.6666666666666667,Dipping
4046,98,131,3,SVC_sigmoid,WBL4,0.0017866506507395,3.344406081644143e-05,1.3030881063400163e-09,49,0.7,49,22,677,3.0,3.0,3.0,3.0,Dipping
4047,98,131,3,SVC_sigmoid,POW4,0.0001220998008286,2.2854751517420446e-06,1.147893535012678e-10,49,0.7,49,22,677,1.0,1.0,2.0,1.3333333333333333,Dipping
4048,95,178,3,SVC_sigmoid,LC-PFN,5.751728266477585,0.042858425527811,0.0022667031735181,46,0.7,46,21,678,4.0,4.0,4.0,4.0,Dipping
4049,95,178,3,SVC_sigmoid,MMF4,1.4485245137971203,0.0114931082776751,0.000216457118908,46,0.7,46,21,678,2.0,2.0,2.0,2.0,Dipping
4050,95,178,3,SVC_sigmoid,WBL4,1.4155734687389838,0.0112254250899243,0.0002097221459753,46,0.7,46,21,678,1.0,1.0,1.0,1.0,Dipping
4051,95,178,3,SVC_sigmoid,POW4,2.0211006661468742,0.0161733806004313,0.0003489176887879,46,0.7,46,21,678,3.0,3.0,3.0,3.0,Dipping
4052,101,118,19,NearestCentroid,LC-PFN,0.2560981083661318,0.0033899545669555,2.105277235386893e-05,37,0.7,37,17,682,4.0,4.0,4.0,4.0,Dipping
4053,101,118,19,NearestCentroid,MMF4,0.1901836561086359,0.0025260378365062,8.994580647977385e-06,37,0.7,37,17,682,3.0,3.0,3.0,3.0,Dipping
4054,101,118,19,NearestCentroid,WBL4,0.0761576852920288,0.0010138121006474,1.5245897567221425e-06,37,0.7,37,17,682,1.0,1.0,1.0,1.0,Dipping
4055,101,118,19,NearestCentroid,POW4,0.1017278984532709,0.0013546841006781,2.43258010912876e-06,37,0.7,37,17,682,2.0,2.0,2.0,2.0,Dipping
4056,111,256,17,GaussianNB,LC-PFN,3.857719525694847,0.0367713160812854,0.0013779475120827,68,0.7,68,30,690,4.0,4.0,4.0,4.0,Dipping
4057,111,256,17,GaussianNB,MMF4,1.1956853754195191,0.0117037762610054,0.0001525127209786,68,0.7,68,30,690,3.0,3.0,3.0,3.0,Dipping
4058,111,256,17,GaussianNB,WBL4,0.6040009169820062,0.0060200157151345,3.819000225805975e-05,68,0.7,68,30,690,1.0,1.0,1.0,1.0,Dipping
4059,111,256,17,GaussianNB,POW4,1.0395748411205707,0.0104083767322206,0.0001102786897645,68,0.7,68,30,690,2.0,2.0,2.0,2.0,Dipping
4060,115,92,17,GaussianNB,LC-PFN,1.81875042617321,0.0302204210311174,0.0010588977020233,56,0.7,56,25,694,4.0,4.0,3.0,3.6666666666666665,Dipping
4061,115,92,17,GaussianNB,MMF4,1.4988852926314435,0.0249424583950796,0.0007329049259582,56,0.7,56,25,694,1.0,1.0,1.0,1.0,Dipping
4062,115,92,17,GaussianNB,WBL4,1.6964306309109174,0.0288482530205429,0.0010817831246309,56,0.7,56,25,694,3.0,3.0,4.0,3.3333333333333335,Dipping
4063,115,92,17,GaussianNB,POW4,1.543112303957277,0.0253898116348729,0.0009174481157798,56,0.7,56,25,694,2.0,2.0,2.0,2.0,Dipping
4064,119,73,3,SVC_sigmoid,LC-PFN,1.423671841621399,0.0184090845286846,0.0004096570773981,49,0.7,49,21,696,1.0,1.0,1.0,1.0,Dipping
4065,119,73,3,SVC_sigmoid,MMF4,3.0779798813746373,0.0375780666543056,0.0019178624539682,49,0.7,49,21,696,2.0,2.0,2.0,2.0,Dipping
4066,119,73,3,SVC_sigmoid,WBL4,5.411764392065596,0.0733938023826126,0.0056544152877534,49,0.7,49,21,696,4.0,4.0,4.0,4.0,Dipping
4067,119,73,3,SVC_sigmoid,POW4,5.411764376420002,0.0733938021576558,0.005654415254733,49,0.7,49,21,696,3.0,3.0,3.0,3.0,Dipping
4068,116,181,19,NearestCentroid,LC-PFN,1.6018837690353394,0.0156144341453909,0.0003448741917964,33,0.7,33,15,701,4.0,4.0,4.0,4.0,Dipping
4069,116,181,19,NearestCentroid,MMF4,0.6813111684244152,0.0067445411388674,6.057925615432087e-05,33,0.7,33,15,701,3.0,3.0,3.0,3.0,Dipping
4070,116,181,19,NearestCentroid,WBL4,0.4223863293933911,0.0041916410635953,2.66644181979454e-05,33,0.7,33,15,701,1.0,1.0,1.0,1.0,Dipping
4071,116,181,19,NearestCentroid,POW4,0.4223863413680003,0.0041916411824689,2.666442218670639e-05,33,0.7,33,15,701,2.0,2.0,2.0,2.0,Dipping
4072,135,236,17,GaussianNB,LC-PFN,0.8852485567331314,0.012843987904489,0.000201255272259,38,0.7,38,17,712,3.0,3.0,3.0,3.0,Dipping
4073,135,236,17,GaussianNB,MMF4,0.4565391457893523,0.006586001201518,4.790447413675374e-05,38,0.7,38,17,712,2.0,2.0,2.0,2.0,Dipping
4074,135,236,17,GaussianNB,WBL4,0.1941498278754332,0.002792106376808,1.0477588565258755e-05,38,0.7,38,17,712,1.0,1.0,1.0,1.0,Dipping
4075,135,236,17,GaussianNB,POW4,3.3166361193112657,0.0493172458973754,0.0025126411032714,38,0.7,38,17,712,4.0,4.0,4.0,4.0,Dipping
4076,132,165,19,NearestCentroid,LC-PFN,0.3020071890205145,0.0042183310724794,2.2831640308140777e-05,93,0.7,93,40,713,1.0,1.0,1.0,1.0,Dipping
4077,132,165,19,NearestCentroid,MMF4,1.686178772748808,0.0232599546613932,0.0005615524382214,93,0.7,93,40,713,2.0,2.0,2.0,2.0,Dipping
4078,132,165,19,NearestCentroid,WBL4,1.8507332788341344,0.0254872400424587,0.0006701463278219,93,0.7,93,40,713,3.0,3.0,3.0,3.0,Dipping
4079,132,165,19,NearestCentroid,POW4,3.494374259365369,0.0511779822196525,0.0030792268634886,93,0.7,93,40,713,4.0,4.0,4.0,4.0,Dipping
4080,139,208,19,NearestCentroid,LC-PFN,12.09757998585701,0.0895279124379158,0.0080313794314861,70,0.7,70,30,717,4.0,4.0,4.0,4.0,Dipping
4081,139,208,19,NearestCentroid,MMF4,9.206585181245355,0.0700671415936634,0.0050219718420525,70,0.7,70,30,717,3.0,3.0,3.0,3.0,Dipping
4082,139,208,19,NearestCentroid,WBL4,4.117132060074581,0.032938515105813,0.0011975132571948,70,0.7,70,30,717,1.0,1.0,1.0,1.0,Dipping
4083,139,208,19,NearestCentroid,POW4,4.960070821954907,0.0449751503951291,0.0030133355950129,70,0.7,70,30,717,2.0,2.0,2.0,2.0,Dipping
4084,136,92,19,NearestCentroid,LC-PFN,2.8624901548027992,0.0274090822786092,0.0008491967455483,56,0.7,56,25,719,4.0,4.0,4.0,4.0,Dipping
4085,136,92,19,NearestCentroid,MMF4,0.0639381286092392,0.0006315519808005,4.147088590161391e-07,56,0.7,56,25,719,1.0,1.0,1.0,1.0,Dipping
4086,136,92,19,NearestCentroid,WBL4,0.5886428271922315,0.0058524373435459,3.436993558886806e-05,56,0.7,56,25,719,3.0,3.0,3.0,3.0,Dipping
4087,136,92,19,NearestCentroid,POW4,0.5886428035331663,0.0058524371069237,3.436993281886205e-05,56,0.7,56,25,719,2.0,2.0,2.0,2.0,Dipping
4088,141,259,19,NearestCentroid,LC-PFN,1.381409540772438,0.0154556008055806,0.0002886355505324,49,0.7,49,22,720,4.0,4.0,4.0,4.0,Dipping
4089,141,259,19,NearestCentroid,MMF4,0.5890717300684012,0.0066724457612938,4.746976188071351e-05,49,0.7,49,22,720,1.0,1.0,1.0,1.0,Dipping
4090,141,259,19,NearestCentroid,WBL4,0.6365978063730574,0.0072071520881995,5.5154967309182414e-05,49,0.7,49,22,720,3.0,3.0,3.0,3.0,Dipping
4091,141,259,19,NearestCentroid,POW4,0.5904157278263635,0.0066875739005806,4.767879914722946e-05,49,0.7,49,22,720,2.0,2.0,2.0,2.0,Dipping
4092,145,122,17,GaussianNB,LC-PFN,0.1103978720493614,0.0021506324410438,4.7860648919595405e-06,56,0.7,56,24,723,1.0,1.0,1.0,1.0,Dipping
4093,145,122,17,GaussianNB,MMF4,0.1122182723152696,0.002181449583735,4.951588119337527e-06,56,0.7,56,24,723,2.0,2.0,2.0,2.0,Dipping
4094,145,122,17,GaussianNB,WBL4,0.2192602027922573,0.0042576165907384,1.8352676262812544e-05,56,0.7,56,24,723,3.0,3.0,3.0,3.0,Dipping
4095,145,122,17,GaussianNB,POW4,0.2464885582249519,0.004810972486132,2.7184238360173307e-05,56,0.7,56,24,723,4.0,4.0,4.0,4.0,Dipping
4096,155,224,12,LDA,LC-PFN,0.8467951789498329,0.0166641119867563,0.0002777055487968,45,0.7,45,20,732,4.0,4.0,4.0,4.0,Dipping
4097,155,224,12,LDA,MMF4,0.111636473101571,0.0022130387973137,4.916128056009369e-06,45,0.7,45,20,732,1.0,1.0,1.0,1.0,Dipping
4098,155,224,12,LDA,WBL4,0.1153453549193417,0.0022864772346743,5.246565487633879e-06,45,0.7,45,20,732,2.0,2.0,2.0,2.0,Dipping
4099,155,224,12,LDA,POW4,0.2241552923399253,0.0044589311164204,2.061148496435616e-05,45,0.7,45,20,732,3.0,3.0,3.0,3.0,Dipping
4100,156,62,13,QDA,LC-PFN,16.714416444301605,0.0515838824212551,0.0027024527080357,30,0.7,30,13,733,4.0,4.0,4.0,4.0,Dipping
4101,156,62,13,QDA,MMF4,1.5348574364216436,0.0055163397582383,4.135592757616527e-05,30,0.7,30,13,733,1.0,1.0,1.0,1.0,Dipping
4102,156,62,13,QDA,WBL4,1.5823812464767015,0.0056886882621777,4.564365774818255e-05,30,0.7,30,13,733,2.0,2.0,2.0,2.0,Dipping
4103,156,62,13,QDA,POW4,1.871371197752271,0.0067509242335868,6.750454747659499e-05,30,0.7,30,13,733,3.0,3.0,3.0,3.0,Dipping
4104,161,54,19,NearestCentroid,LC-PFN,1.3713443651795387,0.019177608191967,0.0004510434519033,41,0.7,41,18,734,3.0,3.0,3.0,3.0,Dipping
4105,161,54,19,NearestCentroid,MMF4,0.3643268298752141,0.004986248783709,3.048714300625439e-05,41,0.7,41,18,734,1.0,1.0,1.0,1.0,Dipping
4106,161,54,19,NearestCentroid,WBL4,1.1201524312785618,0.0152078399553066,0.0002466558184715,41,0.7,41,18,734,2.0,2.0,2.0,2.0,Dipping
4107,161,54,19,NearestCentroid,POW4,3.3723414505756755,0.0481112403003302,0.0025470688123612,41,0.7,41,18,734,4.0,4.0,4.0,4.0,Dipping
4108,165,190,3,SVC_sigmoid,LC-PFN,4.485006630420685,0.0366913378238678,0.0016152823809534,45,0.7,45,20,740,3.0,2.0,2.0,2.3333333333333335,Dipping
4109,165,190,3,SVC_sigmoid,MMF4,4.169407624438862,0.0368386019413636,0.0016697812956324,45,0.7,45,20,740,2.0,3.0,3.0,2.6666666666666665,Dipping
4110,165,190,3,SVC_sigmoid,WBL4,3.7000725152564464,0.0324881019368607,0.0013669128169938,45,0.7,45,20,740,1.0,1.0,1.0,1.0,Dipping
4111,165,190,3,SVC_sigmoid,POW4,4.847214184998594,0.0432049796649041,0.002139923507366,45,0.7,45,20,740,4.0,4.0,4.0,4.0,Dipping
4112,171,99,13,QDA,LC-PFN,1.9192064180970192,0.0285800825804471,0.0010236996458843,32,0.7,32,14,745,2.0,2.0,2.0,2.0,Dipping
4113,171,99,13,QDA,MMF4,4.301272462730209,0.0623181153711066,0.0045629789698286,32,0.7,32,14,745,3.0,3.0,3.0,3.0,Dipping
4114,171,99,13,QDA,WBL4,4.706633171354109,0.0678851848270837,0.0053202054217477,32,0.7,32,14,745,4.0,4.0,4.0,4.0,Dipping
4115,171,99,13,QDA,POW4,1.4829129351356327,0.0218929314618335,0.0005171675134376,32,0.7,32,14,745,1.0,1.0,1.0,1.0,Dipping
4116,170,228,13,QDA,LC-PFN,18.288877606391907,0.1968890875577926,0.0741894245147705,31,0.7,31,14,746,4.0,4.0,3.0,3.6666666666666665,Dipping
4117,170,228,13,QDA,MMF4,14.676938292915034,0.1694673033211244,0.0710312546711923,31,0.7,31,14,746,2.0,2.0,2.0,2.0,Dipping
4118,170,228,13,QDA,WBL4,15.589265493771393,0.1774062787043897,0.0754335955158469,31,0.7,31,14,746,3.0,3.0,4.0,3.3333333333333335,Dipping
4119,170,228,13,QDA,POW4,13.224321478897986,0.1563599107905119,0.0633589975288689,31,0.7,31,14,746,1.0,1.0,1.0,1.0,Dipping
4120,174,159,13,QDA,LC-PFN,0.5995649378746748,0.0098477005958557,0.0001213044379255,35,0.7,35,16,747,1.0,1.0,1.0,1.0,Dipping
4121,174,159,13,QDA,MMF4,2.606068358127472,0.0445837946161145,0.0027337906354198,35,0.7,35,16,747,3.0,3.0,3.0,3.0,Dipping
4122,174,159,13,QDA,WBL4,3.467098341507055,0.0599184138233102,0.0047562992240641,35,0.7,35,16,747,4.0,4.0,4.0,4.0,Dipping
4123,174,159,13,QDA,POW4,1.2605930128149845,0.020118549321297,0.000572500137285,35,0.7,35,16,747,2.0,2.0,2.0,2.0,Dipping
4124,175,155,19,NearestCentroid,LC-PFN,0.534607982262969,0.0074543156661093,6.9603935116902e-05,56,0.7,56,24,748,3.0,3.0,3.0,3.0,Dipping
4125,175,155,19,NearestCentroid,MMF4,0.3526776383741059,0.00490481650719,2.472260032560331e-05,56,0.7,56,24,748,2.0,2.0,2.0,2.0,Dipping
4126,175,155,19,NearestCentroid,WBL4,0.3149827945015284,0.0043788726576708,1.983986220645774e-05,56,0.7,56,24,748,1.0,1.0,1.0,1.0,Dipping
4127,175,155,19,NearestCentroid,POW4,0.8156553399967126,0.0113973050452585,0.0001312287770554,56,0.7,56,24,748,4.0,4.0,4.0,4.0,Dipping
4128,192,145,13,QDA,LC-PFN,3.154236450791359,0.0575016699731349,0.0041303667239844,32,0.7,32,15,765,3.0,3.0,3.0,3.0,Dipping
4129,192,145,13,QDA,MMF4,2.3903906973070392,0.043122186536221,0.0026651094605766,32,0.7,32,15,765,2.0,2.0,2.0,2.0,Dipping
4130,192,145,13,QDA,WBL4,2.3222734492376547,0.0418508583505061,0.002557080833563,32,0.7,32,15,765,1.0,1.0,1.0,1.0,Dipping
4131,192,145,13,QDA,POW4,4.019453911589021,0.0740732403217128,0.006439218703859,32,0.7,32,15,765,4.0,4.0,4.0,4.0,Dipping
4132,197,132,19,NearestCentroid,LC-PFN,0.3934685606509447,0.0069075743667781,6.145911174826324e-05,51,0.7,51,22,770,3.0,3.0,3.0,3.0,Dipping
4133,197,132,19,NearestCentroid,MMF4,1.5881315666825335,0.0283327003352524,0.0010518413256698,51,0.7,51,22,770,4.0,4.0,4.0,4.0,Dipping
4134,197,132,19,NearestCentroid,WBL4,0.0779559027511684,0.0013609347970228,1.901199080462411e-06,51,0.7,51,22,770,2.0,2.0,2.0,2.0,Dipping
4135,197,132,19,NearestCentroid,POW4,0.0372406667269143,0.000650417520528,4.748136002042333e-07,51,0.7,51,22,770,1.0,1.0,1.0,1.0,Dipping
4136,199,209,12,LDA,LC-PFN,3.405410796403885,0.0467195697128772,0.002480472670868,27,0.7,27,12,772,2.0,2.0,1.0,1.6666666666666667,Dipping
4137,199,209,12,LDA,MMF4,6.254172233610826,0.0981238392103475,0.0133899339778885,27,0.7,27,12,772,4.0,4.0,4.0,4.0,Dipping
4138,199,209,12,LDA,WBL4,3.337871196715688,0.0459298119576799,0.0028141392461997,27,0.7,27,12,772,1.0,1.0,3.0,1.6666666666666667,Dipping
4139,199,209,12,LDA,POW4,3.7192091356428167,0.0506683197960811,0.0026910787719817,27,0.7,27,12,772,3.0,3.0,2.0,2.6666666666666665,Dipping
4140,33,5,3,SVC_sigmoid,LC-PFN,31.71170949935913,0.1234451159834861,0.0157366637140512,37,0.7,37,17,773,3.0,3.0,3.0,3.0,Dipping
4141,33,5,3,SVC_sigmoid,MMF4,36.22650707988317,0.398032890593979,0.2525036966954635,37,0.7,37,17,773,4.0,4.0,4.0,4.0,Dipping
4142,33,5,3,SVC_sigmoid,WBL4,13.209719595340063,0.0602919843378789,0.0040585138022275,37,0.7,37,17,773,2.0,2.0,2.0,2.0,Dipping
4143,33,5,3,SVC_sigmoid,POW4,10.207198014267968,0.0475955395079358,0.002670358956629,37,0.7,37,17,773,1.0,1.0,1.0,1.0,Dipping
4144,118,215,3,SVC_sigmoid,LC-PFN,0.6177276372909546,0.0093569457530975,0.0001230878697242,36,0.7,36,16,776,2.0,2.0,2.0,2.0,Dipping
4145,118,215,3,SVC_sigmoid,MMF4,14.487911763726444,0.1872919977619764,0.0412936575057132,36,0.7,36,16,776,4.0,4.0,4.0,4.0,Dipping
4146,118,215,3,SVC_sigmoid,WBL4,0.4893386518975577,0.0074202869653183,7.987320125254462e-05,36,0.7,36,16,776,1.0,1.0,1.0,1.0,Dipping
4147,118,215,3,SVC_sigmoid,POW4,1.1816480018949398,0.0177158028012135,0.0004020645504337,36,0.7,36,16,776,3.0,3.0,3.0,3.0,Dipping
4148,4,162,17,GaussianNB,LC-PFN,1.0604496113955977,0.0209150910377502,0.0004376885772217,45,0.9,45,6,780,4.0,4.0,4.0,4.0,Dipping
4149,4,162,17,GaussianNB,MMF4,0.0412767916112417,0.0008225017105562,9.134761058379708e-07,45,0.9,45,6,780,1.0,1.0,1.0,1.0,Dipping
4150,4,162,17,GaussianNB,WBL4,0.0654730362344849,0.0013042642787722,1.9334374287967736e-06,45,0.9,45,6,780,2.0,2.0,2.0,2.0,Dipping
4151,4,162,17,GaussianNB,POW4,0.0764693590603321,0.0015252661286135,2.8823857582934287e-06,45,0.9,45,6,780,3.0,3.0,3.0,3.0,Dipping
4152,8,206,19,NearestCentroid,LC-PFN,0.6594481877982616,0.0121368542313575,0.0001496873592259,66,0.9,66,8,781,4.0,4.0,4.0,4.0,Dipping
4153,8,206,19,NearestCentroid,MMF4,0.0223123267902746,0.0004078148531325,1.8066952488625492e-07,66,0.9,66,8,781,1.0,1.0,1.0,1.0,Dipping
4154,8,206,19,NearestCentroid,WBL4,0.053689013804301,0.0009809895562982,9.724775890582567e-07,66,0.9,66,8,781,2.0,2.0,2.0,2.0,Dipping
4155,8,206,19,NearestCentroid,POW4,0.1199010050786338,0.002194594023822,4.8592857597759685e-06,66,0.9,66,8,781,3.0,3.0,3.0,3.0,Dipping
4156,9,248,19,NearestCentroid,LC-PFN,0.5181804299354553,0.0082926945760846,7.348795043071732e-05,53,0.9,53,6,782,4.0,4.0,4.0,4.0,Dipping
4157,9,248,19,NearestCentroid,MMF4,0.0662290838588306,0.0010656314028665,2.2580237397717203e-06,53,0.9,53,6,782,1.0,1.0,2.0,1.3333333333333333,Dipping
4158,9,248,19,NearestCentroid,WBL4,0.2262583945620932,0.0036329099686366,1.4841058819033612e-05,53,0.9,53,6,782,3.0,3.0,3.0,3.0,Dipping
4159,9,248,19,NearestCentroid,POW4,0.0803850695818493,0.0012934540248168,1.7899890983242811e-06,53,0.9,53,6,782,2.0,2.0,1.0,1.6666666666666667,Dipping
4160,3,183,19,NearestCentroid,LC-PFN,20.84621489048004,0.0660919472575187,0.0043682525865733,95,0.9,95,11,789,4.0,4.0,4.0,4.0,Dipping
4161,3,183,19,NearestCentroid,MMF4,8.592335252288159,0.0303157521144056,0.0009191427346257,95,0.9,95,11,789,3.0,3.0,3.0,3.0,Dipping
4162,3,183,19,NearestCentroid,WBL4,1.3243884758714424,0.0050081372629007,2.5179347207691652e-05,95,0.9,95,11,789,1.0,1.0,1.0,1.0,Dipping
4163,3,183,19,NearestCentroid,POW4,2.72387144362697,0.0107471687608193,0.0001215760053032,95,0.9,95,11,789,2.0,2.0,2.0,2.0,Dipping
4164,17,42,3,SVC_sigmoid,LC-PFN,1.479493826627731,0.028283255174756,0.0008106129243969,62,0.9,62,7,792,3.0,3.0,3.0,3.0,Dipping
4165,17,42,3,SVC_sigmoid,MMF4,0.7373450032855918,0.0140077228455247,0.0002030352214195,62,0.9,62,7,792,1.0,1.0,1.0,1.0,Dipping
4166,17,42,3,SVC_sigmoid,WBL4,0.9222122799703928,0.0172236010028893,0.0003101412967412,62,0.9,62,7,792,2.0,2.0,2.0,2.0,Dipping
4167,17,42,3,SVC_sigmoid,POW4,10.81841535246632,0.1838547986269549,0.0338474722431135,62,0.9,62,7,792,4.0,4.0,4.0,4.0,Dipping
4168,27,136,17,GaussianNB,LC-PFN,0.3518798388540745,0.0068884566426277,4.773068212671205e-05,69,0.9,69,8,798,4.0,4.0,4.0,4.0,Dipping
4169,27,136,17,GaussianNB,MMF4,0.0693477531808295,0.0013630951304504,2.1696132541245485e-06,69,0.9,69,8,798,2.0,2.0,2.0,2.0,Dipping
4170,27,136,17,GaussianNB,WBL4,0.0542663725613444,0.0010664609131012,1.4494935621478636e-06,69,0.9,69,8,798,1.0,1.0,1.0,1.0,Dipping
4171,27,136,17,GaussianNB,POW4,0.1658183185019575,0.0032626873852002,1.0917834341903872e-05,69,0.9,69,8,798,3.0,3.0,3.0,3.0,Dipping
4172,24,191,3,SVC_sigmoid,LC-PFN,5.547769740223885,0.0321767926216125,0.0021828070748597,25,0.9,25,3,799,1.0,1.0,3.0,1.6666666666666667,Dipping
4173,24,191,3,SVC_sigmoid,MMF4,6.232353483586075,0.0366900182337033,0.0013552847163207,25,0.9,25,3,799,2.0,2.0,1.0,1.6666666666666667,Dipping
4174,24,191,3,SVC_sigmoid,WBL4,12.19402381367746,0.0786388988524611,0.0076042613816982,25,0.9,25,3,799,4.0,4.0,4.0,4.0,Dipping
4175,24,191,3,SVC_sigmoid,POW4,7.081643108235605,0.0420559221229296,0.0020857425615763,25,0.9,25,3,799,3.0,3.0,2.0,2.6666666666666665,Dipping
4176,36,72,13,QDA,LC-PFN,1.5267214737832546,0.0174421370029449,0.0003174590237904,68,0.9,68,8,812,1.0,1.0,1.0,1.0,Dipping
4177,36,72,13,QDA,MMF4,1.6449123671467982,0.0194014797089297,0.0003778486716841,68,0.9,68,8,812,2.0,2.0,2.0,2.0,Dipping
4178,36,72,13,QDA,WBL4,5.579298267586997,0.0685310402775195,0.0047004112383105,68,0.9,68,8,812,4.0,4.0,4.0,4.0,Dipping
4179,36,72,13,QDA,POW4,5.403018581179107,0.0662420286320926,0.0043923819038185,68,0.9,68,8,812,3.0,3.0,3.0,3.0,Dipping
4180,40,111,19,NearestCentroid,LC-PFN,0.9083021432161332,0.0118308421224355,0.0001439860498066,41,0.9,41,5,816,4.0,4.0,4.0,4.0,Dipping
4181,40,111,19,NearestCentroid,MMF4,0.7747149562301889,0.0101084203919681,0.0001053705592246,41,0.9,41,5,816,2.0,2.0,2.0,2.0,Dipping
4182,40,111,19,NearestCentroid,WBL4,0.8624403809954939,0.0112434195697036,0.0001298469504587,41,0.9,41,5,816,3.0,3.0,3.0,3.0,Dipping
4183,40,111,19,NearestCentroid,POW4,0.7579229029843304,0.0098909355471356,0.0001009940806104,41,0.9,41,5,816,1.0,1.0,1.0,1.0,Dipping
4184,48,71,12,LDA,LC-PFN,1.458162907510996,0.0279339551925659,0.0007810207898728,55,0.9,55,7,823,4.0,4.0,4.0,4.0,Dipping
4185,48,71,12,LDA,MMF4,0.2669694702477395,0.0050529247761557,2.621546729619417e-05,55,0.9,55,7,823,2.0,2.0,2.0,2.0,Dipping
4186,48,71,12,LDA,WBL4,0.1978417195201849,0.0037418366891129,1.47084522042087e-05,55,0.9,55,7,823,1.0,1.0,1.0,1.0,Dipping
4187,48,71,12,LDA,POW4,0.3167152096111075,0.0059975411746241,3.66612844539865e-05,55,0.9,55,7,823,3.0,3.0,3.0,3.0,Dipping
4188,71,88,19,NearestCentroid,LC-PFN,0.3503734478726983,0.005732808727771,3.663666939246468e-05,63,0.9,63,7,840,4.0,4.0,4.0,4.0,Dipping
4189,71,88,19,NearestCentroid,MMF4,0.1071366081364006,0.0017614779231491,3.759671772478736e-06,63,0.9,63,7,840,2.0,2.0,2.0,2.0,Dipping
4190,71,88,19,NearestCentroid,WBL4,0.0656785927664207,0.0010782795967633,1.6085009147291718e-06,63,0.9,63,7,840,1.0,1.0,1.0,1.0,Dipping
4191,71,88,19,NearestCentroid,POW4,0.1379963997512331,0.0022696296443147,5.8762928499918575e-06,63,0.9,63,7,840,3.0,3.0,3.0,3.0,Dipping
4192,82,86,19,NearestCentroid,LC-PFN,0.1191622344776988,0.0017479999223724,3.989193373854505e-06,63,0.9,63,7,851,4.0,4.0,4.0,4.0,Dipping
4193,82,86,19,NearestCentroid,MMF4,0.0235702885450382,0.0003458328383848,2.042200601332148e-07,63,0.9,63,7,851,1.0,1.0,1.0,1.0,Dipping
4194,82,86,19,NearestCentroid,WBL4,0.0811079904121138,0.0011891482065522,1.545141104845821e-06,63,0.9,63,7,851,3.0,3.0,3.0,3.0,Dipping
4195,82,86,19,NearestCentroid,POW4,0.0316914491975585,0.0004650445160343,2.889137263145748e-07,63,0.9,63,7,851,2.0,2.0,2.0,2.0,Dipping
4196,85,226,12,LDA,LC-PFN,0.5230666138231754,0.006341147236526,4.749104846268892e-05,89,0.9,89,10,856,1.0,1.0,1.0,1.0,Dipping
4197,85,226,12,LDA,MMF4,5.850960998825511,0.0759166961389448,0.006109615166886,89,0.9,89,10,856,4.0,4.0,4.0,4.0,Dipping
4198,85,226,12,LDA,WBL4,1.2701490697505222,0.0156177801472285,0.0002457239055632,89,0.9,89,10,856,3.0,3.0,3.0,3.0,Dipping
4199,85,226,12,LDA,POW4,0.8182288849513688,0.0097595789579396,0.0001431651247185,89,0.9,89,10,856,2.0,2.0,2.0,2.0,Dipping
4200,80,112,17,GaussianNB,LC-PFN,0.1869881758466363,0.0025807172060012,9.85222231975058e-06,63,0.9,63,8,858,4.0,4.0,4.0,4.0,Dipping
4201,80,112,17,GaussianNB,MMF4,0.0012177586558402,1.684597089855744e-05,2.83786735515044e-10,63,0.9,63,8,858,1.0,1.0,1.0,1.0,Dipping
4202,80,112,17,GaussianNB,WBL4,0.1009566955797356,0.0013979876352668,1.9543694283608487e-06,63,0.9,63,8,858,3.0,3.0,3.0,3.0,Dipping
4203,80,112,17,GaussianNB,POW4,0.1009552496428708,0.0013979675925681,1.9543133898708204e-06,63,0.9,63,8,858,2.0,2.0,2.0,2.0,Dipping
4204,86,154,19,NearestCentroid,LC-PFN,1.9226672127842903,0.0185929965227842,0.0003501913161017,77,0.9,77,9,859,4.0,4.0,4.0,4.0,Dipping
4205,86,154,19,NearestCentroid,MMF4,1.7011129231527948,0.0170600149315179,0.0002915636214359,77,0.9,77,9,859,1.0,1.0,1.0,1.0,Dipping
4206,86,154,19,NearestCentroid,WBL4,1.7236695340244648,0.0172902186115945,0.0002994869635725,77,0.9,77,9,859,3.0,3.0,3.0,3.0,Dipping
4207,86,154,19,NearestCentroid,POW4,1.7056890212893316,0.0171067052756576,0.0002931585086567,77,0.9,77,9,859,2.0,2.0,2.0,2.0,Dipping
4208,92,74,13,QDA,LC-PFN,0.3530191956087947,0.0059282877482473,3.760087565751746e-05,53,0.9,53,6,864,1.0,1.0,1.0,1.0,Dipping
4209,92,74,13,QDA,MMF4,0.5028769015442877,0.0084351649645897,7.161518196308007e-05,53,0.9,53,6,864,2.0,2.0,2.0,2.0,Dipping
4210,92,74,13,QDA,WBL4,0.6430999184607592,0.010772134083903,0.0001165042922227,53,0.9,53,6,864,3.0,3.0,3.0,3.0,Dipping
4211,92,74,13,QDA,POW4,0.9968349680904064,0.0169735250952794,0.0002885387112422,53,0.9,53,6,864,4.0,4.0,4.0,4.0,Dipping
4212,95,178,3,SVC_sigmoid,LC-PFN,9.081769734621048,0.0640031918883323,0.004190428648144,60,0.9,60,7,865,4.0,4.0,4.0,4.0,Dipping
4213,95,178,3,SVC_sigmoid,MMF4,2.509230927747723,0.0197285948523622,0.000425879100483,60,0.9,60,7,865,2.0,2.0,2.0,2.0,Dipping
4214,95,178,3,SVC_sigmoid,WBL4,2.4999922571982003,0.0196539140230133,0.000422937773572,60,0.9,60,7,865,1.0,1.0,1.0,1.0,Dipping
4215,95,178,3,SVC_sigmoid,POW4,2.8786185013901004,0.0227261909498452,0.0005533734113527,60,0.9,60,7,865,3.0,3.0,3.0,3.0,Dipping
4216,98,131,3,SVC_sigmoid,LC-PFN,1.6101207584142685,0.0306325405836105,0.0009389988263137,63,0.9,63,8,867,4.0,4.0,4.0,4.0,Dipping
4217,98,131,3,SVC_sigmoid,MMF4,0.0003359422953854,6.28819845405193e-06,3.15497591134913e-10,63,0.9,63,8,867,2.0,2.0,1.0,1.6666666666666667,Dipping
4218,98,131,3,SVC_sigmoid,WBL4,0.0009702976942296,1.8162514700090227e-05,6.217091720051576e-10,63,0.9,63,8,867,3.0,3.0,3.0,3.0,Dipping
4219,98,131,3,SVC_sigmoid,POW4,0.0003356345345243,6.282437603796764e-06,3.156633454009086e-10,63,0.9,63,8,867,1.0,1.0,2.0,1.3333333333333333,Dipping
4220,101,118,19,NearestCentroid,LC-PFN,0.3397193504497409,0.0045065679587423,2.3363078071270135e-05,48,0.9,48,6,872,4.0,4.0,4.0,4.0,Dipping
4221,101,118,19,NearestCentroid,MMF4,0.1595898167184245,0.0021225928322029,5.2315878033339655e-06,48,0.9,48,6,872,3.0,3.0,3.0,3.0,Dipping
4222,101,118,19,NearestCentroid,WBL4,0.036144018930162,0.0004814814720934,2.86699450682084e-07,48,0.9,48,6,872,2.0,2.0,1.0,1.6666666666666667,Dipping
4223,101,118,19,NearestCentroid,POW4,0.036140548481181,0.000481435237483,2.985577530346989e-07,48,0.9,48,6,872,1.0,1.0,2.0,1.3333333333333333,Dipping
4224,115,92,17,GaussianNB,LC-PFN,0.8607269264757633,0.0147637920454144,0.000240155524807,72,0.9,72,9,884,1.0,1.0,1.0,1.0,Dipping
4225,115,92,17,GaussianNB,MMF4,2.8914339071261823,0.0507449587853515,0.0026655219117915,72,0.9,72,9,884,4.0,4.0,4.0,4.0,Dipping
4226,115,92,17,GaussianNB,WBL4,1.7529646587211556,0.0303638880617685,0.0009488737657733,72,0.9,72,9,884,3.0,3.0,3.0,3.0,Dipping
4227,115,92,17,GaussianNB,POW4,0.9398170165168432,0.0161715210696516,0.0003068391295965,72,0.9,72,9,884,2.0,2.0,2.0,2.0,Dipping
4228,119,73,3,SVC_sigmoid,LC-PFN,1.783786155283451,0.022131809964776,0.0005417342181317,63,0.9,63,7,889,2.0,2.0,2.0,2.0,Dipping
4229,119,73,3,SVC_sigmoid,MMF4,0.577465309316138,0.0072934879007678,7.483154712930447e-05,63,0.9,63,7,889,1.0,1.0,1.0,1.0,Dipping
4230,119,73,3,SVC_sigmoid,WBL4,5.357534147942722,0.0713425388226768,0.0051337968277287,63,0.9,63,7,889,4.0,4.0,4.0,4.0,Dipping
4231,119,73,3,SVC_sigmoid,POW4,5.357534147909813,0.0713425388222135,0.0051337968276624,63,0.9,63,7,889,3.0,3.0,3.0,3.0,Dipping
4232,118,215,3,SVC_sigmoid,LC-PFN,1.4049789868295193,0.0215171966701746,0.0005046185688115,46,0.9,46,6,890,2.0,2.0,2.0,2.0,Dipping
4233,118,215,3,SVC_sigmoid,MMF4,2.679375176818057,0.0416418344130944,0.0019113384749369,46,0.9,46,6,890,4.0,4.0,4.0,4.0,Dipping
4234,118,215,3,SVC_sigmoid,WBL4,0.9598438816550808,0.014626910900951,0.000234764840752,46,0.9,46,6,890,1.0,1.0,1.0,1.0,Dipping
4235,118,215,3,SVC_sigmoid,POW4,1.682506847421011,0.0258682279258875,0.0007741917631393,46,0.9,46,6,890,3.0,3.0,3.0,3.0,Dipping
4236,111,256,17,GaussianNB,LC-PFN,3.699764236807823,0.0354177728295326,0.001255668932572,88,0.9,88,10,891,4.0,4.0,4.0,4.0,Dipping
4237,111,256,17,GaussianNB,MMF4,0.6456838388329089,0.0064516027759393,4.1818506378508005e-05,88,0.9,88,10,891,3.0,3.0,3.0,3.0,Dipping
4238,111,256,17,GaussianNB,WBL4,0.3678317228918226,0.0036649999520926,1.3627552648799187e-05,88,0.9,88,10,891,1.0,1.0,1.0,1.0,Dipping
4239,111,256,17,GaussianNB,POW4,0.6454862339624122,0.006449615441032,4.1792816141143934e-05,88,0.9,88,10,891,2.0,2.0,2.0,2.0,Dipping
4240,116,181,19,NearestCentroid,LC-PFN,4.8057518899440765,0.0458124354481697,0.0021113320253789,43,0.9,43,5,893,4.0,4.0,4.0,4.0,Dipping
4241,116,181,19,NearestCentroid,MMF4,0.6728503091017835,0.0066926109650412,6.219667552125327e-05,43,0.9,43,5,893,3.0,3.0,3.0,3.0,Dipping
4242,116,181,19,NearestCentroid,WBL4,0.4629370949568107,0.0046187321002461,2.7277021278684743e-05,43,0.9,43,5,893,1.0,1.0,1.0,1.0,Dipping
4243,116,181,19,NearestCentroid,POW4,0.4629371523075918,0.004618732669426,2.7277037914507678e-05,43,0.9,43,5,893,2.0,2.0,2.0,2.0,Dipping
4244,136,92,19,NearestCentroid,LC-PFN,4.198617488145828,0.0397941917181015,0.0015879936981946,72,0.9,72,9,904,4.0,4.0,4.0,4.0,Dipping
4245,136,92,19,NearestCentroid,MMF4,0.0141635083890824,0.0001398772813021,2.2832833601412166e-08,72,0.9,72,9,904,1.0,1.0,1.0,1.0,Dipping
4246,136,92,19,NearestCentroid,WBL4,0.4984088012979671,0.0049473747175445,2.4495925427242123e-05,72,0.9,72,9,904,3.0,3.0,3.0,3.0,Dipping
4247,136,92,19,NearestCentroid,POW4,0.4984088011374227,0.0049473747159429,2.449592541137877e-05,72,0.9,72,9,904,2.0,2.0,2.0,2.0,Dipping
4248,135,236,17,GaussianNB,LC-PFN,0.1918956520967185,0.0027476649265736,1.048113790602656e-05,49,0.9,49,6,908,2.0,2.0,2.0,2.0,Dipping
4249,135,236,17,GaussianNB,MMF4,0.2569324889522132,0.0036978532248111,1.4281978423578606e-05,49,0.9,49,6,908,3.0,3.0,3.0,3.0,Dipping
4250,135,236,17,GaussianNB,WBL4,0.1160185632880536,0.0016671769955649,3.413308468387024e-06,49,0.9,49,6,908,1.0,1.0,1.0,1.0,Dipping
4251,135,236,17,GaussianNB,POW4,2.164208685697868,0.0317600549587081,0.0010104685846664,49,0.9,49,6,908,4.0,4.0,4.0,4.0,Dipping
4252,132,165,19,NearestCentroid,LC-PFN,0.915816891938448,0.0130103062838315,0.0001709748903522,119,0.9,119,14,909,1.0,1.0,1.0,1.0,Dipping
4253,132,165,19,NearestCentroid,MMF4,0.9695419188338652,0.0135151155014763,0.0001826857263967,119,0.9,119,14,909,2.0,2.0,2.0,2.0,Dipping
4254,132,165,19,NearestCentroid,WBL4,1.0571985579646992,0.0147242374532876,0.0002168305478461,119,0.9,119,14,909,3.0,3.0,3.0,3.0,Dipping
4255,132,165,19,NearestCentroid,POW4,1.4377109486097337,0.0205378193424754,0.0004318900449987,119,0.9,119,14,909,4.0,4.0,4.0,4.0,Dipping
4256,141,259,19,NearestCentroid,LC-PFN,1.7059102654457092,0.0191522389650344,0.000369338056771,63,0.9,63,8,911,4.0,4.0,4.0,4.0,Dipping
4257,141,259,19,NearestCentroid,MMF4,0.2705844087550897,0.0030819859040009,9.59543721174068e-06,63,0.9,63,8,911,1.0,1.0,1.0,1.0,Dipping
4258,141,259,19,NearestCentroid,WBL4,0.2942706725092301,0.003350989427771,1.1365519782279943e-05,63,0.9,63,8,911,3.0,3.0,3.0,3.0,Dipping
4259,141,259,19,NearestCentroid,POW4,0.2725272373092166,0.0031040542881265,9.732629770711282e-06,63,0.9,63,8,911,2.0,2.0,2.0,2.0,Dipping
4260,139,208,19,NearestCentroid,LC-PFN,7.220736145973206,0.0570788159966468,0.0032601286657154,90,0.9,90,10,913,4.0,4.0,4.0,4.0,Dipping
4261,139,208,19,NearestCentroid,MMF4,0.3736842428029826,0.0031636057907401,1.5295837443831795e-05,90,0.9,90,10,913,1.0,1.0,1.0,1.0,Dipping
4262,139,208,19,NearestCentroid,WBL4,0.7345066743676523,0.0061884657015387,4.5762319253775536e-05,90,0.9,90,10,913,2.0,2.0,2.0,2.0,Dipping
4263,139,208,19,NearestCentroid,POW4,1.8086449173766528,0.0156291630892095,0.0002530307823282,90,0.9,90,10,913,3.0,3.0,3.0,3.0,Dipping
4264,145,122,17,GaussianNB,LC-PFN,0.0907699461095035,0.0017682239413261,3.243058472435223e-06,72,0.9,72,8,914,2.0,2.0,2.0,2.0,Dipping
4265,145,122,17,GaussianNB,MMF4,0.0415203295987902,0.0008078073993505,7.229971034100818e-07,72,0.9,72,8,914,1.0,1.0,1.0,1.0,Dipping
4266,145,122,17,GaussianNB,WBL4,0.105615605133645,0.0020534568308628,4.284701931525757e-06,72,0.9,72,8,914,3.0,3.0,3.0,3.0,Dipping
4267,145,122,17,GaussianNB,POW4,0.1217534393391802,0.002372570785701,5.903588651864209e-06,72,0.9,72,8,914,4.0,4.0,4.0,4.0,Dipping
4268,155,224,12,LDA,LC-PFN,0.8513459004461765,0.0167539212852716,0.0002806983247864,58,0.9,58,7,926,4.0,4.0,4.0,4.0,Dipping
4269,155,224,12,LDA,MMF4,0.077937049154089,0.0015456036090228,2.391990279489744e-06,58,0.9,58,7,926,1.0,1.0,1.0,1.0,Dipping
4270,155,224,12,LDA,WBL4,0.0794404042388262,0.0015753936038808,2.484964770414052e-06,58,0.9,58,7,926,2.0,2.0,2.0,2.0,Dipping
4271,155,224,12,LDA,POW4,0.1100433689551538,0.0021864281259006,4.800163461284192e-06,58,0.9,58,7,926,3.0,3.0,3.0,3.0,Dipping
4272,156,62,13,QDA,LC-PFN,17.466790974140167,0.0534275583922863,0.0028946492820978,38,0.9,38,5,929,4.0,4.0,4.0,4.0,Dipping
4273,156,62,13,QDA,MMF4,1.368754011991255,0.0048981903942312,4.216293841613582e-05,38,0.9,38,5,929,1.0,1.0,1.0,1.0,Dipping
4274,156,62,13,QDA,WBL4,1.4169976814627971,0.005072443644637,4.416477251269712e-05,38,0.9,38,5,929,2.0,2.0,2.0,2.0,Dipping
4275,156,62,13,QDA,POW4,1.5767251511370854,0.0056536391885228,5.065150547163269e-05,38,0.9,38,5,929,3.0,3.0,3.0,3.0,Dipping
4276,161,54,19,NearestCentroid,LC-PFN,0.1242844969965517,0.001713236211799,3.668656063382514e-06,53,0.9,53,6,933,1.0,1.0,1.0,1.0,Dipping
4277,161,54,19,NearestCentroid,MMF4,0.2769932560954713,0.0038199801004025,1.8308768218054235e-05,53,0.9,53,6,933,2.0,2.0,2.0,2.0,Dipping
4278,161,54,19,NearestCentroid,WBL4,0.6323573692394007,0.0086838627740914,8.326014846004633e-05,53,0.9,53,6,933,3.0,3.0,3.0,3.0,Dipping
4279,161,54,19,NearestCentroid,POW4,1.8961529714362169,0.0266948639562172,0.000713616983929,53,0.9,53,6,933,4.0,4.0,4.0,4.0,Dipping
4280,171,99,13,QDA,LC-PFN,0.1788971363566815,0.0027801990509033,9.109511665883474e-06,41,0.9,41,5,939,1.0,1.0,1.0,1.0,Dipping
4281,171,99,13,QDA,MMF4,1.720633199862277,0.0263047025677707,0.0007003033620951,41,0.9,41,5,939,3.0,3.0,3.0,3.0,Dipping
4282,171,99,13,QDA,WBL4,1.9748375004233925,0.0301159040061513,0.0009197519817588,41,0.9,41,5,939,4.0,4.0,4.0,4.0,Dipping
4283,171,99,13,QDA,POW4,0.6385056746876826,0.0098286163762143,0.0001397996501366,41,0.9,41,5,939,2.0,2.0,2.0,2.0,Dipping
4284,170,228,13,QDA,LC-PFN,60.67320108413696,0.6267117261886597,0.4177272319793701,40,0.9,40,5,940,4.0,4.0,4.0,4.0,Dipping
4285,170,228,13,QDA,MMF4,33.0111537617929,0.420232293264209,0.2030848447982175,40,0.9,40,5,940,2.0,2.0,2.0,2.0,Dipping
4286,170,228,13,QDA,WBL4,33.35175330192238,0.4233501066564019,0.2058576800396291,40,0.9,40,5,940,3.0,3.0,3.0,3.0,Dipping
4287,170,228,13,QDA,POW4,31.35147379765414,0.4048120674406401,0.1896876505221397,40,0.9,40,5,940,1.0,1.0,1.0,1.0,Dipping
4288,175,155,19,NearestCentroid,LC-PFN,0.2179968636482954,0.0030098930001258,1.3795533050142694e-05,72,0.9,72,8,941,1.0,1.0,3.0,1.6666666666666667,Dipping
4289,175,155,19,NearestCentroid,MMF4,0.2649792079489726,0.0036800734648161,1.3580258038937638e-05,72,0.9,72,8,941,3.0,3.0,2.0,2.6666666666666665,Dipping
4290,175,155,19,NearestCentroid,WBL4,0.245184933269473,0.0034044897216206,1.1627867593098911e-05,72,0.9,72,8,941,2.0,2.0,1.0,1.6666666666666667,Dipping
4291,175,155,19,NearestCentroid,POW4,0.5136759818922134,0.0071518740612657,5.119340887351082e-05,72,0.9,72,8,941,4.0,4.0,4.0,4.0,Dipping
4292,174,159,13,QDA,LC-PFN,0.3727753879502415,0.0061907269991934,4.216760862618685e-05,45,0.9,45,6,943,2.0,2.0,1.0,1.6666666666666667,Dipping
4293,174,159,13,QDA,MMF4,1.145268069741603,0.01920156038527,0.0003863557189106,45,0.9,45,6,943,4.0,4.0,4.0,4.0,Dipping
4294,174,159,13,QDA,WBL4,0.3553511253863811,0.0058966304134664,4.428512504982423e-05,45,0.9,45,6,943,1.0,1.0,2.0,1.3333333333333333,Dipping
4295,174,159,13,QDA,POW4,0.5357492768705469,0.0089525203252591,0.00011693242943,45,0.9,45,6,943,3.0,3.0,3.0,3.0,Dipping
4296,192,145,13,QDA,LC-PFN,0.7377129048109055,0.0128909470513463,0.0002443019184283,42,0.9,42,5,958,1.0,1.0,1.0,1.0,Dipping
4297,192,145,13,QDA,MMF4,1.6019394027541565,0.0283314424883251,0.0010945822288713,42,0.9,42,5,958,2.0,2.0,2.0,2.0,Dipping
4298,192,145,13,QDA,WBL4,2.619610307518592,0.0469234564749454,0.002494585167556,42,0.9,42,5,958,3.0,3.0,3.0,3.0,Dipping
4299,192,145,13,QDA,POW4,3.2229936683926472,0.0581313842437048,0.0036664667384584,42,0.9,42,5,958,4.0,4.0,4.0,4.0,Dipping
4300,197,132,19,NearestCentroid,LC-PFN,0.13578716898337,0.002368040382862,8.278954737761524e-06,65,0.9,65,8,963,3.0,3.0,3.0,3.0,Dipping
4301,197,132,19,NearestCentroid,MMF4,0.527691672925739,0.0092721115876639,9.287877252822385e-05,65,0.9,65,8,963,4.0,4.0,4.0,4.0,Dipping
4302,197,132,19,NearestCentroid,WBL4,0.0511728268221187,0.0008935937269264,8.16033470871452e-07,65,0.9,65,8,963,2.0,2.0,2.0,2.0,Dipping
4303,197,132,19,NearestCentroid,POW4,0.0253637312229374,0.0004430276649702,2.1376916039525145e-07,65,0.9,65,8,963,1.0,1.0,1.0,1.0,Dipping
4304,199,209,12,LDA,LC-PFN,0.6122332066297531,0.0089754909276962,0.0001134963677031,35,0.9,35,4,965,1.0,1.0,1.0,1.0,Dipping
4305,199,209,12,LDA,MMF4,1.4536940391768578,0.0210903234115105,0.0005807759490131,35,0.9,35,4,965,2.0,2.0,2.0,2.0,Dipping
4306,199,209,12,LDA,WBL4,1.809937467612612,0.0261417716985783,0.0008422355224232,35,0.9,35,4,965,4.0,4.0,4.0,4.0,Dipping
4307,199,209,12,LDA,POW4,1.636430152880671,0.0236503202525656,0.0005909143250795,35,0.9,35,4,965,3.0,3.0,3.0,3.0,Dipping
4308,43,66,12,LDA,LC-PFN,1.8981099128723145,0.0236510038375854,0.0005795311881229,41,0.9,41,5,966,2.0,2.0,2.0,2.0,Dipping
4309,43,66,12,LDA,MMF4,2.810100155764049,0.0346893007262354,0.001225481641489,41,0.9,41,5,966,4.0,4.0,4.0,4.0,Dipping
4310,43,66,12,LDA,WBL4,2.448089263810397,0.0303391485299741,0.0009740026989559,41,0.9,41,5,966,3.0,3.0,3.0,3.0,Dipping
4311,43,66,12,LDA,POW4,0.3981678785009364,0.0050279344699746,3.140418971834272e-05,41,0.9,41,5,966,1.0,1.0,1.0,1.0,Dipping
4312,33,5,3,SVC_sigmoid,LC-PFN,9.947451204061508,0.0456956140697002,0.0027642527129501,48,0.9,48,6,967,2.0,2.0,2.0,2.0,Dipping
4313,33,5,3,SVC_sigmoid,MMF4,20.944684890754548,0.1316434677288146,0.0208855237186133,48,0.9,48,6,967,4.0,4.0,4.0,4.0,Dipping
4314,33,5,3,SVC_sigmoid,WBL4,5.167976849034139,0.025477392561533,0.0012566805474359,48,0.9,48,6,967,1.0,1.0,1.0,1.0,Dipping
4315,33,5,3,SVC_sigmoid,POW4,10.329481226068618,0.0557196163457206,0.0044615840868697,48,0.9,48,6,967,3.0,3.0,3.0,3.0,Dipping
4316,165,190,3,SVC_sigmoid,LC-PFN,3.709749504923821,0.0310627948492765,0.0011136452667415,58,0.9,58,7,968,4.0,4.0,4.0,4.0,Dipping
4317,165,190,3,SVC_sigmoid,MMF4,1.5832107516090417,0.0137900144273948,0.0002616274688174,58,0.9,58,7,968,1.0,1.0,1.0,1.0,Dipping
4318,165,190,3,SVC_sigmoid,WBL4,1.6338075911058685,0.0142404498205438,0.0002771551558118,58,0.9,58,7,968,3.0,3.0,3.0,3.0,Dipping
4319,165,190,3,SVC_sigmoid,POW4,1.6134212648636186,0.0140588992859853,0.0002703181134735,58,0.9,58,7,968,2.0,2.0,2.0,2.0,Dipping
